{"type":"FeatureCollection","features":[{"type":"Feature","properties":{"id":"history","name":"구미시 실제 침수흔적","riskLevel":"실제 침수이력","note":"2012·2018년 공식 등록 24건","color":"#dc2626","datasetType":"history","defaultEnabled":true,"featureCount":24,"availableYears":[2012,2018],"disasterNames":["16호태풍산바","2018년 국지성 집중호우"]},"geometry":{"type":"MultiPolygon","coordinates":[[[[128.28337506906374,36.19572950167554],[128.28343074774187,36.19547026928515],[128.28360357279942,36.195497755512356],[128.28353892737795,36.195328875062636],[128.2833387944449,36.195193398979],[128.28075528002208,36.19473704306517],[128.28029616428202,36.19537573320837],[128.27986051042075,36.195653562789126],[128.27977388762514,36.19600015600645],[128.27986789515538,36.19680920425457],[128.27974475750173,36.19729412406593],[128.27974945313227,36.19756013407606],[128.2796322096576,36.197712862172516],[128.27907655763423,36.199289523487984],[128.27919192959388,36.19994866464239],[128.2793757852049,36.20053541867923],[128.279874466523,36.201216833901015],[128.2826681234243,36.20257619141217],[128.28385083669008,36.20327923733216],[128.28454081462434,36.203875850139404],[128.2852707742075,36.20476308308011],[128.28568471993052,36.20549199112406],[128.28606765231277,36.20650473129498],[128.2863544265027,36.20665603117841],[128.28678558917025,36.2065221580403],[128.28716117425336,36.20687938182383],[128.2873483237862,36.20686034896915],[128.28796104475012,36.2057966782448],[128.28863272858075,36.204936291117846],[128.2890005944532,36.20465083781517],[128.29029587346471,36.20409540813078],[128.29061595264446,36.20291335544602],[128.29083482009818,36.20162037730056],[128.29009580296727,36.20123283500592],[128.28986147473677,36.201043095174505],[128.28978503668768,36.2006986702672],[128.2895154743524,36.20016409401566],[128.28910798288547,36.19988174655401],[128.28704180442506,36.198865272491325],[128.2854956567741,36.1988231800991],[128.28522695807823,36.198764558179704],[128.28406875989674,36.198086645377884],[128.28381222991447,36.19778042395429],[128.2837585736171,36.19758653877547],[128.28365457091357,36.195831578921236],[128.28337506906374,36.19572950167554]],[[128.28144846359805,36.19541363696141],[128.28143000019702,36.19549221667037],[128.281404831618,36.19559750317606],[128.28130581895164,36.19600605730412],[128.28144846359805,36.19541363696141]]],[[[128.27928505081036,36.19740254764301],[128.27862060659783,36.19688633215358],[128.27755780037802,36.19667202697325],[128.2767495398312,36.19675868674514],[128.27628546538807,36.197058095755374],[128.27617396877494,36.19699561822713],[128.2757587654186,36.197483512263794],[128.2758523892829,36.197553903442326],[128.27575100168744,36.19761170288713],[128.27355688710193,36.19837180495103],[128.2730713611818,36.19903400333228],[128.27292647893083,36.19912230091917],[128.27292245295843,36.199205073806],[128.27251276909107,36.19933382700741],[128.27161637368278,36.19942391412571],[128.27017116441482,36.19983073567683],[128.2689682251582,36.200507823803086],[128.2684508294426,36.20067956167533],[128.26753565669097,36.20074961291142],[128.26559033520903,36.20111167134475],[128.2647159474562,36.20120790304778],[128.2648779303459,36.20133418968978],[128.26492200663358,36.20147192829341],[128.26474062966844,36.20154907542604],[128.26409263916213,36.2016173361001],[128.26378308289887,36.20161351598075],[128.26378772607137,36.20121005098243],[128.26289360661673,36.2012791354506],[128.26221895040365,36.201181485117345],[128.26184948971886,36.201198785003],[128.26183406355864,36.20125041791377],[128.26084321614178,36.20116067984807],[128.26079543927932,36.201276814296484],[128.26273925080827,36.20251216776962],[128.26619351723153,36.2030769545932],[128.2669490004591,36.20313289655641],[128.2672765121989,36.20306904281637],[128.26798066488445,36.202554400465765],[128.26866064002414,36.20256898292596],[128.26866950412776,36.20261764607159],[128.2689076665242,36.20251830824769],[128.2698898291358,36.202344441445476],[128.2701069029297,36.20245877093288],[128.26960094633665,36.202539247695974],[128.26974266389112,36.20261056763067],[128.2710012020914,36.202322156598164],[128.2749274738879,36.20123355214981],[128.27592186283732,36.201036051882674],[128.27732328879148,36.20094657427429],[128.2783032762503,36.20097253196895],[128.27834569492077,36.200858913763945],[128.2784964338029,36.20084462936458],[128.2783468432498,36.19999222277892],[128.27840301531955,36.19961897196194],[128.27921791898154,36.198171179004675],[128.27928505081036,36.19740254764301]]],[[[128.2348468071708,36.201271848797674],[128.23467978431287,36.201723578167616],[128.23458402723813,36.201780792646204],[128.23478768878866,36.202015987915104],[128.23448858331517,36.20293977424066],[128.2342340240857,36.20331439123109],[128.23472952503533,36.203773010658125],[128.23489981046393,36.20404041522785],[128.23496185372025,36.20434632918739],[128.23491872709198,36.204718705048826],[128.2351258152383,36.205096226434435],[128.23532425865864,36.20528157040549],[128.235197162744,36.205665056195805],[128.23728817946386,36.206553907288075],[128.23876802008593,36.20700085090858],[128.23920097690467,36.20701117049217],[128.2406137533015,36.20684906507631],[128.24170310041796,36.205966787992196],[128.24208003101293,36.20551084498392],[128.24253858931874,36.20540548122842],[128.24380087147617,36.205277745250356],[128.245571486593,36.20494399095497],[128.24587011645437,36.20445613600623],[128.24377151860475,36.20366573179724],[128.242520829251,36.2031172751139],[128.24119764982976,36.202766513105395],[128.24031774346741,36.20261085106226],[128.2393005190039,36.20214909939362],[128.23863363317852,36.201643326936335],[128.23824453677958,36.20148491339606],[128.2372397646664,36.20122632777447],[128.2365348923854,36.20114240758526],[128.23577700390604,36.201105890365206],[128.2351003415411,36.201161467707855],[128.2348468071708,36.201271848797674]]],[[[128.37181987746646,36.10349756300182],[128.37182076226387,36.10339706296246],[128.37155437510572,36.10339453118568],[128.37157417359728,36.10218586103098],[128.37145628548708,36.10218552940094],[128.36939438416985,36.10312156608813],[128.36938415951744,36.104270509296335],[128.37103162500344,36.10428360463793],[128.3710372073484,36.103493614468015],[128.37181987746646,36.10349756300182]]],[[[128.42266064024275,36.10826318681005],[128.42001949678976,36.106002063907916],[128.41989322898974,36.10609951926668],[128.42244666726523,36.10824593999121],[128.42266064024275,36.10826318681005]]],[[[128.41794946584406,36.10809324183023],[128.41910929765322,36.10680805478171],[128.41881489256417,36.106625229896984],[128.41766597985364,36.1079128115561],[128.41794946584406,36.10809324183023]]],[[[128.339147648202,36.130162806598335],[128.33882488300387,36.129642899703484],[128.33837893355562,36.12982586126833],[128.3382896214358,36.129768763139126],[128.33798321906136,36.12982781540896],[128.33788412263252,36.12975990287556],[128.33737508247972,36.1296990094253],[128.33711735566212,36.129802010294064],[128.33693019612383,36.1303577901497],[128.3365983973648,36.13059305115681],[128.33622733743445,36.13108915084135],[128.33630537282644,36.131268804137356],[128.3362764618435,36.131377282465756],[128.33649717400561,36.131584592269576],[128.33890783431397,36.13018453323012],[128.33893885962297,36.130233845912294],[128.339147648202,36.130162806598335]]],[[[128.33420078995482,36.13566003115094],[128.33412299398276,36.13603063539058],[128.3342492296967,36.135907821364356],[128.3342527575147,36.13568662536748],[128.3348024805368,36.13535394942997],[128.33456284787852,36.135079122006026],[128.3341055805919,36.13527028575253],[128.33357500287835,36.13533221490927],[128.33371131160104,36.1356600585898],[128.33420078995482,36.13566003115094]]],[[[128.33032184351765,36.13595940782485],[128.33027092725888,36.1354716878461],[128.329922654816,36.13542017932953],[128.32864199399742,36.13546524358165],[128.32832790308623,36.13589552570569],[128.32909155380628,36.135871815180735],[128.32914375654235,36.13634873888028],[128.32882024605877,36.13653811893919],[128.32879969658103,36.13687614662159],[128.32917554400453,36.136777053722945],[128.32918694375215,36.13693062597844],[128.3289012471165,36.137006812445186],[128.32900344676474,36.137250391262185],[128.33026484853812,36.13744299457068],[128.33061721162858,36.137423564462516],[128.3307546641249,36.13764405390379],[128.3308792657692,36.13767374289602],[128.33090804504567,36.13759740149035],[128.33084581835965,36.13757920096184],[128.33080106950064,36.13738298728816],[128.33111579707574,36.137369374800436],[128.33111902760885,36.13727428180245],[128.33080282027134,36.137247755173874],[128.33051038141744,36.13644960298827],[128.33031355209545,36.13616603176234],[128.33015769998835,36.13617495195632],[128.33012586011583,36.13596920120467],[128.33032184351765,36.13595940782485]]]]}},{"type":"Feature","properties":{"id":"river","name":"50년 빈도 지방하천 하천범람구역","riskLevel":"50년 빈도 예상","note":"지방하천 하천범람 시뮬레이션 · 선택 레이어","color":"#2563eb","datasetType":"scenario","defaultEnabled":false},"geometry":{"type":"MultiPolygon","coordinates":[[[[128.52837524725808,36.170005189860674],[128.527464881377,36.17297548832419],[128.52818445772607,36.17273075943108],[128.52865719523348,36.1718382923165],[128.52837524725808,36.170005189860674]]],[[[128.52698796006678,36.170103994494816],[128.52778384354312,36.17079101370746],[128.5276400348808,36.16979508588202],[128.52698796006678,36.170103994494816]]],[[[128.52659697692107,36.17401078749598],[128.52587045194804,36.174519991012225],[128.52599779834048,36.17520789246263],[128.5274405600974,36.17509937938694],[128.52659697692107,36.17401078749598]]],[[[128.52543832969337,36.17411003979218],[128.52488528842608,36.1740055721633],[128.52504475274174,36.17441304728425],[128.52543832969337,36.17411003979218]]],[[[128.52421145693438,36.16643488541495],[128.52395610232372,36.16677247705733],[128.52435248126602,36.166610799554086],[128.52490389348267,36.1675027041056],[128.52472894567163,36.1667758170299],[128.52325199053737,36.16560281889163],[128.52421145693438,36.16643488541495]]],[[[128.50886763509425,36.15498803889216],[128.5083745569142,36.155129188236295],[128.50931996100263,36.15490891951437],[128.50838600479443,36.15471043927532],[128.50886763509425,36.15498803889216]]],[[[128.50799470806956,36.15501179474546],[128.50834865243775,36.15466326914029],[128.50602051800118,36.15432577768999],[128.50799470806956,36.15501179474546]]],[[[128.5053676635366,36.15303139037626],[128.50411404187764,36.15371530616755],[128.50624680665865,36.1542638723381],[128.50460375487043,36.153461258820876],[128.5053676635366,36.15303139037626]]],[[[128.50202373804515,36.15247865130835],[128.50161736032322,36.1527270500124],[128.5023619302914,36.15342222963123],[128.50392956661733,36.15365574066645],[128.5048832713631,36.15322802521149],[128.50393700514283,36.152567464456155],[128.50330818852873,36.152870714496096],[128.50281060708406,36.152226358197225],[128.50318038488894,36.15292515187864],[128.50280143014294,36.15313481605898],[128.50202373804515,36.15247865130835]]],[[[128.50111020746675,36.151769215488905],[128.50140945701446,36.15256419608608],[128.5018463450085,36.152498898933565],[128.50111020746675,36.151769215488905]]],[[[128.50077512503256,36.11442098385341],[128.4991730487285,36.11495523567877],[128.5001675716915,36.11517652540902],[128.50045050813506,36.11488045139601],[128.5000092381132,36.114703967647],[128.50077512503256,36.11442098385341]]],[[[128.490256718101,36.14054814417719],[128.49058233537232,36.14207855914307],[128.49166188199,36.14251220574054],[128.49179752843025,36.14054053539613],[128.49222850886503,36.13977425240992],[128.4932052521345,36.13980651212911],[128.49336551337822,36.13917343566663],[128.49337865014596,36.139556630112786],[128.4944682142138,36.13967168835003],[128.49438243389812,36.140314229458596],[128.4945532322154,36.139397796890115],[128.49571205342318,36.13925307942821],[128.49438799771423,36.13888622142771],[128.49978809746528,36.139521580739064],[128.4935049353963,36.138599869192404],[128.49327159559598,36.137593811978505],[128.49252691134092,36.13766965465883],[128.4924942737713,36.13685528778936],[128.492341000253,36.13829701401828],[128.49280831024768,36.138532330070035],[128.49237704569893,36.13844005636768],[128.490256718101,36.14054814417719]]],[[[128.498908693701,36.112907739974865],[128.49818584460382,36.11316155447917],[128.49879290803054,36.11321812664171],[128.4989266170591,36.113970544504035],[128.49958884776606,36.11358472602851],[128.4990029072922,36.11372422773288],[128.498908693701,36.112907739974865]]],[[[128.49733332019147,36.11755073435134],[128.49686256532945,36.11992529126772],[128.49808697482646,36.119951703638726],[128.4975973818986,36.11960616040996],[128.49845698187846,36.11925298317455],[128.49797598354922,36.11913587456679],[128.49831496427828,36.118198371424846],[128.49744967003494,36.11763495230383],[128.4979644098635,36.117294700541144],[128.49733332019147,36.11755073435134]]],[[[128.4980153785503,36.115604460459814],[128.4975982783357,36.115635508707506],[128.4976871721137,36.11633799799934],[128.4980153785503,36.115604460459814]]],[[[128.4972393434698,36.15247884954078],[128.49616734158465,36.15227020305259],[128.4958934686719,36.15291868689357],[128.4972393434698,36.15247884954078]]],[[[128.49561281316957,36.153347048872334],[128.49391153446192,36.15407088042489],[128.49401121908053,36.15357934240889],[128.493736825457,36.15399732774104],[128.49441190964734,36.15441635071014],[128.49396942785245,36.1540882089681],[128.49559395957013,36.153838727272245],[128.49561281316957,36.153347048872334]]],[[[128.49248615637416,36.13349421333506],[128.49343711757126,36.134142705051545],[128.4935304558405,36.13413340919204],[128.49248615637416,36.13349421333506]]],[[[128.49385985337358,36.15288979516943],[128.4939660649421,36.15292871148903],[128.4942248572225,36.1524813658669],[128.49357044170537,36.15207552344672],[128.49385985337358,36.15288979516943]]],[[[128.49101191563068,36.15171352047739],[128.4911505270463,36.15155124620876],[128.49277338393466,36.152589664668064],[128.49267270000362,36.151788272372656],[128.49147436748606,36.151321550449914],[128.491818627976,36.150814965617165],[128.49119169695166,36.150734323527956],[128.4901737866596,36.14944721882353],[128.49101191563068,36.15171352047739]]],[[[128.4882827294622,36.133524988592974],[128.4890191058825,36.132843510230465],[128.49004059239752,36.13312457525536],[128.49202319804945,36.13271311721894],[128.49244192427835,36.131911521682234],[128.49175468326706,36.13132831912998],[128.49013609134667,36.13140584664185],[128.48707289955186,36.13272546442564],[128.48685561846457,36.13357326518932],[128.4882827294622,36.133524988592974]]],[[[128.49094887403191,36.146305471116285],[128.49106917081724,36.147438404408575],[128.49187741407812,36.146828426632204],[128.49161307731092,36.145206900199675],[128.49206655833842,36.14418671345475],[128.49094887403191,36.146305471116285]]],[[[128.49198850420294,36.13756888109716],[128.4914004402837,36.13764629396122],[128.49140901680283,36.1384816628033],[128.49198850420294,36.13756888109716]]],[[[128.49154156887485,36.149533750774346],[128.49116227116716,36.148063774910334],[128.49077247972753,36.14801964800774],[128.49154156887485,36.149533750774346]]],[[[128.49112589682335,36.12994033147176],[128.49044631526047,36.13079837310601],[128.49140336314898,36.13065809589372],[128.49112589682335,36.12994033147176]]],[[[128.48992006947574,36.14258807506358],[128.48949119830255,36.142821411725805],[128.49005091643718,36.14399571856193],[128.49051547437654,36.144083799525],[128.4906753865678,36.1453922946621],[128.4912952883465,36.14347588806023],[128.48992006947574,36.14258807506358]]],[[[128.48970548135247,36.1350697515294],[128.48943181499698,36.135566817914665],[128.4901494741374,36.135654249697836],[128.4901015159833,36.13634072260294],[128.4911863010042,36.13642102280963],[128.49011212805888,36.1362903557739],[128.4907158946621,36.13600387503168],[128.49015448782737,36.135457861501024],[128.48949854173696,36.135560030369795],[128.4901080813292,36.13541793890965],[128.48970548135247,36.1350697515294]]],[[[128.48776778232323,36.13151727913615],[128.48874245296597,36.130879102894525],[128.488719225014,36.12998061395571],[128.49029230236823,36.129066651380406],[128.4891104815023,36.12897194603664],[128.48879279576258,36.12941046653067],[128.4893152692166,36.12950793792785],[128.4888160499412,36.12990415263149],[128.48859049309993,36.129318288808236],[128.48776778232323,36.13151727913615]]],[[[128.48067627559047,36.12882384155364],[128.481020346336,36.12927743439225],[128.4805034218618,36.12901913892688],[128.4845062589592,36.13200887369771],[128.4853451788015,36.13177130421636],[128.4852836416095,36.132233065105346],[128.48690985321164,36.131886937920854],[128.4882513116818,36.129558502903606],[128.48704823214834,36.13000465238776],[128.4858755448884,36.12971372878305],[128.48590245149367,36.13029795980898],[128.48577764431914,36.1297073798053],[128.4849428665692,36.129279840470346],[128.48067627559047,36.12882384155364]]],[[[128.48290232981293,36.13253987695917],[128.4823732267718,36.13334842527337],[128.48357656928818,36.13354078152247],[128.48401667922997,36.13412539087899],[128.4854181910241,36.13419796401413],[128.48641422721732,36.13284848352443],[128.48519429525626,36.13327137019852],[128.48290232981293,36.13253987695917]]],[[[128.4808966429756,36.227156033434014],[128.4850695188155,36.23021312522543],[128.48456719196548,36.23305784683141],[128.484891998376,36.233578816726],[128.48548129060876,36.23062044933973],[128.4824227882052,36.22744285508593],[128.48067834379404,36.226516368808156],[128.4808966429756,36.227156033434014]]],[[[128.4761762405367,36.13015929107161],[128.47822505977922,36.13013764053612],[128.4819189367687,36.131047177502126],[128.47889651889272,36.13018678810597],[128.47849689934807,36.12969553213261],[128.47809284308204,36.13009232129286],[128.4761762405367,36.13015929107161]]],[[[128.4799204348583,36.22439418862063],[128.48022131099603,36.22261379406563],[128.47985481846746,36.22208699058253],[128.4799204348583,36.22439418862063]]],[[[128.4778109570968,36.22211546102745],[128.47854749093185,36.222167586075386],[128.47789541766454,36.22268014631249],[128.47920948116703,36.22442852612442],[128.47916563833874,36.22236590948958],[128.47758211211487,36.21976422751791],[128.4778109570968,36.22211546102745]]],[[[128.4791855116609,36.22064665895289],[128.47846770938818,36.21874233853261],[128.47805246530797,36.2190891691621],[128.4791855116609,36.22064665895289]]],[[[128.47748530461791,36.1268216280491],[128.4782197897911,36.128618483006406],[128.47777234682673,36.126727974299385],[128.4789120887145,36.12502810245278],[128.47748530461791,36.1268216280491]]],[[[128.4774300626766,36.21728669545373],[128.47733286839429,36.21664087740952],[128.47689517756646,36.21666127938493],[128.4774300626766,36.21728669545373]]],[[[128.4738749937935,36.1273977755004],[128.4731350084295,36.12795729093733],[128.4756150996256,36.12807532086034],[128.47695803845093,36.12772925414311],[128.4765555180128,36.12699529701838],[128.4773506488452,36.126689801604606],[128.47444114775814,36.12686066223243],[128.4746496872048,36.1275778885164],[128.4738749937935,36.1273977755004]]],[[[128.4707533931301,36.130471934398855],[128.47185745921075,36.13063657571618],[128.47199980781065,36.13014673489902],[128.47142477169362,36.130023138672364],[128.47228146480384,36.12950364707503],[128.47129689261115,36.12971832801851],[128.4712791685212,36.13029366278263],[128.4707533931301,36.130471934398855]]],[[[128.47187591655666,36.130639328125476],[128.4729993882679,36.130806863262876],[128.47268333625252,36.13107737336719],[128.4746615551203,36.13084840360196],[128.47477255134083,36.13024614922085],[128.47610647123233,36.13002625871144],[128.47486414444822,36.129600896742474],[128.47255642668463,36.12967990143496],[128.47207444536303,36.13031252518323],[128.47298207087604,36.130139163156116],[128.47187591655666,36.130639328125476]],[[128.47454443065783,36.13052544173177],[128.47371258183793,36.13027908559342],[128.47475271873137,36.12978395660869],[128.47454443065783,36.13052544173177]]],[[[128.4759746493842,36.21084766735023],[128.4751104391008,36.20953109941219],[128.47538937121558,36.20930179410579],[128.47381354457386,36.208253872423214],[128.4722955653687,36.20821204390512],[128.4759746493842,36.21084766735023]]],[[[128.47437035129147,36.21233966022433],[128.47551667014116,36.212925075450926],[128.47544654207908,36.21117216286032],[128.4741681601206,36.2098616471294],[128.47437035129147,36.21233966022433]]],[[[128.47284081616883,36.19128078709732],[128.47435832737105,36.19121116031293],[128.47469894635998,36.190602418566606],[128.47284081616883,36.19128078709732]]],[[[128.47429674933912,36.191625996615954],[128.47276541331726,36.19164605938967],[128.472276488721,36.1922739762661],[128.47203707699512,36.19316271176116],[128.47277093983638,36.194410838295596],[128.47262224530883,36.19215988369385],[128.47429674933912,36.191625996615954]]],[[[128.4718563604438,36.20993692927826],[128.47284019991895,36.20914317600653],[128.47200731595817,36.20895561945804],[128.4718563604438,36.20993692927826]]],[[[128.4713650364445,36.195512882481104],[128.47235068303792,36.19513161796164],[128.47224603785673,36.19414267246913],[128.4713650364445,36.195512882481104]]],[[[128.47169201176763,36.192982784569566],[128.47128494636075,36.193305798591304],[128.47187553085257,36.19430672358646],[128.47169201176763,36.192982784569566]]],[[[128.4710790889009,36.2009434559186],[128.4703400252394,36.20148646685217],[128.4711225965147,36.20246101038642],[128.4710790889009,36.2009434559186]]],[[[128.4684801338519,36.20091953064275],[128.46960273815415,36.201160637064426],[128.4696458713688,36.20039709129589],[128.4684801338519,36.20091953064275]]],[[[128.46790629752115,36.13076919286892],[128.46856328752096,36.131186672431454],[128.46825676833004,36.13057173588541],[128.46790629752115,36.13076919286892]]],[[[128.4579775863892,36.13027771504568],[128.45910831227832,36.130153573874615],[128.4592833453646,36.130607560595664],[128.4594217248788,36.13005363209752],[128.46188342247626,36.13004987604386],[128.46077520293932,36.13047786743567],[128.4635201437719,36.13046887445109],[128.46485945310275,36.13025727233712],[128.46494389069568,36.12889978858019],[128.46533538730992,36.129607911985254],[128.465505946857,36.128924253392725],[128.4661226636301,36.12975720962875],[128.4654069775,36.13017300434618],[128.46732433113795,36.12962454772792],[128.4672415757203,36.1290742155184],[128.4681020417347,36.12890015706179],[128.4655604189957,36.1285281923692],[128.46676365915997,36.12829236099059],[128.46639244029998,36.12800922927451],[128.465147396295,36.128078710809355],[128.4631158054555,36.12940011612436],[128.46267107895986,36.12914540913246],[128.46195447690755,36.12968855906605],[128.46197171130777,36.12925128150167],[128.46152336515559,36.129600681401584],[128.460595505846,36.129042136868456],[128.45913888925406,36.12954639438841],[128.4590865727314,36.129080950688945],[128.4590648682956,36.12960665251456],[128.4579775863892,36.13027771504568]],[[128.46040003579495,36.12972554708133],[128.46031074500328,36.12938053025442],[128.46148064552344,36.12960616155615],[128.46040003579495,36.12972554708133]]],[[[128.46382742170073,36.1323136526382],[128.46399237072677,36.1328715609389],[128.46360999326194,36.13329986620247],[128.46528817571954,36.133342422856295],[128.46538841345603,36.132515201233176],[128.4645325189411,36.132729891416254],[128.46416578346413,36.13189728226224],[128.46382742170073,36.1323136526382]]],[[[128.46428385272432,36.162510810945584],[128.4646956631295,36.16247374802187],[128.46374156768098,36.16172575790179],[128.46428385272432,36.162510810945584]]],[[[128.46234851327506,36.16172205319878],[128.4624865927499,36.162227031102056],[128.4631765891858,36.1623224003056],[128.46234851327506,36.16172205319878]]],[[[128.45097780489073,36.13738248952153],[128.45242432745044,36.13755418977688],[128.45447339437627,36.13628770007463],[128.45663580174752,36.1344285819459],[128.4558988197848,36.134403120448816],[128.45622530287767,36.133270766589604],[128.45267516777164,36.135956157304214],[128.45323110110846,36.136724378958114],[128.45266502031643,36.13735302291833],[128.45097780489073,36.13738248952153]]],[[[128.45200144749742,36.0943079499122],[128.4525402687376,36.094785239131994],[128.45336682069873,36.09429139453968],[128.45200144749742,36.0943079499122]]],[[[128.44835777413562,36.138126095378446],[128.44836887028532,36.13872971457321],[128.45194660729558,36.138758478025224],[128.45110317321618,36.13809621797481],[128.44835777413562,36.138126095378446]]],[[[128.42276183821346,36.166125660716204],[128.42403237049868,36.16820518184207],[128.42554707670965,36.16840282059811],[128.42420208337666,36.16780413425409],[128.42486711083706,36.1674389613118],[128.42520849553736,36.16783959330818],[128.42518333357012,36.167420685800586],[128.42593739533712,36.16719625946732],[128.42457123149583,36.16723955831438],[128.42276183821346,36.166125660716204]]],[[[128.4222155905536,36.16448645085002],[128.42195221507495,36.16462707687394],[128.42223943819124,36.164186443833415],[128.42109410978756,36.16441080595386],[128.4220990815714,36.16481141354956],[128.4222155905536,36.16448645085002]]],[[[128.42241045592021,36.164382404938664],[128.4233134327629,36.164375957496965],[128.4228675908756,36.164138323479385],[128.42241045592021,36.164382404938664]]],[[[128.41740661444848,36.1640015747523],[128.42118440628832,36.164315116017995],[128.42249586719663,36.164048642157134],[128.42267068681247,36.16335612250514],[128.4230088260515,36.163432676870414],[128.42212771477358,36.163072322008034],[128.42068383190158,36.16367224801915],[128.41967537112347,36.16321206691837],[128.41740661444848,36.1640015747523]]],[[[128.421936478195,36.10622481599921],[128.42204775909795,36.105607442660116],[128.42299161820378,36.10519364888682],[128.42223477255192,36.10509457132599],[128.4223633435588,36.1046840878052],[128.4204312395746,36.10547673090081],[128.421936478195,36.10622481599921]]],[[[128.39469700645148,36.155245884521015],[128.39638204320096,36.15564977428222],[128.39647267420912,36.15527716900684],[128.39761108556564,36.155102460986974],[128.39469700645148,36.155245884521015]]],[[[128.39880763808338,36.155043569726985],[128.40132580690084,36.155207964853226],[128.4015995680238,36.15637685111864],[128.39944855866128,36.15584695244261],[128.39971400588948,36.155103146947056],[128.399177653114,36.15509915080187],[128.3989521839954,36.155714609716505],[128.3982078388913,36.15551415757896],[128.3983952694516,36.15615377148702],[128.3989240286391,36.15573132443722],[128.40179417226076,36.156557697927404],[128.40068765456624,36.16033471620636],[128.40089918063688,36.159890966185],[128.40138180024792,36.159988859578995],[128.4033437316057,36.16095711798696],[128.40309994714062,36.162216725788085],[128.40404381495793,36.16252110265185],[128.4036828516557,36.163454296398314],[128.40454705276431,36.16372539728801],[128.40427088286884,36.1656112821185],[128.40492549099125,36.16579952174723],[128.40473045354668,36.166714886737545],[128.40567203301546,36.16711774497899],[128.40525198197767,36.16917478732126],[128.40609598674374,36.16915722509151],[128.40442290505248,36.17037024022437],[128.4076105093095,36.16866063304815],[128.40743901006402,36.16939995723874],[128.40785642379421,36.16878597994274],[128.40698712709224,36.172273666716286],[128.40659022602165,36.1722425853308],[128.40702006451093,36.172373938894616],[128.40597664060678,36.17608584284098],[128.40636128892731,36.17622281569492],[128.4059088419279,36.17799087986451],[128.40548732001116,36.17798431962917],[128.40552835044528,36.17846070315904],[128.4040639767643,36.17870459157286],[128.40657935278912,36.17847306344717],[128.4068750664564,36.177218768325204],[128.4069452834984,36.17787827588775],[128.40703609088052,36.17728722313907],[128.41004827625773,36.17893228497997],[128.40701040129497,36.177204672747685],[128.40708016427922,36.17680088131484],[128.40756597475544,36.17655941655311],[128.407230460885,36.177300039073074],[128.4100804632497,36.17835379643004],[128.41017163390927,36.1777399452146],[128.41217141520383,36.17730736552053],[128.41168781998536,36.17664272288957],[128.41214331086886,36.17697476544079],[128.41199811276232,36.176607928511494],[128.4126245250934,36.17638986042461],[128.4134268729072,36.17657847766937],[128.4127797982661,36.17634155491468],[128.4133093435723,36.17616230826321],[128.41302975908835,36.17587674350923],[128.41363708349402,36.17508245371123],[128.4135038969655,36.17450592145581],[128.41373895693798,36.17478011341292],[128.4151217267281,36.173547363242086],[128.41541760288126,36.17268862050634],[128.41525390227443,36.168854949441524],[128.41646444782654,36.16669768988941],[128.42064497309048,36.16521363144955],[128.420049358661,36.16503473123043],[128.42106940784797,36.16506685613051],[128.41901044650734,36.16475117081718],[128.41607917353477,36.16592554728868],[128.4153600334324,36.1652926868564],[128.41495804543064,36.16538010642626],[128.41520562670755,36.16617016955831],[128.41214677346142,36.16663883094929],[128.41485497138413,36.16521011096132],[128.41405704301684,36.16471490873053],[128.41433199978516,36.16393669324662],[128.4102338624726,36.16258461548253],[128.40778636548808,36.16082385851619],[128.40553235582078,36.15719176752248],[128.40505742476202,36.15719504966381],[128.40500777057187,36.15597468432812],[128.40425340344802,36.15504681964228],[128.40177522672468,36.154889900831314],[128.40228699678246,36.15528338737289],[128.4018346118148,36.15568694113999],[128.40293050269813,36.15897047063948],[128.40349626834083,36.158628077406114],[128.40298079566588,36.159110088382455],[128.40322045503413,36.1596519290796],[128.40359562643502,36.15950335095888],[128.40342972242811,36.16079390718293],[128.40247147775995,36.16023020598921],[128.40267834415963,36.15951697462444],[128.40310199015775,36.15956364041215],[128.402449437405,36.159106858266085],[128.40269211494603,36.15844159886601],[128.4015271263631,36.154909723457],[128.39880763808338,36.155043569726985]],[[128.41202826203715,36.17613807784624],[128.41249667747297,36.174758509511015],[128.41223982176237,36.175770455402464],[128.41263682759708,36.17506960450343],[128.41267424838477,36.1761803960189],[128.41202826203715,36.17613807784624]],[[128.40796552114315,36.16835516203322],[128.40858967121682,36.167834178252555],[128.4091136704052,36.16792713520882],[128.40796552114315,36.16835516203322]],[[128.40570335161203,36.168946327423505],[128.40791672467412,36.16811243215296],[128.40625187325713,36.16911054891047],[128.40570335161203,36.168946327423505]],[[128.40363077734204,36.15802934104869],[128.40344576430618,36.158576947039926],[128.4026419769678,36.15795900522817],[128.40306917024125,36.157594881999984],[128.40363077734204,36.15802934104869]],[[128.40144000527997,36.15888880315042],[128.40176917487278,36.15802887868545],[128.40211290216385,36.15811144203853],[128.40144000527997,36.15888880315042]],[[128.39967923879652,36.155174138817344],[128.3994219495769,36.15583878018819],[128.3989778371664,36.1557231892495],[128.39920148962906,36.15512061723383],[128.39967923879652,36.155174138817344]]],[[[128.41836317059554,36.10503789500914],[128.41957449869483,36.1052704188467],[128.4198168084506,36.10407588279211],[128.4180122370469,36.10447915387709],[128.41836317059554,36.10503789500914]]],[[[128.41838142001217,36.21705322644377],[128.41783250211745,36.21779472278358],[128.4182883642644,36.21809822955075],[128.4188943140142,36.21781463248659],[128.41838142001217,36.21705322644377]]],[[[128.41894704300137,36.217892910199524],[128.4188651068118,36.21835901959779],[128.41919402425867,36.21825956104947],[128.41894704300137,36.217892910199524]]],[[[128.4169036475759,36.21583896770912],[128.41859765018037,36.21660668100829],[128.41899436197787,36.21608865464625],[128.4183955775239,36.21546771212276],[128.4169036475759,36.21583896770912]]],[[[128.41783886969614,36.217204318086196],[128.4182689940228,36.21693593886971],[128.4178703894285,36.216664809658155],[128.41783886969614,36.217204318086196]]],[[[128.41512194870364,36.16427981767684],[128.41551543756842,36.16505336261965],[128.41787387503967,36.16472673125359],[128.41552322648914,36.16490034772779],[128.4156226973203,36.16436379432897],[128.41512194870364,36.16427981767684]]],[[[128.4150996214644,36.213504463199364],[128.41387815574672,36.21372340965483],[128.4146018856181,36.21500885647488],[128.41658965457972,36.2157704780396],[128.41748777215864,36.2153297464532],[128.4175618493507,36.214995013771244],[128.4169393198278,36.21488837407827],[128.41714923085618,36.214544693207415],[128.41559629301915,36.21362912918596],[128.41503313618747,36.213893748211476],[128.4150996214644,36.213504463199364]],[[128.41657754500727,36.214223681448686],[128.41701387292701,36.21467294832269],[128.41638954985535,36.21450729727889],[128.41657754500727,36.214223681448686]]],[[[128.40959813108603,36.16084759672132],[128.41069133117585,36.16185247765928],[128.4114109881199,36.16157818108935],[128.41119993403655,36.16093686139082],[128.41184543254832,36.161323858553864],[128.41152039898915,36.16159009564533],[128.41318708744393,36.16144508547913],[128.41395028951166,36.161875148323205],[128.41357402834765,36.16220534311073],[128.41429977133436,36.16294446362857],[128.4149025161128,36.16270323380385],[128.414381601089,36.162120159774545],[128.41499910870272,36.16176569643713],[128.4137992532712,36.16108215529887],[128.4134972037099,36.161387356903056],[128.41360547857684,36.16100874540366],[128.40959813108603,36.16084759672132]]],[[[128.41276496911667,36.21459927867522],[128.41296958744923,36.21433420544957],[128.41232352468805,36.21446266459902],[128.41276496911667,36.21459927867522]]],[[[128.41308131530235,36.214697178522],[128.41316835860638,36.21472411586631],[128.41322046330944,36.21438466173418],[128.41308131530235,36.214697178522]]],[[[128.41326305489716,36.2147534215851],[128.4140344287338,36.21499213911617],[128.41356968369317,36.21450201581064],[128.41326305489716,36.2147534215851]]],[[[128.4109985116086,36.21168366545573],[128.41017422923775,36.212686069164945],[128.41188953919828,36.213680954233716],[128.41186703190314,36.211496432916185],[128.4109985116086,36.21168366545573]]],[[[128.40567472582552,36.15520761645673],[128.40605146253336,36.15639268055812],[128.40676976218015,36.15641747186573],[128.40613971177626,36.15511204365101],[128.40567472582552,36.15520761645673]]],[[[128.40440186235867,36.202505579492176],[128.4055284401565,36.201690018732926],[128.40400865168735,36.20114952092268],[128.4042299473644,36.20142960483266],[128.40361369034505,36.20183461486144],[128.40440186235867,36.202505579492176]]],[[[128.39911466443024,36.20153654984412],[128.39776601500805,36.20156232902833],[128.3981260881142,36.202304735729626],[128.40198572229292,36.20521840490397],[128.40349509455825,36.20579865289593],[128.40438249600965,36.205058333996675],[128.40371491899762,36.20254303142324],[128.4017284037309,36.20112919862236],[128.4010802930222,36.20137414902173],[128.40164789193926,36.201758242472884],[128.40102683288532,36.2019405694775],[128.40185399744402,36.20201615891518],[128.40069814983207,36.20218660226859],[128.40079500569246,36.20172835413237],[128.40066513658368,36.20212352740155],[128.40037324509146,36.20174906003302],[128.4001678870633,36.20216948998427],[128.40062247072044,36.20218003445851],[128.39994458412565,36.202176561951205],[128.4002142309561,36.2024710675278],[128.39911466443024,36.20153654984412]]],[[[128.3879677239674,36.189119746256836],[128.3867020020723,36.190704706727416],[128.3899404313436,36.19380973090714],[128.39089873394485,36.195488601882566],[128.3924705085842,36.19640706297931],[128.39460497410087,36.20048961938965],[128.39583939010828,36.20089612564375],[128.40024193813974,36.199530801811726],[128.39806407674664,36.198351716018685],[128.39673407543592,36.19643659180608],[128.39598447163024,36.19673111016832],[128.39660460233094,36.19629750704724],[128.39602099116567,36.195326527941994],[128.39640547700603,36.19510133764081],[128.39539662717152,36.19347119996266],[128.39437631020454,36.192971896059056],[128.39354426571563,36.19393380350942],[128.3938699358985,36.19284488345454],[128.3927549828368,36.19277499388901],[128.39215845170054,36.19197358308052],[128.38906227011282,36.190599396374424],[128.38867608040448,36.19083267682822],[128.3886924641355,36.19040296772117],[128.38771244189576,36.19040230317382],[128.38822066676332,36.18959440858855],[128.3879677239674,36.189119746256836]],[[128.39442756766886,36.19299904754762],[128.39527569583754,36.19344674222052],[128.39469142020153,36.19381179302183],[128.39442756766886,36.19299904754762]]],[[[128.39878315661932,36.109349269041395],[128.3988041167946,36.11249497649272],[128.3988638125481,36.11132280493799],[128.39936307413464,36.110883843897284],[128.39896463981893,36.11064304426969],[128.39903934212057,36.109017461157016],[128.39982342521424,36.10780475193146],[128.40001136127012,36.10457092677458],[128.39955862168475,36.10445629592943],[128.39878315661932,36.109349269041395]]],[[[128.3881118914725,36.18910005178304],[128.38892189109512,36.190446182244905],[128.39313968185908,36.19227199008792],[128.3909636819972,36.19123643146834],[128.39285312582777,36.1920126993906],[128.3935232552213,36.19148758292678],[128.3937188241293,36.19068323641587],[128.39270192244314,36.19092106562722],[128.39264287774165,36.18979598157357],[128.39401018608322,36.18943970025539],[128.39472890707455,36.18826238715793],[128.39674022884444,36.18720394847018],[128.3965543366135,36.18603263486483],[128.39710779202366,36.18581770720995],[128.39488972443283,36.185359430441856],[128.39458598699196,36.18492067979054],[128.39436565555303,36.185183736874144],[128.3950682186327,36.185528372282995],[128.39374249781315,36.186029579593146],[128.39203112609874,36.18839745490581],[128.39057246068472,36.188904349349876],[128.39109747791926,36.1891512691714],[128.3882990452589,36.189012364381966],[128.3888062053184,36.18925915605616],[128.38845387934586,36.18932599481253],[128.38894794618932,36.190261182407696],[128.38999870682633,36.190817323022706],[128.38890025618574,36.19030742346684],[128.3881118914725,36.18910005178304]]],[[[128.39555739311191,36.20179607045614],[128.39649943824236,36.20159989089329],[128.39548408296764,36.20140838037475],[128.39555739311191,36.20179607045614]]],[[[128.38776239951042,36.15122118018723],[128.3874423338313,36.15198311015806],[128.38818092550932,36.15120344964864],[128.39046668332304,36.15165452575714],[128.39372601819466,36.155004875420985],[128.3931250558696,36.161860444271156],[128.39069796723038,36.1693849346975],[128.3910630220789,36.16835960367075],[128.3922082684697,36.16845835034567],[128.39208595019895,36.16875667829435],[128.3928099510617,36.16895367684956],[128.39275922185075,36.16987867437889],[128.39306789537164,36.169554113546255],[128.39258683788006,36.17058477744839],[128.3939816631947,36.17038823422208],[128.39399131436423,36.17080288639549],[128.39437257018068,36.17043446304514],[128.39419186007936,36.170410074514734],[128.39476414610144,36.16930793656125],[128.39459091188348,36.170223470377756],[128.394746067459,36.17007353709282],[128.39467240618094,36.17065430621474],[128.39488250987554,36.17005497638669],[128.3955792038452,36.170219407904916],[128.39589697285948,36.16938642908218],[128.3912585491238,36.168172019605585],[128.39331696236042,36.162029425262126],[128.39379683504592,36.15696649601259],[128.39439806449548,36.1553125070665],[128.39379162427593,36.1559355785938],[128.39407757855219,36.15507446121202],[128.39039668914472,36.15146610137356],[128.3889755769351,36.15100661150278],[128.38776239951042,36.15122118018723]]],[[[128.39238269415918,36.124373519156094],[128.39413279912006,36.12606628251595],[128.39491270262573,36.123161985276276],[128.39238269415918,36.124373519156094]]],[[[128.3878077352614,36.197691289933864],[128.38885041342442,36.1988146089169],[128.3883512425854,36.198848013306886],[128.38922518975244,36.19926082033009],[128.3885105233403,36.20001664619342],[128.38954569714002,36.20041053640468],[128.38920663900853,36.20165939059298],[128.39018114865166,36.20192044541829],[128.3906749276144,36.19967107585048],[128.39040434644764,36.19822460459419],[128.39076537174276,36.199594368750496],[128.3899323543665,36.20308234026541],[128.39086312414264,36.19962735916998],[128.3906279077242,36.19880262179562],[128.3936450647087,36.20103636706834],[128.39464539506528,36.20119744874256],[128.39372308115566,36.20013300306477],[128.392298684535,36.19981842780611],[128.39352393895254,36.19947369467615],[128.39323479922618,36.19866831704197],[128.39212967325383,36.197123313592414],[128.3913941921466,36.197100816073075],[128.3915654872912,36.19650914090429],[128.3910568447868,36.19675620821531],[128.39135491668208,36.19637050725073],[128.39085670787532,36.19595893241137],[128.39119706986247,36.19634530860356],[128.39091406233538,36.1968123923498],[128.3904904730632,36.19776220946363],[128.39048531046512,36.19752001674347],[128.39029344393327,36.19783667877505],[128.3904831429627,36.197418332803316],[128.39047812014044,36.197182697380384],[128.39067477757246,36.196995718268674],[128.39082472842415,36.196665029519444],[128.39020187988774,36.19539267145737],[128.3878077352614,36.197691289933864]],[[128.3904920804684,36.19783761758612],[128.39135462772347,36.198186020353496],[128.39124309134502,36.198601160353064],[128.3905045095914,36.19842070444834],[128.3904920804684,36.19783761758612]]],[[[128.38534585479326,36.1904747764291],[128.38502463851984,36.19117236007315],[128.38577407545128,36.19395717005089],[128.3857693335368,36.19356251456272],[128.3863996947985,36.19432057528658],[128.38672939288878,36.194068090573936],[128.38650035013976,36.19437852346415],[128.38732014130568,36.19495227417434],[128.38698857648725,36.195401377148634],[128.38815337015814,36.19585800073351],[128.3884266584883,36.196224291084924],[128.3876013612201,36.19626523076969],[128.38845970804033,36.196836671558465],[128.38900272286844,36.1963138848002],[128.39008738344742,36.195204765527386],[128.38944805478832,36.19391016313684],[128.3883038488982,36.193340362298024],[128.38722223231503,36.19160183010625],[128.38552000684342,36.19047962100696],[128.38534585479326,36.1904747764291]]],[[[128.38565640502802,36.19025400944869],[128.38617658185808,36.19030295532744],[128.38717126926406,36.189135910052926],[128.38667727360783,36.18873849127432],[128.3875332070982,36.18876164187465],[128.38691217067964,36.18788843065175],[128.38703594525722,36.1882043831748],[128.38585205814738,36.18858677757355],[128.38658782541015,36.188744539220444],[128.38565640502802,36.19025400944869]]],[[[128.3742154541628,36.100526080081075],[128.37647382322936,36.09822560052901],[128.37951826940574,36.09922175496191],[128.38189558976873,36.098677015344244],[128.3817750484509,36.09778163897257],[128.3835069228342,36.097375119516364],[128.38286744171324,36.097162489610234],[128.38345303584413,36.09563392188543],[128.38269933621433,36.09505617079038],[128.38410490774967,36.094895142499674],[128.38403996458794,36.093937490594854],[128.38252932853692,36.09276667768188],[128.38167647209937,36.09352251830195],[128.38106461549265,36.09330915147978],[128.38084549351598,36.09291861289866],[128.38169821921795,36.09291981112953],[128.38183907106796,36.092301421997846],[128.38017862575558,36.09291612111629],[128.3803274567816,36.09242983162606],[128.3825765291096,36.091981114001264],[128.38186834748544,36.089348667650675],[128.3804177137199,36.08946883474551],[128.37979155642975,36.08853507168496],[128.37844816356176,36.088500264262656],[128.37748716487957,36.08867038639621],[128.377003276737,36.0892710261746],[128.37695023712857,36.087520259142195],[128.37734161755958,36.0875677367549],[128.3773302753649,36.08810698863428],[128.3788442754925,36.08792254730155],[128.3781437064854,36.087813082366864],[128.377904762111,36.086828928807236],[128.37704053350018,36.08710579451047],[128.3770725054808,36.08518030371103],[128.3759436271396,36.08431264772481],[128.373074960098,36.08643988278391],[128.3714408467255,36.0868380275493],[128.37126672386498,36.08743974951895],[128.37091232752854,36.09999303779323],[128.37149699257463,36.100888826804805],[128.37106330527521,36.10146933935118],[128.3736635826865,36.101762278725275],[128.37449022478737,36.1015060629327],[128.3742154541628,36.100526080081075]],[[128.37594652346115,36.091685207039404],[128.37461084149575,36.09206588148182],[128.3742205279992,36.09117557018034],[128.37466799127293,36.09067318897386],[128.3754358248696,36.09079011481489],[128.37594652346115,36.091685207039404]],[[128.3730985166143,36.09406234853177],[128.374017912114,36.09383370716326],[128.37436114953007,36.093233608782654],[128.3748828849728,36.09412647799975],[128.37481998640476,36.095108880373424],[128.3736875807331,36.09616927377116],[128.37303330956664,36.09545738864567],[128.3733827404271,36.09496564180477],[128.3730985166143,36.09406234853177]]],[[[128.38029159531155,36.0775430646681],[128.37945184463226,36.07747874891549],[128.37869911350063,36.081510212961604],[128.37696141522923,36.08301821370109],[128.3839598088409,36.08311885203303],[128.38029159531155,36.0775430646681]]],[[[128.34913014054044,36.153367973265546],[128.34942718066256,36.15295203355823],[128.3490016532454,36.15247932663593],[128.34813625663205,36.15283067742455],[128.3460178117949,36.15135434206157],[128.34462420654407,36.151287080575266],[128.3449983132781,36.15321741039367],[128.3441823528236,36.15377266381908],[128.3444405603926,36.15457118509347],[128.34614132046022,36.15511349739909],[128.34656802337238,36.156267097037684],[128.34886627616507,36.156952988267385],[128.34928133658178,36.15805336597792],[128.3520112237703,36.15805177286604],[128.35005905414,36.15869341473916],[128.34836324245094,36.15769078761801],[128.34682382508927,36.157554860601444],[128.3449350788905,36.158091606768],[128.34439905159718,36.159901656259485],[128.34698552535795,36.15977584238464],[128.3479489664257,36.16076276261394],[128.34946577431012,36.16033901031477],[128.35016771803097,36.16051735955782],[128.35059740151257,36.161286554617035],[128.35084605276913,36.161023148918254],[128.35277454282036,36.16172185552559],[128.3535232073747,36.161416020080466],[128.35354816034774,36.16191611965339],[128.3548149201659,36.1621199471688],[128.3587469939736,36.16475187139857],[128.36301355050279,36.16619107262377],[128.36509677604522,36.1662938412094],[128.3652850287926,36.16586497134654],[128.3652585063523,36.16625801888716],[128.36693677719273,36.16626696407974],[128.366455870657,36.16577092206146],[128.36771586149905,36.16558958489625],[128.36819260929667,36.166178128873405],[128.36911168444962,36.16591076159173],[128.36875226102765,36.166683756196],[128.37080100690986,36.16728320492146],[128.37145793039343,36.16562213595606],[128.37267632846022,36.16497641327138],[128.3711459059671,36.16400963633022],[128.37278740203328,36.16354429241471],[128.37588503990125,36.163903209901484],[128.37656685429175,36.16373986595088],[128.3767348052161,36.16317876131195],[128.37743033901884,36.163549708270864],[128.37808831026038,36.16273553523826],[128.37877657272594,36.160790182343135],[128.37805791260385,36.157824727998445],[128.3760077456621,36.15496469037061],[128.37597196651868,36.15546072345345],[128.37390627162455,36.15392548871866],[128.37434871095624,36.15338674577046],[128.37220730207525,36.15116543473153],[128.3727100826137,36.15074512400232],[128.37201163891453,36.150301135985224],[128.372309229165,36.149960802345326],[128.37025274865957,36.147014867238326],[128.36586950677406,36.14412578353523],[128.36665101041004,36.14434412985288],[128.36703212226195,36.14389771330607],[128.3670548544006,36.14457330376597],[128.36772238441532,36.144656216992125],[128.36778637410876,36.14514218627701],[128.36934933107875,36.14557397829514],[128.36777856727898,36.14203308797626],[128.36705456414867,36.138486404938526],[128.366610275066,36.13849147600203],[128.367149221957,36.13753913342601],[128.3665398943564,36.137636201639644],[128.36552229856807,36.13661150477424],[128.3666861858949,36.13646305749083],[128.36706320579563,36.135782903350844],[128.36728855123565,36.12956249976035],[128.3652933777149,36.129810545063485],[128.356528618966,36.12720673170877],[128.35004798438527,36.12822615304113],[128.34995698590652,36.12939865747061],[128.34900603446343,36.129003860728446],[128.3482355513759,36.12941804872333],[128.3491834196899,36.12963265879901],[128.34813527845088,36.13004997376675],[128.34663210267644,36.12984160062497],[128.34658811704494,36.130517948427816],[128.34736555066942,36.13050920461375],[128.34742724286076,36.130868965534994],[128.34576976709909,36.1313832277218],[128.34682794678133,36.13155155971635],[128.3456694723399,36.132015150969956],[128.34618157261983,36.13273030567133],[128.34535935065628,36.13337034132497],[128.3461954239191,36.13354117351463],[128.34537473198478,36.13427130579637],[128.34603331020466,36.13705742992125],[128.34721342149888,36.13785518259236],[128.3466017539646,36.13781700540828],[128.34644361336203,36.13831440865877],[128.34688944528855,36.13839950874496],[128.34657085400553,36.139259171198184],[128.34708301154794,36.13997432003119],[128.34682072492214,36.14087840638742],[128.3474161714483,36.14321466115397],[128.3478195948735,36.144066199852894],[128.34854334009637,36.14437647568372],[128.34822154113405,36.14504895442381],[128.34908860600524,36.147021686029774],[128.349885245878,36.14768855898183],[128.34754445760518,36.148975977621205],[128.34977018610493,36.15086396377141],[128.35115148486855,36.15401797818446],[128.34913014054044,36.153367973265546]],[[128.36722074410014,36.163825232041674],[128.3683371008959,36.16320210511115],[128.3686344711728,36.163889784615165],[128.3678896726739,36.16514046363429],[128.36722074410014,36.163825232041674]],[[128.36690650002336,36.14299711641166],[128.3670307515032,36.14375495608814],[128.3654185133643,36.14368206243608],[128.36568899653113,36.142785724695564],[128.36690650002336,36.14299711641166]],[[128.35856916754148,36.13925882258694],[128.3603549021694,36.139734174311734],[128.35991993549948,36.14027979554583],[128.35856916754148,36.13925882258694]]],[[[128.37765811843786,36.16999085985187],[128.37759625212982,36.16963112043285],[128.37687478806438,36.169684477115474],[128.37765811843786,36.16999085985187]]],[[[128.37568150248947,36.167075209913534],[128.37486948733834,36.16775081791365],[128.37416770205488,36.16916973645685],[128.37599123974476,36.168325417911866],[128.37568150248947,36.167075209913534]]],[[[128.3670403349162,36.109588135974676],[128.3675808747233,36.10995764701816],[128.3679880031368,36.109340065814195],[128.36768682035196,36.108134142185385],[128.36823938966077,36.10734004886292],[128.3678712122297,36.105106921877926],[128.37088316423777,36.10533042805958],[128.3711093734781,36.104275822264235],[128.37237525058197,36.10366771764999],[128.3726300654802,36.102119129415584],[128.37097862615823,36.102152294845425],[128.36712385980445,36.104385888306744],[128.3670403349162,36.109588135974676]]],[[[128.36481089096876,36.167117892669694],[128.36545663998277,36.167467646006074],[128.3668567137675,36.166910726460976],[128.36481089096876,36.167117892669694]]],[[[128.36621807754852,36.10500212052165],[128.3644393606698,36.10552517610962],[128.3649742044848,36.10897307162255],[128.36627453312576,36.10838430279766],[128.36621807754852,36.10500212052165]]],[[[128.3188713524164,36.21145859245003],[128.32104667315255,36.21253397330785],[128.32181756010266,36.21353856740096],[128.32342892500338,36.21365134248212],[128.32224723012936,36.21407912049216],[128.32310577977032,36.21462887394374],[128.32553429322567,36.21456268299181],[128.32548360189426,36.21397422010679],[128.3261677238734,36.21371428918526],[128.32632063572464,36.213376758576146],[128.3271009322608,36.21451268768489],[128.33066751611852,36.21394535170192],[128.33149520125096,36.21329458805832],[128.33132520746534,36.21292234337218],[128.33439111622846,36.21246333193617],[128.33633290035093,36.21164182648223],[128.33697654940946,36.21223989417734],[128.33541939964098,36.21315771923577],[128.33424206704225,36.21503949396569],[128.33781992092614,36.21575404689954],[128.33788937238944,36.21526987187688],[128.33874119937929,36.215146305200456],[128.33914239743967,36.21560815294663],[128.33866750116235,36.21588348816698],[128.3413247700185,36.21539178181832],[128.33999569617237,36.2153238904403],[128.34030272353098,36.21528136503075],[128.34001070203573,36.21378743064716],[128.34034896980154,36.21372506866007],[128.340443087885,36.21467920826238],[128.34066866615387,36.21392374215739],[128.34135154979987,36.2140680130262],[128.34131634594505,36.21525948815774],[128.34143321847617,36.21412730968379],[128.34220671060964,36.21441613367627],[128.3424702947231,36.213957282920624],[128.3425196496958,36.21516349780053],[128.34268409835374,36.214053030991174],[128.34307882544354,36.21416929923497],[128.34302252953708,36.21512640840713],[128.34340023229893,36.213904606526434],[128.34285103238958,36.21407123496522],[128.34265042846545,36.21361929524246],[128.34305706742234,36.21337223273998],[128.34284236599444,36.21286738824956],[128.34326135663838,36.21288511668577],[128.34334960585537,36.21372265618779],[128.34347235070126,36.212906530011495],[128.34282684976566,36.21282936571532],[128.34211975810496,36.214151023817614],[128.342355636052,36.2129857588518],[128.34119131102224,36.212554552882295],[128.3434772939725,36.21276534463547],[128.3380664641822,36.21205654310033],[128.33861085164955,36.21192475402273],[128.33807916247574,36.21186178759966],[128.33807950035958,36.21105610014836],[128.33920797606942,36.211052301992254],[128.33818390792572,36.210977346745395],[128.33921774439193,36.210973005253436],[128.33811353850513,36.210442953071166],[128.3382311641535,36.20785320217561],[128.33869207209787,36.20785024674935],[128.33827784305592,36.207718505414356],[128.3390844766534,36.207720063506954],[128.3383269308185,36.20762261201714],[128.3389479260567,36.20753695278275],[128.33862609478768,36.206396042213754],[128.33926721938997,36.20636596189346],[128.3385031165616,36.20620392180527],[128.3389561120346,36.2060712264543],[128.3383099962723,36.204349133585076],[128.33942669639728,36.2043559358877],[128.33947644910324,36.203224826414186],[128.33885283366027,36.202511402001434],[128.33949776464877,36.202511739626416],[128.3393776981013,36.20146762958295],[128.34187861908032,36.201467675871484],[128.3438643639943,36.200549445037616],[128.3420548196384,36.20096400969949],[128.34214568306507,36.20037643239583],[128.3419112323244,36.20101968757287],[128.34166056357907,36.200267908930996],[128.3402583321998,36.20030287382018],[128.33958024143217,36.20118327589235],[128.338586267521,36.2009848352897],[128.33822288798456,36.20184497137114],[128.3373609635561,36.20187704490128],[128.33743841914247,36.20155244402722],[128.33684844973646,36.202094626789794],[128.33592175870655,36.200250302513844],[128.33483376896038,36.200276529806324],[128.33153983049593,36.20190969170815],[128.33202486619206,36.202202482609614],[128.3308838257068,36.20179164727882],[128.33200975089403,36.20225976562679],[128.33122910306966,36.20213135572317],[128.3316428843358,36.20254851383098],[128.33142498068997,36.20330711894459],[128.33088717493348,36.20308626371416],[128.33022753041175,36.20165311364813],[128.32864868103454,36.201771427692485],[128.32790801554123,36.20228428125656],[128.3286328345363,36.203558596321464],[128.32814736885194,36.20368738679181],[128.327594656619,36.20313629151856],[128.3280966571122,36.20397631096409],[128.32687375923229,36.202805307410536],[128.3264359163849,36.20415459547999],[128.32676173123576,36.20459487554107],[128.32557392633083,36.20433352901514],[128.32479551237188,36.20515694531145],[128.3248469373876,36.20480344829515],[128.32440665040411,36.20494935228374],[128.3251237752441,36.20548637876728],[128.32409301783068,36.205554791138944],[128.3240115025278,36.20515005282318],[128.32215408127425,36.20631296261127],[128.32362558169257,36.20719782440694],[128.3246607899374,36.2069109241824],[128.32568921711223,36.207301067771766],[128.32661033573365,36.20815969426211],[128.32796392275472,36.20779815051269],[128.32787275671754,36.20739907954133],[128.32939430160536,36.207728620620166],[128.32962275824474,36.20823398570778],[128.33058414392167,36.20773341860712],[128.33129720188504,36.2080730027987],[128.3313010083359,36.208698663751356],[128.33022163913415,36.20946735787928],[128.33034702906946,36.21002892696336],[128.33082322417255,36.209740656427506],[128.33055847354547,36.21023198960495],[128.32947504995283,36.21077392213868],[128.32935305557515,36.21116500703847],[128.32958048266363,36.210903200833194],[128.32978987599262,36.21114962357751],[128.32930295399996,36.21132562074782],[128.32918870017315,36.211691891286314],[128.32819227102974,36.21167522237782],[128.32801227827312,36.211010728534994],[128.32745389505243,36.21201806551466],[128.3264769632115,36.211912186235985],[128.32693284109817,36.211239302328345],[128.32592699867925,36.21191581989769],[128.32346537301802,36.21125710996504],[128.3227159882168,36.21170691842817],[128.3220558232156,36.211278453780146],[128.32137860130146,36.21177336006135],[128.3188713524164,36.21145859245003]],[[128.34058212553956,36.200417018544286],[128.3413569085333,36.20083279100194],[128.3407269416278,36.20102864080929],[128.34058212553956,36.200417018544286]],[[128.3403173548453,36.212495556691955],[128.3409730398202,36.21258021601145],[128.34091514676373,36.213235694021364],[128.3403173548453,36.212495556691955]],[[128.3390300251008,36.215127623674974],[128.33919061889375,36.21458006407291],[128.33991193781574,36.21465619535381],[128.3398468831754,36.215376432280586],[128.3390300251008,36.215127623674974]],[[128.33926092618566,36.20364626537174],[128.33939789571224,36.20403880426716],[128.3390083263418,36.20394072888656],[128.33926092618566,36.20364626537174]],[[128.33786160368714,36.211334317569126],[128.33711509401383,36.210989662423806],[128.33803641820583,36.21093468775282],[128.33786160368714,36.211334317569126]],[[128.32725998560088,36.20578785198147],[128.32748158381528,36.206153512585274],[128.32646762881808,36.205932394566815],[128.32725998560088,36.20578785198147]]],[[[128.32615788087142,36.21373601617651],[128.32562286840522,36.214115581753084],[128.32598829343874,36.21411035569948],[128.32615788087142,36.21373601617651]]],[[[128.3489674568643,36.19928310626705],[128.3506412581253,36.19889051172868],[128.35081555945482,36.19779826164699],[128.3493487890445,36.19839487667506],[128.3489674568643,36.19928310626705]]],[[[128.35095360224852,36.19881725058369],[128.35393571460014,36.19811778819868],[128.35491411527914,36.1987645376884],[128.3549230100218,36.198253137631724],[128.35543310713703,36.1983513165079],[128.35666396486565,36.19742835762629],[128.35597259772993,36.196013978761165],[128.35511945181563,36.19614610393728],[128.35649637485832,36.19445724836428],[128.35604395388194,36.19443633166825],[128.3556413895386,36.19529649476785],[128.35508341395,36.195040965565],[128.3559773302321,36.19439912963167],[128.35656952111643,36.19289746874864],[128.3572264192261,36.192812536402286],[128.35743084833734,36.19221004849879],[128.35673608926976,36.191597851175814],[128.35728816659642,36.191643300702594],[128.35838167349758,36.19032672341531],[128.35666544384208,36.189436050632466],[128.35860534279524,36.19002313402938],[128.35957951175004,36.188880329190496],[128.35868254057058,36.1900670940719],[128.35950893169752,36.1902345051162],[128.35965911063542,36.19032564690166],[128.35952603201946,36.19023796931452],[128.3599879168314,36.19033153834762],[128.36007966378344,36.18975347051828],[128.3608813162875,36.190875048500494],[128.3602779376916,36.18971535688975],[128.36120726063137,36.189557028995495],[128.360697359491,36.189524036433106],[128.36106508876136,36.189073560819786],[128.36119425436362,36.18902009081051],[128.36157841932618,36.18963694462465],[128.3610742645398,36.19012827146488],[128.3616444217764,36.19013368823712],[128.36176005634786,36.18966221993802],[128.36230858420836,36.190213140917166],[128.36221983037373,36.18963973084203],[128.36282815450133,36.189672419019765],[128.36324623576252,36.19070395394442],[128.36434387949885,36.18895183087062],[128.36341365354215,36.18881869092141],[128.3635197030729,36.18822681314152],[128.36274432529976,36.18804233285922],[128.36275266012805,36.18724023437675],[128.3622406300502,36.18720100682361],[128.3624406218908,36.186510793293564],[128.36324824035506,36.186669216710605],[128.3628102602124,36.18735672512959],[128.36326504624213,36.18696709703073],[128.36397094363446,36.18732438092611],[128.36379334960392,36.1877370204999],[128.36411211076813,36.18740096513857],[128.364822843095,36.18802766019689],[128.36598735193965,36.18652845325948],[128.36589531110073,36.18513181798042],[128.3642235699119,36.18424074492057],[128.35862192244022,36.18299782388435],[128.35825312542363,36.18340694541729],[128.35835457502517,36.1829648130566],[128.35690571324992,36.182589920166265],[128.3566361705064,36.1832276070564],[128.35448579160285,36.182598114052034],[128.3548513840138,36.184684010647516],[128.3543576841055,36.18453301372618],[128.35407165722415,36.18333406970544],[128.35346305458455,36.18321718432224],[128.35282324969717,36.18515412316948],[128.35162790587182,36.18673589164914],[128.3519466272603,36.1877575724807],[128.35296733313086,36.18836051330047],[128.3521491318647,36.18991068959486],[128.35079368302843,36.190265748912886],[128.35123852777753,36.19209204214642],[128.35201013601088,36.19258968898242],[128.35271896366714,36.19174585227815],[128.35277312672685,36.19223338929007],[128.35134273133545,36.19344320910265],[128.35185682429292,36.192689713302734],[128.35108180031406,36.19211300451701],[128.35069854092637,36.1902424640473],[128.34969983202188,36.18989314293689],[128.3491093200211,36.190918212686846],[128.34871480020442,36.19002620762846],[128.34793510362624,36.19049522279137],[128.34852919215703,36.19079859264596],[128.3480759662072,36.191596691824394],[128.34739640821857,36.191374838040474],[128.3468585548344,36.19223806442469],[128.3465383611513,36.192105371621],[128.34628769524872,36.19280046715166],[128.3464370426007,36.19246072817585],[128.3470352379445,36.19258880537418],[128.346745881369,36.19312556253899],[128.34619650544803,36.193053336098906],[128.34457582743715,36.19754746964654],[128.34163140422078,36.199324017961914],[128.3421555624291,36.19970130046193],[128.34920960750665,36.1982303092936],[128.3505968384791,36.194677163087526],[128.3494096862542,36.19818192563278],[128.35083886963542,36.19739729817197],[128.35064086907187,36.19702138275383],[128.35132315088748,36.195967857761254],[128.35168945617548,36.196151688480136],[128.35125965050162,36.1973937820399],[128.35264775296065,36.19692484204263],[128.34942412512237,36.19824984679935],[128.34414167577248,36.19938792234378],[128.34932593899492,36.198359089208424],[128.35247160911314,36.19702595682652],[128.35370073351237,36.1980303337259],[128.3524548888479,36.1971026272166],[128.35276036282644,36.1982597192832],[128.35224294299746,36.19741238018222],[128.351748876924,36.19778631082447],[128.35161970768488,36.19748851007479],[128.35116062490656,36.197725622269736],[128.35095360224852,36.19881725058369]],[[128.3592082077233,36.19002857378374],[128.358883501258,36.189814644000926],[128.359625867806,36.18965997330138],[128.3592082077233,36.19002857378374]],[[128.3626078506264,36.186302584987786],[128.36324379230973,36.18543238588005],[128.36379709740712,36.186570514795136],[128.3633446457681,36.186822731533574],[128.36353783359368,36.18653308956633],[128.3626078506264,36.186302584987786]],[[128.35311380512854,36.19235085596078],[128.35372396354038,36.19068602986817],[128.35315568228833,36.19125517742184],[128.3542384401342,36.18892952589121],[128.35328008458154,36.18844709032626],[128.35416845588983,36.18839198588972],[128.3544280575186,36.18680141208755],[128.35503245545658,36.18692237904737],[128.35487994686358,36.18869840907561],[128.3555321229209,36.18822867700338],[128.3551060516022,36.18886798328163],[128.3566208305707,36.18942754504862],[128.354921841966,36.18913488084318],[128.35373143085846,36.19206452182204],[128.35311380512854,36.19235085596078]],[[128.3544194494044,36.184656145247935],[128.35489137492712,36.18481947530813],[128.3550139784787,36.18686343406505],[128.35445441566216,36.186650460754684],[128.3544194494044,36.184656145247935]],[[128.35221993110574,36.194028045597655],[128.35301594136874,36.192478120293536],[128.35338929091645,36.19253958710997],[128.35262255559752,36.19416767623617],[128.35221993110574,36.194028045597655]],[[128.35194890699057,36.19507641583938],[128.35213651610167,36.19418698683765],[128.35252971268767,36.19427615465554],[128.35194890699057,36.19507641583938]],[[128.35179344792184,36.19508718317271],[128.35209603946006,36.19522794537455],[128.3517047114993,36.196019770255155],[128.35134706089315,36.19588969611114],[128.35179344792184,36.19508718317271]],[[128.34596298539512,36.19379004431738],[128.3467083223046,36.193346761697754],[128.34627409629962,36.19414013460968],[128.34596298539512,36.19379004431738]]],[[[128.36256972355784,36.166598148199675],[128.3632479995818,36.16701513720479],[128.36396471126204,36.166772931893654],[128.36256972355784,36.166598148199675]]],[[[128.3622626526191,36.11214367812969],[128.36389087848912,36.111486259416424],[128.36298062739448,36.111730733048766],[128.3627470070098,36.11113930919175],[128.3622626526191,36.11214367812969]]],[[[128.3603659860602,36.11215400816603],[128.36103588205182,36.112383233110556],[128.36168762608372,36.11124564158656],[128.3603659860602,36.11215400816603]]],[[[128.35967580836956,36.11050252592053],[128.35923856267314,36.110690742839346],[128.35952225399535,36.11104192428493],[128.35967580836956,36.11050252592053]]],[[[128.35717553096487,36.113639809022345],[128.3567461051532,36.114500755528645],[128.35868385279358,36.114163393241064],[128.35931669509304,36.11221876537959],[128.35717553096487,36.113639809022345]]],[[[128.35797841363132,36.111607152754466],[128.35804154994278,36.112048994438645],[128.35863926734197,36.111861988774784],[128.35797841363132,36.111607152754466]]],[[[128.35776415820564,36.112060738512454],[128.35682523839404,36.11296135389664],[128.35782349322395,36.11245509550857],[128.35776415820564,36.112060738512454]]],[[[128.35701105570038,36.16532028615754],[128.35667581581734,36.16588966463089],[128.35738354501882,36.166306185907715],[128.35777783136004,36.165622229249756],[128.35701105570038,36.16532028615754]]],[[[128.35464694491927,36.164105153038605],[128.35628401319934,36.16369605123449],[128.35457938104312,36.16252505081399],[128.35410635918817,36.1629013385295],[128.35464694491927,36.164105153038605]]],[[[128.34835919446857,36.32156334459703],[128.3475850171031,36.32154150776402],[128.34827292233467,36.32172651772387],[128.34896304952778,36.320761397966095],[128.3484466356337,36.320486276022415],[128.3489370617509,36.32074888357789],[128.34846893131808,36.320823196124884],[128.34877786335147,36.320996628844725],[128.3484047712644,36.32097710876222],[128.34835919446857,36.32156334459703]]],[[[128.34348056922738,36.21571297553277],[128.34398262737372,36.215522606421146],[128.34343453458334,36.21564849959705],[128.34350597569116,36.21647189419938],[128.34401472619896,36.216436305453996],[128.34353704632824,36.216407790011495],[128.34348056922738,36.21571297553277]]],[[[128.31000873455653,36.22444761528937],[128.3107173330391,36.22505110954198],[128.31172076781175,36.22408090908887],[128.31284339196947,36.22404156174679],[128.31237507718188,36.225966102221],[128.31057729914338,36.22543550369307],[128.30993742840647,36.22651547142723],[128.31188710363529,36.22742567974126],[128.32759050151478,36.22698370681043],[128.33462139948648,36.223905860334284],[128.3337801737397,36.22373789614488],[128.33452909188583,36.223326980660964],[128.3341061327611,36.22214648078439],[128.33525675851467,36.2235862569138],[128.3376754003183,36.22258840794383],[128.3414389434322,36.22290014849229],[128.34060218234097,36.221881926304626],[128.3410752263632,36.22139876837648],[128.33959614485946,36.22141472873699],[128.34005113233823,36.22137026379368],[128.3397024396205,36.2205136522339],[128.3405247244926,36.22048595969665],[128.3399018644916,36.22045781571199],[128.33983931988442,36.219583740098834],[128.34045320203708,36.21955156168982],[128.33873001437019,36.21956041703457],[128.33963122364068,36.219486796828846],[128.33968269876627,36.218954727891635],[128.33974295859815,36.21949438537924],[128.34044998078113,36.21944838413731],[128.34052050285752,36.21854039411991],[128.34102523726804,36.2185153504223],[128.341286927352,36.219405165009036],[128.34105661553943,36.218536541261464],[128.34192544454635,36.21846354401831],[128.34175757804886,36.21754366263593],[128.3428778827038,36.217432382805455],[128.34280040818183,36.21648409040998],[128.34255349024644,36.21579564316701],[128.33715482743236,36.216408486307294],[128.33180185458963,36.21463152192425],[128.3293747449562,36.21446026433517],[128.32940493863103,36.216901984073395],[128.3255755347325,36.219305424447924],[128.32309618589923,36.21934187891414],[128.32298252716782,36.21985677843136],[128.31924740075507,36.220609912127145],[128.31660188958983,36.21994150382818],[128.3164017510328,36.220492397584145],[128.31517827500494,36.22056358556834],[128.3140989844686,36.21989459321498],[128.31332152952407,36.22043605385859],[128.31253961492757,36.22022781332303],[128.31267048185913,36.21972657133848],[128.31218566049543,36.21985094138875],[128.31181905154182,36.22039805433052],[128.31283036031854,36.22094557904539],[128.31216759253059,36.22178340027342],[128.31274743973117,36.221627591042804],[128.31072807586676,36.22437074129598],[128.31000873455653,36.22444761528937]],[[128.3398993245579,36.21894359778557],[128.34037155990293,36.21862225108513],[128.34043208327665,36.21943264335055],[128.3398993245579,36.21894359778557]],[[128.3382229358269,36.22242211347905],[128.33778016508012,36.22254439185104],[128.33770359664015,36.2219358002445],[128.33820962611475,36.22180135422334],[128.3382229358269,36.22242211347905]]],[[[128.3397650435229,36.15734475990467],[128.34021501530736,36.15713249984014],[128.34072139825648,36.15763925328997],[128.34017674307057,36.15815681974464],[128.34048947976248,36.158779180779824],[128.34144415513364,36.15917773637546],[128.34051916810117,36.15868275502254],[128.34194560679973,36.157642003715964],[128.3397170330317,36.15632859380052],[128.3397650435229,36.15734475990467]]],[[[128.33897252230662,36.31508175107047],[128.33913716009016,36.31559354044092],[128.34101512591258,36.31606078226432],[128.34137400443163,36.31552340190381],[128.3411913153195,36.31512544588217],[128.34123059652518,36.31546618600422],[128.34076235497687,36.315223926376355],[128.3410837317899,36.31553992293055],[128.34049467152644,36.31520320979224],[128.34111407282768,36.31495718673204],[128.34070317404013,36.314062116167186],[128.33897252230662,36.31508175107047]]],[[[128.3383141435336,36.31048449349348],[128.33890320105513,36.311396003358674],[128.33819613927392,36.311658207616524],[128.3392039781555,36.312339776536234],[128.34030997530638,36.31220467327978],[128.3400685009248,36.31257747600246],[128.34112837937167,36.3120523712535],[128.34051247441087,36.311302176531996],[128.34083795245388,36.31087967788874],[128.3405081696586,36.31126333573436],[128.33984625834876,36.31055321559997],[128.339294385743,36.31081176270499],[128.33884571596124,36.310271230939804],[128.3383141435336,36.31048449349348]]],[[[128.33938616159872,36.31416387032351],[128.3396659988873,36.31442896787873],[128.3390593060428,36.31429681123623],[128.3392672330021,36.314841195517154],[128.33975641249765,36.31439440143951],[128.33938616159872,36.31416387032351]]],[[[128.33971100591185,36.15628176799374],[128.3391287800305,36.15502239148463],[128.33885544557873,36.15527617196157],[128.33971100591185,36.15628176799374]]],[[[128.3374258207301,36.31357254193489],[128.3368583584811,36.31369414622004],[128.33832319173757,36.314223955824694],[128.33953178542905,36.31301218612111],[128.33837597415385,36.31236740536115],[128.3379102428712,36.312783890664306],[128.3370472950992,36.3125226225181],[128.3370065924187,36.313175603508284],[128.33661132871478,36.31298237570508],[128.3374258207301,36.31357254193489]]],[[[128.33555570281808,36.15636340715763],[128.3375738452661,36.15685121428087],[128.33890736365947,36.157962654449335],[128.33945215771118,36.1576104494236],[128.33922643675297,36.156252740527],[128.33840359314897,36.155959878471485],[128.33806003106494,36.15522801748319],[128.3360949461029,36.15478675897425],[128.33555570281808,36.15636340715763]]],[[[128.33095767938707,36.30697290791812],[128.33293424939708,36.306381410286754],[128.33312047677728,36.30685692389981],[128.3316117905235,36.30758668530662],[128.3337020711425,36.30909959262178],[128.3365507448267,36.31018878153147],[128.33655447018728,36.31063551683242],[128.33905187416013,36.3096550670379],[128.33865881638715,36.30881852625962],[128.33824407895497,36.308944321203874],[128.33752345544286,36.307168182756214],[128.3380195246023,36.307347367918865],[128.33802272660097,36.3065995707649],[128.33753198586484,36.306755614505406],[128.3378612797095,36.305087001069246],[128.33679286917604,36.30480642660127],[128.3380624871323,36.30381467136041],[128.33672592511908,36.30300978726859],[128.33728956008156,36.30325095506012],[128.33675923566332,36.30297216021364],[128.33730042601263,36.30278152160878],[128.3378144332353,36.303178429081264],[128.33832929473311,36.302110686749735],[128.33172186639555,36.304484561289684],[128.33214524290943,36.30384906368979],[128.33138317426827,36.30468518889391],[128.32992547795172,36.30505575004944],[128.32969719606524,36.305627727601646],[128.32927821223473,36.305390681691456],[128.33095767938707,36.30697290791812]],[[128.33676055298125,36.30486986596533],[128.33738609356064,36.30521127608862],[128.33529826841672,36.3059495241516],[128.33500256326352,36.30558337037886],[128.33676055298125,36.30486986596533]],[[128.33326163651594,36.30674043326745],[128.3329945128171,36.306312001920155],[128.33488164565563,36.30556936047345],[128.335126237679,36.30600872897259],[128.33326163651594,36.30674043326745]]],[[[128.3345872395865,36.31013140067241],[128.33368080717503,36.31000108417768],[128.33483636232694,36.311917025971205],[128.33583680060042,36.31223549674947],[128.33623305713093,36.31128270823173],[128.33576446908978,36.31135949427921],[128.33606635095543,36.31104087866656],[128.33572925231343,36.31106622090737],[128.3345872395865,36.31013140067241]]],[[[128.33626568907076,36.31120424558144],[128.33634225839702,36.311020136628606],[128.33618899475624,36.311031658609444],[128.33626568907076,36.31120424558144]]],[[[128.33466167488766,36.1540645179852],[128.33407229783728,36.15426780065735],[128.3343415980123,36.154896492186225],[128.3337555749155,36.15488523055588],[128.33438599472575,36.155356258647394],[128.3357303909067,36.15458183882091],[128.33466167488766,36.1540645179852]]],[[[128.3245740410312,36.233531832176894],[128.32540049510854,36.23379637767167],[128.32499194048464,36.23302441990017],[128.3260812009729,36.23321208521697],[128.3263607755389,36.23415496261359],[128.32710013272316,36.23420365286807],[128.32938811228283,36.23209069946968],[128.32965349014626,36.23228262724384],[128.33078055518126,36.23024593405622],[128.33221815105424,36.23080439426902],[128.33336839883376,36.230550781684826],[128.33332099556796,36.229857197460994],[128.3327595272503,36.22982747917413],[128.33344469807216,36.22925484228639],[128.33323616642872,36.22939789812677],[128.33297362308255,36.22905005594836],[128.33398614884317,36.22880232055826],[128.33452993106903,36.228347850298455],[128.3332603002356,36.228902681406765],[128.33212702366137,36.22862120373086],[128.3324948440003,36.22901934459598],[128.33184669927226,36.22949514703336],[128.33042907293088,36.22978012087972],[128.33079583927167,36.229178874453375],[128.32844239218204,36.23024922100672],[128.32992701590476,36.22975980681215],[128.33022163762166,36.2300809363131],[128.3263179164657,36.231412888534116],[128.3263780957819,36.23102473736254],[128.32807262544975,36.230447385231734],[128.3264266227713,36.23058113859489],[128.32703180496054,36.23056504621616],[128.3259891830626,36.231047071195476],[128.3245740410312,36.233531832176894]]],[[[128.32630913942265,36.156957074954306],[128.32677060143484,36.157318407328845],[128.32711325983016,36.15655126003998],[128.32681209095608,36.15614704917248],[128.32630913942265,36.156957074954306]]],[[[128.32645796030525,36.15854849501654],[128.3260661969288,36.15836145510236],[128.32546526543746,36.15898641749869],[128.32574921393007,36.15935344040465],[128.32699847281808,36.15825810425571],[128.3270754897922,36.15727055004424],[128.32645796030525,36.15854849501654]]],[[[128.3244793469996,36.15676233040338],[128.3250994942271,36.15729615027745],[128.32623050654502,36.15629435022232],[128.32519239867474,36.15621375850021],[128.3244793469996,36.15676233040338]]],[[[128.2761590284753,36.23492318981697],[128.27426445785176,36.236948400886185],[128.2756471162271,36.24008049582156],[128.27658972396455,36.23989593862174],[128.27689590781932,36.23919569437788],[128.2773706134599,36.239942735073946],[128.27729566643188,36.239520004452835],[128.27837132351158,36.23929930497986],[128.27825039013038,36.238852650530426],[128.27847191726764,36.23938144359892],[128.27961621773576,36.23930033438822],[128.27854016697674,36.2395419934571],[128.27991259061235,36.23926206450946],[128.27963076233115,36.23883310510136],[128.28201921036256,36.238035917544686],[128.28158943384233,36.23750247189909],[128.282413647159,36.23724218507385],[128.28239608471168,36.236717650240024],[128.28337406203525,36.23714995203007],[128.28481883703176,36.235344654407136],[128.28463702897324,36.235733577770155],[128.28484732321988,36.235595862874995],[128.28382032532195,36.23710268550224],[128.28492089074416,36.237841573909954],[128.28703456935307,36.23678015081348],[128.2872045399865,36.23533124862333],[128.28839828723736,36.235152450105495],[128.29044358771134,36.233715632049154],[128.29138780034285,36.2338135785389],[128.29247974251584,36.23527963720707],[128.2914378687507,36.23771691616697],[128.29218629210055,36.238400711715094],[128.29246837752981,36.23963778677553],[128.29267810877909,36.2394001184278],[128.2932526713058,36.24033053768823],[128.29338525822183,36.23992464826377],[128.29509178770894,36.24028504307685],[128.2957355412948,36.2399688216293],[128.2962077046387,36.24091132007365],[128.29637383664354,36.24034248046003],[128.29768709156252,36.241121417771495],[128.29813639191602,36.240170174296104],[128.3011402265922,36.239048183413345],[128.3007776044316,36.23904212708263],[128.3024771117617,36.23766296330372],[128.3032577172212,36.23821161799343],[128.30488025737392,36.23790524802004],[128.3109678118528,36.23535780783304],[128.3145289797312,36.23448408666267],[128.30907210019097,36.23573901836006],[128.31017610395492,36.235240323691585],[128.3154369124631,36.23373465480428],[128.31551953897227,36.23424860040948],[128.31737607530377,36.23379683514507],[128.31550883869818,36.23413995592098],[128.3155661070995,36.23377558660276],[128.31735937984146,36.23332550957721],[128.31734262161967,36.23270669563472],[128.3174240320861,36.233300282836794],[128.3191401381258,36.23288306566771],[128.31846592083573,36.23263541315478],[128.31983259970113,36.23264911465064],[128.3193251179716,36.23283507626197],[128.3218042875113,36.23220176807538],[128.3220619415729,36.23196021280307],[128.32113495246762,36.23170019717857],[128.32109347388686,36.23226368736863],[128.3211235921295,36.23036677260254],[128.32348482898811,36.23028181233269],[128.3251066747297,36.231116157592616],[128.32553037169413,36.23022312013922],[128.31199441735077,36.23022815246004],[128.30846391093078,36.22904585642973],[128.30763750404893,36.229752751751796],[128.30776778138508,36.22888669380742],[128.30611149753642,36.22810278370323],[128.30380708552636,36.225965211089026],[128.30065592149793,36.220540958465115],[128.2991239884887,36.220011045605574],[128.29540885442444,36.22019365088959],[128.29075322873902,36.221588486368056],[128.28779468243542,36.22326138913107],[128.28796161191997,36.22362268899503],[128.28713890845395,36.22364055395727],[128.286301785113,36.22649395110727],[128.28873089323292,36.22932948956121],[128.28600132417762,36.22734742287261],[128.28344927183744,36.230438671737204],[128.27952443383333,36.23325619559895],[128.2761590284753,36.23492318981697]],[[128.31680197820288,36.23246007951506],[128.31646979411525,36.2321666211825],[128.31710033180036,36.232145803182426],[128.31696616166676,36.23196222806666],[128.317343821235,36.231908686212414],[128.3173237345479,36.231336949932626],[128.3174100884921,36.23184059419681],[128.31774008811584,36.23102284168373],[128.31827788193036,36.23109335183552],[128.31829056349102,36.232140192847964],[128.31733847156605,36.23247163229124],[128.3171606239577,36.23222829650243],[128.31680197820288,36.23246007951506]],[[128.31731735087558,36.23129971828121],[128.31672193310604,36.231186779612834],[128.31724084521224,36.230853512391306],[128.31731735087558,36.23129971828121]],[[128.31723237629103,36.23080411889073],[128.31644805717394,36.23079458720323],[128.3164638429405,36.23043391442246],[128.31716625054466,36.230418452049534],[128.31723237629103,36.23080411889073]],[[128.3173863855114,36.230434882277144],[128.31825490689357,36.230425180815274],[128.31825056347793,36.23093543433974],[128.3173863855114,36.230434882277144]],[[128.31531046399476,36.23098473156066],[128.31534280235095,36.23134638870733],[128.31459998662876,36.23128458210623],[128.31531046399476,36.23098473156066]],[[128.30175435367136,36.223743752389595],[128.30120698637512,36.2237368574772],[128.30133801985068,36.22327969429841],[128.30175435367136,36.223743752389595]],[[128.2978721791866,36.224371663403886],[128.2982674734018,36.22473683768681],[128.29761453642152,36.224782887997534],[128.2978721791866,36.224371663403886]]],[[[128.32206074607296,36.23252724228157],[128.3243892962506,36.23247054956087],[128.3250622072599,36.23148087120786],[128.32440986603376,36.23237119802654],[128.32206074607296,36.23252724228157]]],[[[128.3241627140771,36.15775708261226],[128.32380642841852,36.15969846521671],[128.32457960986696,36.15941957283818],[128.3241177696488,36.158388375015925],[128.32472532302864,36.15829154063674],[128.32499218389785,36.15752262194046],[128.3241627140771,36.15775708261226]]],[[[128.31934269356057,36.23331930365893],[128.32012567516256,36.23313653032706],[128.32045057742545,36.234085885076574],[128.32075724099874,36.233110410296604],[128.32025672510045,36.23309828005539],[128.32108619366343,36.23284715437847],[128.31934269356057,36.23331930365893]]],[[[128.30569249252636,36.237857557132166],[128.30540629349255,36.23870773984591],[128.3064242743946,36.24370204851417],[128.3058022947068,36.23873450957555],[128.30624492354033,36.23950373822325],[128.30602141405902,36.23987924860588],[128.30793647694946,36.23876588043147],[128.30805564706688,36.2391521849301],[128.30847704016483,36.23895828693828],[128.3093232257185,36.23679058819756],[128.31013313617166,36.237331407893244],[128.3103416439823,36.2381105717998],[128.31072296568786,36.23768940551337],[128.3129683793195,36.23792209935543],[128.313621587267,36.23756683512291],[128.31374458418404,36.23683704631488],[128.3141952502654,36.23782824512873],[128.31818773915987,36.23712661800626],[128.31841035817104,36.23680857429925],[128.31909620612666,36.236804010450285],[128.31912577860473,36.2373631543399],[128.32078463142483,36.23638524188096],[128.32101511190564,36.23456644285952],[128.31892048264328,36.234008815066666],[128.31713378883737,36.234253781904044],[128.3111406477205,36.23571636424646],[128.30586639731584,36.23799526747917],[128.30626658724597,36.23826580777951],[128.30577492688352,36.238515932135634],[128.30569249252636,36.237857557132166]],[[128.3141731567459,36.23613365153193],[128.31475725288536,36.23603312773206],[128.31473389693818,36.23640683913975],[128.31407500833802,36.236643309376184],[128.3141731567459,36.23613365153193]],[[128.31404800261913,36.235791749226394],[128.31450231598964,36.235458786233565],[128.31471650567818,36.235752800857775],[128.31404800261913,36.235791749226394]]],[[[128.31484174807542,36.21120556640705],[128.31510359788183,36.21090531604658],[128.3153072450587,36.21144116821007],[128.31572926160703,36.2113357784813],[128.3162114799637,36.21253421986154],[128.3194856539692,36.21419475424784],[128.32085415214777,36.21403151464788],[128.32090709161932,36.213120745729654],[128.31752066902953,36.21086038582899],[128.31427652247234,36.209626418921935],[128.31484174807542,36.21120556640705]]],[[[128.31449891944507,36.20865913556462],[128.31453125119364,36.20926253748005],[128.31591313552215,36.2099156610015],[128.31724919446265,36.20954804394228],[128.3165296785656,36.20966134354289],[128.3170951633745,36.20916212831137],[128.3170369954018,36.208211427657545],[128.31723900240544,36.20875015698443],[128.3173424226519,36.20828994171805],[128.31643535319134,36.20743033373988],[128.31449891944507,36.20865913556462]]],[[[128.316162914981,36.20659052095158],[128.3167611176521,36.20630033693998],[128.31645944848606,36.20596790807797],[128.316162914981,36.20659052095158]]],[[[128.31547375301133,36.19511272155375],[128.3150045119086,36.195007692420106],[128.31532924651785,36.195542972560304],[128.31547375301133,36.19511272155375]]],[[[128.31554119215102,36.195127816297955],[128.31562208891762,36.195625024619275],[128.31602024316888,36.19559969837405],[128.3153422066755,36.19614294515943],[128.3161746642591,36.1969502366432],[128.31617423444416,36.195269508667224],[128.31554119215102,36.195127816297955]]],[[[128.3157610798122,36.19770553743024],[128.31536822538698,36.19797535537239],[128.3157827212712,36.198110294427764],[128.3157610798122,36.19770553743024]]],[[[128.31341182949328,36.20482324559368],[128.31347245649988,36.20712046300692],[128.3136287600909,36.20655676837345],[128.3140545859467,36.20669054064],[128.3136150932855,36.206497403313044],[128.31474921424797,36.2066777934916],[128.31407594646288,36.20730307468811],[128.3150709350123,36.20701696499127],[128.31473061871966,36.20655695681665],[128.3153967164223,36.20616215062356],[128.3149038963384,36.2049510407966],[128.31341182949328,36.20482324559368]],[[128.31487778351368,36.20644187354951],[128.31439922939177,36.20614442729749],[128.3153398095626,36.20608694568538],[128.31487778351368,36.20644187354951]]],[[[128.31310652650058,36.19556308635897],[128.31431150430637,36.198036861940004],[128.3136339697438,36.19852591133943],[128.31354804735759,36.19966728081367],[128.31444992346013,36.20002732832423],[128.31417419298518,36.200543515171184],[128.31457633568897,36.20065624542184],[128.31505899339808,36.1986400051936],[128.3146073264156,36.19852022376848],[128.3148933661298,36.19804957536668],[128.314324427619,36.19755912026119],[128.3149185377094,36.19784996745133],[128.3146189570277,36.19680314772307],[128.31310652650058,36.19556308635897]]],[[[128.313337208997,36.20168812893454],[128.31355853733385,36.20397941245076],[128.31485547156197,36.20458489899179],[128.314396675508,36.20387525634586],[128.31450650359895,36.20345342475549],[128.3147641292612,36.20390726498825],[128.31471004201657,36.203069807627934],[128.313337208997,36.20168812893454]]],[[[128.30419931563134,36.238369465721576],[128.30328100700012,36.23866783479992],[128.30369521161836,36.23949591987285],[128.3043097496127,36.23939554622827],[128.30419931563134,36.238369465721576]]],[[[128.29926688602498,36.24012721703905],[128.29882854263846,36.24117633883883],[128.3005051182811,36.24144244853945],[128.30059429881766,36.24108072897112],[128.3006165781679,36.2416705532263],[128.3021697150653,36.242433658322135],[128.30223986487673,36.24321196644648],[128.30383843793655,36.24401470484607],[128.30359817122152,36.2435475521461],[128.3042032014055,36.24330179763043],[128.30426483480704,36.2426634775954],[128.30364897584724,36.241052904529475],[128.30397959739128,36.240891854502095],[128.3031732186456,36.240885781073715],[128.3022947928104,36.23985630624239],[128.3028733066265,36.23958829484761],[128.30142951537184,36.23911125431844],[128.29926688602498,36.24012721703905]]],[[[128.28019623651087,36.23209232227227],[128.282049905153,36.230549764054594],[128.2777467268605,36.23337692247125],[128.28019623651087,36.23209232227227]]],[[[128.28227811707262,36.23035985407609],[128.28392807314913,36.22898681833131],[128.28443016424077,36.22814508648526],[128.28227811707262,36.23035985407609]]],[[[128.28484107146778,36.2274562200535],[128.28517393136676,36.22689819625682],[128.28484754742644,36.226846174972536],[128.28484107146778,36.2274562200535]]],[[[128.27163200198677,36.23640825205242],[128.27170522159622,36.23673381236075],[128.27315056494308,36.236498092850915],[128.27385556981565,36.23573446077257],[128.27368991409736,36.235605218992745],[128.27401677742245,36.235655206327806],[128.2752352876411,36.234555670054405],[128.27435717722554,36.234415685288354],[128.27276501917413,36.235463774453464],[128.27327856499585,36.23554231121513],[128.27238661929957,36.23636112039241],[128.27163200198677,36.23640825205242]],[[128.27411637736589,36.2351458691961],[128.27381558439845,36.235476013916724],[128.2734217360337,36.23516700254214],[128.27411637736589,36.2351458691961]]],[[[128.27405298650106,36.23674789898608],[128.27369623959984,36.236967969223976],[128.27427438156525,36.23817818395316],[128.27405298650106,36.23674789898608]]],[[[128.2648886794942,36.24305364671057],[128.26806546015476,36.24181625505649],[128.2698901871541,36.240208919483635],[128.2701326102741,36.240568884565114],[128.2721755356678,36.23964248561036],[128.27391070438213,36.239633030857085],[128.27371641336097,36.238090220459924],[128.2716220313817,36.23763918337791],[128.26689240649077,36.238564858117826],[128.26704568728238,36.23794806762851],[128.26669931956263,36.2378539270175],[128.2648886794942,36.24305364671057]]],[[[128.27369065353685,36.237040119131336],[128.2727898457287,36.23738850207128],[128.27375014331798,36.2376463626639],[128.27369065353685,36.237040119131336]]],[[[128.25975145386823,36.23818219679191],[128.26153928612567,36.237918968011684],[128.26179285454893,36.23731038828643],[128.26244816299933,36.23724940648651],[128.26275656286208,36.23775078505935],[128.26625007770883,36.236911449436256],[128.2631155267236,36.235863630406264],[128.26243486815048,36.23711437705889],[128.26173435025572,36.237130779045145],[128.26194810581453,36.236341939315736],[128.25975145386823,36.23818219679191]]],[[[128.2638400513737,36.23833118986817],[128.2659106671622,36.238185705802124],[128.26621483240595,36.23767818437368],[128.2638400513737,36.23833118986817]]],[[[128.26022913230824,36.243270646015404],[128.25991744877066,36.24434235022268],[128.2608856532578,36.243953836107295],[128.261394318193,36.24455085787433],[128.26021804245013,36.24465850429298],[128.26064967761133,36.24521265698453],[128.26364422140028,36.2439555220332],[128.26582117029648,36.23859483265145],[128.26338389085646,36.238839848734216],[128.26199354272427,36.239539384407784],[128.2605614019881,36.242338782064195],[128.2607416141512,36.242078872473876],[128.2606501760041,36.2424732141668],[128.26113367692656,36.24263951728996],[128.26022913230824,36.243270646015404]]],[[[128.25385592404598,36.24390902669145],[128.25753668817364,36.244929044670386],[128.25843311152087,36.2444066346682],[128.2589286871242,36.2449607018173],[128.2600371304496,36.24122042301832],[128.2604805796364,36.2411781789942],[128.25948203927268,36.240263417940355],[128.2595686934178,36.23942445327322],[128.26348127931365,36.23836962583085],[128.25863921384183,36.23903773870959],[128.25683317542448,36.24061409278907],[128.2571611857492,36.24117461884617],[128.25664300422557,36.2408069211919],[128.25385592404598,36.24390902669145]]],[[[128.25854594510562,36.24542929692055],[128.25906519618525,36.246301691190475],[128.25844252266944,36.24821255092136],[128.26012854648832,36.2473988839256],[128.26062196462135,36.245370646905016],[128.26023097644244,36.24488942796613],[128.25953575747033,36.24503001934231],[128.2591161854051,36.246012792667905],[128.25888396503825,36.24525395306401],[128.25854594510562,36.24542929692055]]],[[[128.25789972639018,36.24993649777671],[128.25732326077744,36.251805489257485],[128.25856014407097,36.25046555569087],[128.25802338446314,36.25001629894483],[128.2585559029183,36.25034947422202],[128.25898244725883,36.24983759357013],[128.25852344933196,36.2495951016281],[128.2596961953244,36.24901729717293],[128.25995248606182,36.2482126060256],[128.25789972639018,36.24993649777671]]],[[[128.2583963780555,36.24830022780945],[128.25799756904087,36.249380530053905],[128.25972671662905,36.24793324344997],[128.2583963780555,36.24830022780945]]],[[[128.25606879460074,36.2499511895957],[128.25650293021474,36.25024855240622],[128.2580290248626,36.24945753889228],[128.25743644565694,36.24949080396045],[128.25760043584643,36.2487190314072],[128.25606879460074,36.2499511895957]]],[[[128.25508215639027,36.239451684283345],[128.25600788758405,36.2401651286885],[128.25723127300063,36.239061555677274],[128.2569379212063,36.23865483902103],[128.25508215639027,36.239451684283345]]],[[[128.25638434320754,36.250869646375975],[128.2565373853189,36.251507860902045],[128.256908979489,36.25042981862685],[128.25638434320754,36.250869646375975]]],[[[128.25544989605234,36.25188164453547],[128.25644265070892,36.252042434672326],[128.25613306016854,36.251147847565655],[128.25544989605234,36.25188164453547]]],[[[128.2552611990044,36.25221195674893],[128.25482997445653,36.252404621180524],[128.25566849177676,36.253027346864336],[128.2559908303911,36.25280950839917],[128.2552611990044,36.25221195674893]]],[[[128.2452434290581,36.24026830590916],[128.24633175425475,36.241554602765575],[128.25282981495747,36.243045680533925],[128.25501060612402,36.24168013389696],[128.255968321584,36.240354429788184],[128.24766389475081,36.23942692168039],[128.24787835241548,36.23977870049947],[128.24715788471096,36.2399633914151],[128.24746802199806,36.24032111226622],[128.2452434290581,36.24026830590916]]],[[[128.253509365961,36.250892731478366],[128.2549408421681,36.25159362000365],[128.25551148378804,36.25122436102495],[128.25478033952663,36.25105963079072],[128.25452059414053,36.250462166504064],[128.253509365961,36.250892731478366]]],[[[128.25369812830218,36.25435109320828],[128.25426953512806,36.25668803967803],[128.25514584725445,36.25443503354269],[128.25509719742507,36.25348034637589],[128.25466352978805,36.25379569603131],[128.25510158328464,36.25341372541451],[128.25473980610266,36.25246218697537],[128.25390433960675,36.253330654542026],[128.25369812830218,36.25435109320828]]],[[[128.25084695599315,36.25207405162601],[128.25134844786083,36.25331044759758],[128.25068699562024,36.25421678269599],[128.25125610699234,36.25495926986664],[128.25119547661313,36.25574179732762],[128.2516981605018,36.255860561689],[128.25274267484684,36.25525512193319],[128.25352449606706,36.25300603160709],[128.25470467416946,36.25182620711791],[128.25326186894605,36.25141798072107],[128.2529471944824,36.25191689926636],[128.25294171589334,36.251444518774484],[128.25084695599315,36.25207405162601]]],[[[128.2527526878754,36.26261935215911],[128.2531045711074,36.26154457837119],[128.25335484814778,36.26174101369325],[128.2538976045575,36.261014649946894],[128.2540080055278,36.25989491870822],[128.25359266193632,36.25958776182566],[128.2531326147103,36.260043147720886],[128.253482253561,36.26074971468614],[128.25282762022357,36.260564826791395],[128.2527526878754,36.26261935215911]]],[[[128.2504513215635,36.25685263259352],[128.25092028735813,36.25772726073938],[128.25053837672473,36.258184734576865],[128.25137464378938,36.25834814597258],[128.2507007770585,36.2584337246947],[128.25049932855518,36.25902540012463],[128.25136030256297,36.259845433904225],[128.25135170699758,36.260701596760335],[128.25195717621284,36.26078856302063],[128.25335970663804,36.25927047410118],[128.25287632147288,36.258916030985574],[128.25359511541944,36.25881112808562],[128.25321122901764,36.25506093857755],[128.2504513215635,36.25685263259352]]],[[[128.25020939223774,36.26721969481879],[128.24979791852047,36.26905165914288],[128.2509196962664,36.268982392213424],[128.25041283536055,36.268812564986185],[128.25053419977306,36.26735146797327],[128.25208176476613,36.26670448499696],[128.25294750735455,36.26517251050762],[128.25298857267484,36.2643944052967],[128.2525743751401,36.26391208913265],[128.25151756337982,36.26621477020239],[128.25020939223774,36.26721969481879]]],[[[128.25131295604095,36.261062453936404],[128.25201139054064,36.260901952244325],[128.25136599415777,36.2608996957181],[128.2507225699263,36.26195337316671],[128.251261899517,36.26344196898685],[128.25193141075073,36.26365766374366],[128.2512462978689,36.26441173897127],[128.2517920744104,36.264589865571466],[128.25235391772293,36.26306549325137],[128.25157784794132,36.26196647633699],[128.25204904313836,36.26148323739013],[128.2513335189383,36.26212698585723],[128.2508678589408,36.261922302927815],[128.25131295604095,36.261062453936404]]],[[[128.25008111841552,36.266851573073545],[128.25119204032882,36.26603795072594],[128.25171913523354,36.26471516783498],[128.25106109234045,36.2648047744086],[128.25008111841552,36.266851573073545]]],[[[128.23895672147606,36.24548609471822],[128.2375013682879,36.24803219924051],[128.23818653143982,36.24876090658365],[128.2405177508276,36.2488421220351],[128.24191679312676,36.249697772738315],[128.2461584048307,36.24785910008039],[128.2479404070801,36.246178661615126],[128.247773755924,36.24689229425064],[128.24700873602663,36.24733281552201],[128.247279417112,36.2477756794177],[128.24840108525717,36.24747617005669],[128.24939483780102,36.2459679092976],[128.24802810140548,36.24609664480464],[128.25145141316574,36.24365475078815],[128.2489859505639,36.242671357008064],[128.24416197569218,36.242231008632686],[128.2425896625101,36.24268390416263],[128.23895672147606,36.24548609471822]]],[[[128.2496575417109,36.269230726560764],[128.24907945580924,36.269388052599126],[128.25046123653004,36.27045211208551],[128.24958737206398,36.26967129224299],[128.2496575417109,36.269230726560764]]],[[[128.24986520581092,36.26726834901966],[128.24908488072558,36.26819752321639],[128.24963643041838,36.268973023862515],[128.24986520581092,36.26726834901966]]],[[[128.24599844999432,36.27042647999909],[128.24787166940482,36.26945298730137],[128.2474513179591,36.269420217082036],[128.24889470393538,36.2692478720912],[128.24723948887606,36.269395392755186],[128.24599844999432,36.27042647999909]]],[[[128.234231423956,36.20332792456692],[128.23483722910802,36.20389361551897],[128.23515960706274,36.20569922517415],[128.23886947690033,36.20701258353134],[128.24053496320306,36.20686015883154],[128.24229167937992,36.20544517056745],[128.24561826853255,36.2051368125353],[128.24702848603326,36.20264743243931],[128.2482370285557,36.2017336946953],[128.24345884573293,36.20050382097351],[128.24065097070454,36.199012647418975],[128.23999569845193,36.199463367046135],[128.2401268738183,36.20079907394593],[128.23762589993217,36.19988972529193],[128.23657732554327,36.200863489352855],[128.2379997221854,36.20120923913029],[128.23505097649834,36.20105947915658],[128.234231423956,36.20332792456692]],[[128.24588478252548,36.20414622281954],[128.24505029132567,36.2041098509548],[128.24471250016006,36.20384302343722],[128.24598881187296,36.20369457069161],[128.2448058349512,36.2027156297705],[128.24631874951422,36.20346585044465],[128.24691088658386,36.20224314564768],[128.2475728873326,36.20192084778947],[128.24588478252548,36.20414622281954]]],[[[128.23652100125713,36.28146598329411],[128.23760554029124,36.280875212674445],[128.23739705157294,36.28169424688839],[128.23827920040756,36.28160311473907],[128.2382230192657,36.28120376448147],[128.23847850474624,36.28151219232351],[128.23925504118822,36.2807739581248],[128.23904896269764,36.280256622042494],[128.24001245779846,36.28006012131353],[128.2386701200935,36.280057372577026],[128.23948298021324,36.27996597051252],[128.24128175808676,36.278926635737726],[128.24206683425564,36.27724399200304],[128.23994018157305,36.27929360151799],[128.23919019187264,36.27972490657147],[128.23877461997338,36.27948590815738],[128.2372735354856,36.28021441154758],[128.23768638487732,36.2801679886935],[128.23652100125713,36.28146598329411]]],[[[128.24207954073754,36.279638548537484],[128.242607727751,36.27953082704198],[128.24539846854532,36.27679481973432],[128.24705667436854,36.27609268068168],[128.2477297113886,36.27432745565306],[128.24709125628945,36.27571779363089],[128.24525731972224,36.276559559267305],[128.24264780187937,36.27941195998456],[128.24207954073754,36.279638548537484]]],[[[128.24402727922453,36.27384438210173],[128.24214224701822,36.277172079465224],[128.24444132714746,36.27368399601054],[128.24532758636343,36.271163507706135],[128.24481344858276,36.270790386865826],[128.24402727922453,36.27384438210173]]],[[[128.2447512739561,36.24096125039255],[128.24349199366392,36.241365218384686],[128.24485327172275,36.24132030330352],[128.2447512739561,36.24096125039255]]],[[[128.2435314221022,36.241510230591054],[128.2408512398346,36.242011382095605],[128.2398779466063,36.24318855178355],[128.2435314221022,36.241510230591054]]],[[[128.23046010357908,36.2468812506122],[128.23162986673893,36.24820407904532],[128.23622000781063,36.24791927466919],[128.23865677265778,36.244130710273424],[128.23806180246086,36.24375179256503],[128.23765442137045,36.24381194979813],[128.235165377435,36.245941797247156],[128.23046010357908,36.2468812506122]]],[[[128.2383801510761,36.24370478259745],[128.23862280019517,36.244090009465836],[128.23935009793328,36.24366370232675],[128.23908961460944,36.243265731076775],[128.2392320565871,36.24357898324246],[128.2383801510761,36.24370478259745]]],[[[128.23609949216296,36.248743682181534],[128.2361909395897,36.25066693214615],[128.23724359867686,36.250392922191914],[128.2372741760903,36.24894785705722],[128.2379046068707,36.24892326306849],[128.23770641440825,36.24834858929868],[128.23609949216296,36.248743682181534]]],[[[128.23275842366203,36.282795546182],[128.2326033145202,36.28289732688456],[128.23250818632113,36.283853380906734],[128.2342470504098,36.28219731209752],[128.2355914401312,36.2822773842907],[128.23642676479358,36.28128212373588],[128.23431961504627,36.28177111168356],[128.23282215156468,36.28275372871961],[128.23363472314549,36.28189583316372],[128.23196432082267,36.282728553121956],[128.23275842366203,36.282795546182]]],[[[128.23515186089418,36.280906445769496],[128.23435039640668,36.281610057965636],[128.2362611805659,36.28087806154809],[128.23515186089418,36.280906445769496]]],[[[128.23144048388576,36.24889987505883],[128.2315043742012,36.25208521248854],[128.2325282559137,36.251533879328726],[128.2315020262716,36.251164765707095],[128.23249107082796,36.250984278285],[128.23253261618058,36.2515315314406],[128.23259705710382,36.25149683171172],[128.23265343784144,36.251923415227026],[128.23333231057333,36.251905190182626],[128.23488278190072,36.251039606749686],[128.23492021270982,36.2504732646689],[128.23503222257114,36.25091197563421],[128.23605693227321,36.250666812255766],[128.236073028288,36.248748632930145],[128.23415927471595,36.249169227018314],[128.23144048388576,36.24889987505883]]],[[[128.2236005798741,36.252709730089244],[128.22386131981284,36.25410050780101],[128.22523764969227,36.25388421378322],[128.22523703620226,36.25233088966723],[128.22532037771336,36.2537791947819],[128.22533071208258,36.25233286046972],[128.2254155588593,36.25368786213494],[128.22973072041202,36.25302221631688],[128.230061282192,36.25178426535218],[128.2302482349544,36.25266542402573],[128.23060397928523,36.251602871847325],[128.2311539430203,36.25157143661983],[128.23110615836526,36.248664516315664],[128.22966578712482,36.248530645734334],[128.22810852839916,36.249258540376665],[128.22676470964345,36.25154318657251],[128.2236005798741,36.252709730089244]]],[[[128.22645921849266,36.24731532600945],[128.22593906899297,36.247919980446895],[128.22753432422397,36.24882287926837],[128.22914677324076,36.24806739095293],[128.23079245880686,36.248014423080015],[128.22973681378235,36.24667358062904],[128.22789552551595,36.247545662876526],[128.22837196569844,36.24764961103774],[128.22811875711454,36.247910675408505],[128.2276093712612,36.247367194116556],[128.22645921849266,36.24731532600945]]],[[[128.20749105120862,36.25200064405517],[128.20783739115575,36.25281717993252],[128.21197248376689,36.2525771009917],[128.21478619956153,36.25322440726045],[128.22121143677614,36.252685531371036],[128.2267906111631,36.25035342500096],[128.22744748663948,36.2489654107451],[128.22347500946157,36.24703091512117],[128.2233717808175,36.24740224996991],[128.22237627500596,36.24729059626073],[128.22240448559984,36.24803736052155],[128.22126018906363,36.248160852986594],[128.22132715756237,36.2488683977473],[128.22091546665774,36.24847924333306],[128.2201874654604,36.2485520922823],[128.22020051031257,36.24897426248631],[128.22010982363125,36.24851651332174],[128.2193324161633,36.248654454065324],[128.21656523046065,36.250354145284625],[128.21108118392848,36.2512600575221],[128.21116334798177,36.25205362775398],[128.20880189784168,36.252065715818254],[128.2087802830784,36.25237928104689],[128.20822836445504,36.25173866065297],[128.20749105120862,36.25200064405517]]],[[[128.22667706148047,36.28348048801953],[128.22702477905446,36.28318029032291],[128.22653412184397,36.28317155408813],[128.22667706148047,36.28348048801953]]],[[[128.20198603923393,36.25722860904075],[128.20015859001174,36.257778630514125],[128.20031709678796,36.25886853505282],[128.20110399585974,36.258535093480674],[128.20120405998148,36.25900702364878],[128.20353828472358,36.258676860897026],[128.20366019331735,36.259189509498356],[128.2042777889547,36.259032919917786],[128.2044674376978,36.25764089803123],[128.20471530361516,36.258160766980396],[128.2058546372392,36.25786993352426],[128.2058216538915,36.25754189981859],[128.20594826249433,36.25791732429304],[128.2070269762171,36.25780640039039],[128.20700461712866,36.25742767882401],[128.20796795465023,36.25730536180917],[128.2081696311711,36.256252233815474],[128.20947021928708,36.25658391561369],[128.21053593749713,36.25609706174355],[128.21065703295272,36.25660997529109],[128.21286254669312,36.25641448497611],[128.21288277968983,36.25608705554325],[128.21304302036165,36.256508457360795],[128.21392225473815,36.256351102553694],[128.21401097819393,36.25500531243943],[128.21409144579002,36.25587495672702],[128.21413019246458,36.25507452491476],[128.214290620205,36.256428465229114],[128.2184423885141,36.25561737815489],[128.21847681148978,36.25516936037753],[128.2211582855243,36.254942522262326],[128.2221057371774,36.25394435945743],[128.22357123515403,36.25376992008729],[128.2234125354278,36.252754444313055],[128.2200871538706,36.25354892637847],[128.2175971709223,36.25330015873018],[128.21417624366953,36.25412319554647],[128.21418249817572,36.2539939894718],[128.21407280605195,36.254067484675346],[128.21409346653317,36.25375409887296],[128.21089037427114,36.25309753653022],[128.20568562179787,36.253618281655854],[128.20340744546203,36.254871364798426],[128.20198603923393,36.25722860904075]]],[[[128.20543698159622,36.25220866328604],[128.2054101251181,36.252697485196826],[128.20470947344668,36.25303198031002],[128.206149732015,36.25251456073732],[128.20728077107603,36.252795765564926],[128.20724438319172,36.251876975104345],[128.20543698159622,36.25220866328604]]],[[[128.20468810982152,36.253121666596954],[128.20446604382184,36.25281980952255],[128.2036244488323,36.253403171160215],[128.20468810982152,36.253121666596954]]],[[[128.2006037160811,36.25373608937845],[128.20014976456488,36.25457968911242],[128.20196861821606,36.255600757047695],[128.20379437257924,36.253688112696516],[128.2006037160811,36.25373608937845]]],[[[128.19723342322752,36.256393165485996],[128.19650058317163,36.25795045197748],[128.2003972127808,36.257086625485385],[128.20211114853976,36.255722456246005],[128.20009679503238,36.254830008487254],[128.19723342322752,36.256393165485996]]],[[[128.19711973716912,36.25842185792481],[128.19596178626338,36.25983020224255],[128.1959824649552,36.26077687803994],[128.19702629270603,36.260283014485914],[128.19693361440247,36.259688295352966],[128.19717832465844,36.26028169953428],[128.19816648482433,36.25970475774744],[128.19796781521066,36.25999233682867],[128.19879353920712,36.2598493437777],[128.19876165739484,36.25851747310667],[128.19921432941192,36.25893759929432],[128.19919444793464,36.258461561152046],[128.2001173081358,36.25836690329949],[128.19999891270658,36.25779392135396],[128.19879853770752,36.257757105149615],[128.19711973716912,36.25842185792481]]],[[[128.19152515347898,36.258167167969596],[128.19059412616613,36.25940836673086],[128.18969641817108,36.2597665318701],[128.19008793213348,36.26063673821757],[128.19185797993444,36.25996128283583],[128.1947475005546,36.25973420253074],[128.1964015695822,36.25823585231209],[128.1959638428655,36.25777559333157],[128.19451293707118,36.25821362676062],[128.1927955159199,36.25772818833409],[128.19152515347898,36.258167167969596]]],[[[128.19466974050553,36.26052152335054],[128.19525258697112,36.26050801727685],[128.19535938166354,36.260169644679756],[128.19466974050553,36.26052152335054]]],[[[128.19141966066107,36.260695569853304],[128.19195694006368,36.261348045072644],[128.1937052762057,36.260349984951915],[128.19141966066107,36.260695569853304]]],[[[128.18723997706485,36.262142906367245],[128.18743896067534,36.262932383512975],[128.1919890642716,36.2616586165608],[128.19134044331776,36.26068481758937],[128.18723997706485,36.262142906367245]]],[[[128.18205168279107,36.26120304900218],[128.18324107516892,36.261558405905994],[128.18270937025144,36.261637073939916],[128.18319753479176,36.2619046014408],[128.18500522937478,36.262018098789746],[128.1842717528004,36.261586597185044],[128.18551389151665,36.262051892734846],[128.18560264958927,36.261666668319776],[128.18609159905634,36.26199209654699],[128.1900668088585,36.2607540960311],[128.1895321369703,36.2599393817233],[128.1872031577373,36.25971020521078],[128.18675507111536,36.260096706721875],[128.18511394373564,36.25988411887072],[128.18477524617919,36.26029690853222],[128.1840191232926,36.25998886687203],[128.18340036772096,36.26022759674808],[128.18353924941877,36.26054209094846],[128.1823413237557,36.260645509717214],[128.18205168279107,36.26120304900218]]],[[[128.18605971720373,36.26282138717461],[128.18733542521727,36.26295591454896],[128.1870237655049,36.26221430313946],[128.18605971720373,36.26282138717461]]],[[[128.1816290585248,36.26195516842214],[128.17993082507252,36.26231907735563],[128.17824996712216,36.2636736318794],[128.17832199423026,36.26425232687632],[128.17922257896325,36.263595242690265],[128.17946216874415,36.264368131002875],[128.1800738951023,36.263735986131124],[128.18040182595942,36.264142951558775],[128.18152287583933,36.26379452958219],[128.18141799487157,36.26313357175277],[128.18161643700654,36.263772150427044],[128.18265765840178,36.26355361915387],[128.18278092965315,36.26400278757223],[128.18322389069365,36.263282948894904],[128.18382308779252,36.26314491890722],[128.18393297386822,36.263493969459375],[128.18592442889076,36.26284576650084],[128.1855975076342,36.26246181543015],[128.1816290585248,36.26195516842214]]],[[[128.181186981483,36.26153500194288],[128.18116295655926,36.260908224050745],[128.18160615078682,36.26090364618435],[128.1814286419518,36.260709906235974],[128.17987759833116,36.261648667293585],[128.181186981483,36.26153500194288]]],[[[128.18171551288378,36.2614891210203],[128.18211111158655,36.2614547797618],[128.1816716056202,36.26097508609909],[128.18171551288378,36.2614891210203]]],[[[128.1775907742995,36.26201302204814],[128.17763553579263,36.26290887662974],[128.1764326564972,36.26240751506238],[128.1766438047282,36.26341910427312],[128.17781335228634,36.26334053344579],[128.17877012738342,36.26256543909266],[128.17840291042026,36.26274395453775],[128.17814033011027,36.26194468846354],[128.1775907742995,36.26201302204814]]],[[[128.16914747943798,36.26315231294294],[128.16941417450104,36.263759108267784],[128.17060432050573,36.263049355292736],[128.16914747943798,36.26315231294294]]],[[[128.16889111316118,36.26326649082894],[128.16838047411667,36.263360339232335],[128.16868931346343,36.26396980891633],[128.16873805235335,36.26331206346254],[128.16902663453854,36.26397574124886],[128.16934389161048,36.263857208941964],[128.16889111316118,36.26326649082894]]],[[[128.16627745235613,36.26400726023736],[128.1684799626884,36.26405409101822],[128.16830386558303,36.263434433746106],[128.16627745235613,36.26400726023736]]],[[[128.1645929748688,36.264924812939476],[128.16614770376165,36.26512240800612],[128.16655166413153,36.264574032657436],[128.1645929748688,36.264924812939476]]],[[[128.16325712820765,36.2650284293632],[128.1633236606509,36.26538383051279],[128.1644676198581,36.26518629201819],[128.16325712820765,36.2650284293632]]],[[[128.16097614213675,36.266243916577444],[128.161851056367,36.265766694052544],[128.16170943838307,36.26535880131178],[128.16097614213675,36.266243916577444]]],[[[128.1599537074693,36.26649282310884],[128.16015898338512,36.26720526062055],[128.1607966425142,36.266305101751215],[128.1599537074693,36.26649282310884]]]]}},{"type":"Feature","properties":{"id":"urban","name":"50년 빈도 도시침수구역","riskLevel":"50년 빈도 예상","note":"도시침수 시뮬레이션 · 선택 레이어","color":"#d97706","datasetType":"scenario","defaultEnabled":false},"geometry":{"type":"MultiPolygon","coordinates":[[[[128.44958154554539,36.13823927062022],[128.44970429295904,36.13840862884437],[128.44927151213292,36.13862149545327],[128.4493342993941,36.13816200286872],[128.4482289945764,36.138219053752955],[128.44832101906286,36.1379478043782],[128.44787715153993,36.137972991278616],[128.44796311764242,36.13896180739627],[128.4476386258163,36.1389837377914],[128.44766262418528,36.13933446989381],[128.44801406144856,36.13950145241755],[128.44809173338643,36.14048292968506],[128.44777650826896,36.14069509743283],[128.44802704146616,36.1409930805741],[128.44797058484727,36.14293366066819],[128.44764289207188,36.143048099705105],[128.44787575758087,36.14312425375316],[128.44799074928886,36.14446696913982],[128.44780991122542,36.147552150654406],[128.4480104181036,36.1485537088111],[128.44783139312028,36.14909084163298],[128.44801296520575,36.15250570981272],[128.44862027688808,36.153014773313025],[128.4491586356096,36.15289329957458],[128.4490748060217,36.15326271461631],[128.44953965264037,36.15341461289148],[128.4516404656593,36.153204601495815],[128.45231628345928,36.153349579340784],[128.4525232489595,36.15316218459027],[128.4514790046798,36.1525892227822],[128.4519065648276,36.15246668563676],[128.4518773583408,36.15210813008301],[128.45276161064805,36.15205808105195],[128.45297491633428,36.1493362880214],[128.45285189127299,36.1479059413766],[128.4531376585611,36.14734249259073],[128.45363429071938,36.146499097986705],[128.45396059777917,36.146566592461745],[128.4548136669926,36.14598007998754],[128.45548013449627,36.14603314972251],[128.45523044363227,36.14568658144615],[128.45588245473573,36.145559038751294],[128.45575623236329,36.14539149487094],[128.4566340445709,36.14533582192347],[128.45671280224425,36.14488285985359],[128.45648135869743,36.144889509559185],[128.45671250578596,36.14478410223034],[128.45667979079866,36.144425131632396],[128.4570095075161,36.14450160745035],[128.45732403761477,36.144209075476475],[128.45709304307047,36.14413315642212],[128.45706869237043,36.14377958007446],[128.45730750164128,36.14402922973301],[128.45727754584823,36.14367942165789],[128.45697033801082,36.142698005780375],[128.45640899819506,36.14264209296789],[128.45656253524191,36.14317341711751],[128.45622594724802,36.14310582301645],[128.4561268974994,36.14454835359497],[128.45591153283345,36.144744858837626],[128.45413276947966,36.144663717485],[128.4539945403576,36.14440136253902],[128.45355463584758,36.144417443905006],[128.45355606927555,36.1430754415494],[128.45409584782644,36.142940357165195],[128.45418390396827,36.14267036564181],[128.45404436043418,36.14232137639066],[128.45397046349603,36.142777176014135],[128.45363787199497,36.142795727508116],[128.45370764295865,36.14225054978499],[128.45436746075498,36.14221224822338],[128.4543502850247,36.14202942699052],[128.45346678448269,36.142173195227876],[128.4535084870124,36.14262424099414],[128.4531606434598,36.142459462546704],[128.45336671449306,36.142275480742846],[128.45303034482214,36.14219853207651],[128.45307583615255,36.14273820326279],[128.45249172817796,36.14249353613409],[128.45208181745159,36.14279128266332],[128.45189771106354,36.14198709970246],[128.4515764788221,36.142191240990094],[128.4518219126756,36.1423571450642],[128.45161874357012,36.14263907092825],[128.45059267561504,36.14242073157435],[128.45046092639146,36.140807526810626],[128.45123034357374,36.14084164769349],[128.45043690792303,36.14053667668605],[128.45072401321363,36.139982585972206],[128.45094150061934,36.139878032911355],[128.45128264199462,36.14012896833766],[128.4512787872188,36.13984992797141],[128.4513990035222,36.14002851549958],[128.45159992210537,36.13984585530917],[128.45184895185122,36.140096910825925],[128.45240040548447,36.14006587428202],[128.45238419530583,36.1397994932483],[128.45312267565242,36.139296154200174],[128.45203902295353,36.13845806333717],[128.4513879263467,36.13858919523048],[128.4510005708249,36.13806786180418],[128.44958154554539,36.13823927062022]],[[128.456399445623,36.14526640556691],[128.45617401754814,36.145092059540005],[128.4564013109603,36.14507273164345],[128.456399445623,36.14526640556691]],[[128.45563887337357,36.14529827220463],[128.45572645481508,36.145031490738326],[128.45595213801414,36.14510964328692],[128.4559679620298,36.14528634484711],[128.45563887337357,36.14529827220463]],[[128.4550664521953,36.14514708886029],[128.45527876447343,36.14505033504636],[128.45529544754527,36.145225147431994],[128.4550664521953,36.14514708886029]],[[128.45349942871817,36.14506113374516],[128.4534890435806,36.144881959808394],[128.4545839296639,36.144725362373045],[128.45471992279136,36.1449924782619],[128.45349942871817,36.14506113374516]],[[128.45469190975885,36.14598718046607],[128.45447021230422,36.1460006249167],[128.45444721785952,36.145731959670606],[128.45466887706507,36.14571556544534],[128.45469190975885,36.14598718046607]],[[128.4535789460061,36.14595984057535],[128.45364820093164,36.14550701642718],[128.45407262632418,36.145300386418114],[128.45433635801487,36.145732804286105],[128.4540077316669,36.145665889542784],[128.4535789460061,36.14595984057535]],[[128.45392086174627,36.146121144490714],[128.4536153284142,36.14641053155818],[128.45359115855646,36.146140560245705],[128.45392086174627,36.146121144490714]],[[128.45224480393026,36.14468096744628],[128.45155147976962,36.14445214274925],[128.45185476958568,36.14407018773873],[128.45277229099509,36.1443758690122],[128.45342854054522,36.14425283447748],[128.45335627102253,36.144708290384365],[128.453138790038,36.14472109814441],[128.45324152232632,36.14453446062864],[128.45224480393026,36.14468096744628]],[[128.45100075714646,36.14312920729775],[128.45155226408247,36.1431846645281],[128.45175664555677,36.142989057115976],[128.4526859025257,36.143296117154854],[128.45321424754505,36.143090921141294],[128.45337525780286,36.143617438801286],[128.4523548800317,36.14341015342829],[128.45238509874883,36.143766617295114],[128.45216834141684,36.14378588455479],[128.45191023334837,36.143435639874184],[128.45158919203809,36.14345354192928],[128.45162021967508,36.14390967667649],[128.451388065455,36.143823784259865],[128.45123023771473,36.14329329995762],[128.45100075714646,36.14312920729775]],[[128.45246480202536,36.145932956947306],[128.45247630631275,36.14619671033714],[128.45279967619757,36.14600418048034],[128.45305178985888,36.14635202933985],[128.4526425879374,36.14673626437294],[128.45265452631642,36.14691350825867],[128.4531063045135,36.146981810369496],[128.45312320419544,36.147160103262685],[128.45269048965193,36.14718560480373],[128.45290318701004,36.147263946722724],[128.45281971721357,36.147538697162766],[128.4521475604885,36.14748282878349],[128.45208953643635,36.14550843006727],[128.45227263398334,36.14504235964303],[128.453370442949,36.14488838441685],[128.45334614755222,36.14588028402253],[128.45246480202536,36.145932956947306]],[[128.45297701133683,36.144097746805954],[128.45264041206985,36.14411725885739],[128.4526198936703,36.143943910000004],[128.45283434739127,36.143836468835026],[128.45297701133683,36.144097746805954]],[[128.452532806822,36.14285348719107],[128.4527477644364,36.142756171410625],[128.45276342985258,36.14302144957856],[128.452532806822,36.14285348719107]],[[128.45263159299972,36.15182316898585],[128.45220199956654,36.151999681746105],[128.45218570713405,36.151819636909146],[128.45263159299972,36.15182316898585]],[[128.45216648066565,36.14770741951517],[128.45260577504038,36.14764055689542],[128.45262340254573,36.14781673523698],[128.4521950394409,36.148022674203595],[128.45216648066565,36.14770741951517]],[[128.45258323513974,36.148003175293915],[128.45256526426866,36.14845631380931],[128.45223696407155,36.14847462849672],[128.45258323513974,36.148003175293915]],[[128.44950020026297,36.13995880195776],[128.45016155340903,36.139921712676994],[128.45013140062755,36.139565817523795],[128.45033753187408,36.139464657038175],[128.4484890388982,36.13983166044171],[128.4482876012072,36.13876266289472],[128.45016690843468,36.13865658307597],[128.44992576057766,36.13840485174225],[128.45057267430437,36.13827407405528],[128.45061707652346,36.138721466999435],[128.45229170743255,36.13880926426849],[128.45197034373965,36.138916370625495],[128.45200392884985,36.13936415808553],[128.45044841836702,36.13945342323342],[128.45060501307339,36.1398947027734],[128.45027669412602,36.13991607665199],[128.4504261228349,36.14036029253734],[128.44950020026297,36.13995880195776]],[[128.45076168179344,36.14819693173306],[128.4518771229517,36.1482319900997],[128.45217266688363,36.14911051675634],[128.45149754312826,36.14897382403262],[128.45187729399237,36.14948881700515],[128.45053067468646,36.14938387602147],[128.45061163383042,36.14893214376068],[128.45082270649064,36.148911823460786],[128.45076168179344,36.14819693173306]],[[128.45005712105504,36.144171929111366],[128.45064374157673,36.144234203900474],[128.45070325801845,36.144858142449664],[128.45167929586827,36.144713146102845],[128.45193815074677,36.145059730066244],[128.4500528443663,36.1450821055786],[128.4500290408514,36.14489646415437],[128.45036416481486,36.14483962751813],[128.4497683254378,36.14445936010298],[128.45005712105504,36.144171929111366]],[[128.451644468663,36.144089526262896],[128.45142443931763,36.14418626988346],[128.45139892497463,36.144005736315975],[128.451644468663,36.144089526262896]],[[128.45155706403995,36.14580882047962],[128.45122549462494,36.14581833003024],[128.45131502767293,36.14554642675143],[128.45155706403995,36.14580882047962]],[[128.45073300718218,36.14647895847546],[128.4505129822324,36.146582876056954],[128.45044996301354,36.145870638400254],[128.4510264368563,36.14610508284093],[128.45060767790497,36.146309842918974],[128.45073300718218,36.14647895847546]],[[128.45098805524657,36.14565184895742],[128.45042700864238,36.14559131775018],[128.45039806888934,36.145240228431014],[128.45094315194675,36.14520618211265],[128.45098805524657,36.14565184895742]],[[128.44985662864823,36.14291295414829],[128.4505367810104,36.143064716782966],[128.4506795480844,36.143408945808396],[128.45023875961803,36.14334405146581],[128.45013577055894,36.1436261420601],[128.44980894050056,36.14364785718798],[128.44985662864823,36.14291295414829]],[[128.450328438398,36.141988094366994],[128.45002026523352,36.14209978115578],[128.44999448572426,36.14191457987463],[128.450328438398,36.141988094366994]],[[128.4502948410313,36.14542160610829],[128.44986064604444,36.14554573059176],[128.4500950362296,36.145619694094286],[128.44999946939285,36.1458913893354],[128.44966738192255,36.14591093579334],[128.44983097152183,36.146442637231054],[128.44895210474945,36.146583199816725],[128.4489549706803,36.14531885908747],[128.4501700308992,36.14515737198698],[128.4502948410313,36.14542160610829]],[[128.45021648804243,36.14055677145225],[128.4502882037291,36.141449817791255],[128.4495173870224,36.14139416198165],[128.44936604117177,36.14104455558569],[128.44915936999124,36.141246082748324],[128.44939919389745,36.14141208592595],[128.44939841939063,36.14276608883621],[128.44964793555818,36.14302133853878],[128.44843930879108,36.14308966515327],[128.44819155153303,36.14291424291129],[128.44817267499025,36.14138843396728],[128.44905948254276,36.14133854566974],[128.44900458741466,36.140708370862974],[128.44867917080688,36.14072847343996],[128.44869092124824,36.14099816027861],[128.44824724928938,36.141022884980316],[128.44823947099724,36.140844397875455],[128.4491031067687,36.14061356359695],[128.44924243544665,36.14088151717891],[128.45021648804243,36.14055677145225]],[[128.4502775167809,36.147682253501145],[128.44914053857963,36.147481329559014],[128.44912471150195,36.14729629525023],[128.4502775167809,36.147682253501145]],[[128.44846478631072,36.14868822148104],[128.4487962521316,36.14866871459882],[128.4489887559718,36.148297613185946],[128.4502072032637,36.14822829080259],[128.45017281227575,36.149126552761196],[128.44953212435445,36.14944083579585],[128.4497687343482,36.149608813166275],[128.44985325896235,36.150588411188025],[128.449565041104,36.151153467864475],[128.44902209223648,36.151275770247004],[128.44846478631072,36.14868822148104]],[[128.44822090018926,36.14843433437828],[128.44818142538992,36.147986656262354],[128.44839343817637,36.14787775029207],[128.44812746211292,36.147359939738095],[128.44815634305172,36.145093069533026],[128.44979551523298,36.14472936792934],[128.4498184398855,36.145088584524856],[128.4487098915536,36.14505656799237],[128.44876602893015,36.14830921499858],[128.4483149895585,36.1481491154595],[128.44822090018926,36.14843433437828]],[[128.4494283082145,36.14682867192303],[128.44976286802512,36.146896331180855],[128.44954953240443,36.14700742906911],[128.4494283082145,36.14682867192303]],[[128.4493379207616,36.14719365217407],[128.44900652716382,36.14721233058628],[128.44898318287537,36.14694291220574],[128.4494246481987,36.1469145761433],[128.4493379207616,36.14719365217407]],[[128.44882662159324,36.14379036857695],[128.44920430586853,36.14431009954789],[128.4488720580251,36.14433036296985],[128.44882662159324,36.14379036857695]],[[128.44868999908078,36.14352806459003],[128.44825403643048,36.14364211965618],[128.44822391736642,36.14328441251572],[128.44887773355407,36.143154499121785],[128.44868999908078,36.14352806459003]],[[128.44874702554856,36.14419672347712],[128.44831692449475,36.14436068194703],[128.4481758039643,36.14400638634133],[128.44874702554856,36.14419672347712]],[[128.44848172481292,36.14367734619225],[128.4484976906618,36.143897435418125],[128.44828601961757,36.14391400558634],[128.44848172481292,36.14367734619225]],[[128.44836189002248,36.1386641302629],[128.4481280410498,36.13832034270343],[128.4483533395793,36.13830729106692],[128.44836189002248,36.1386641302629]]],[[[128.4525707341306,36.14068389586691],[128.45230604253405,36.14025199063823],[128.4519725451638,36.140183764760444],[128.45177926205898,36.14054673797637],[128.45151472394465,36.140116752142895],[128.45128832672958,36.140124565034874],[128.45134703765478,36.140757137161444],[128.45201451326335,36.1407199192219],[128.45202135028404,36.140876673281525],[128.45169919358287,36.14101293994915],[128.45177047519533,36.14181735049475],[128.45121563488212,36.14184131723947],[128.4522228231952,36.141882027790146],[128.4522511349638,36.14079727146486],[128.4542496687431,36.14076763991277],[128.45389030916536,36.14061123777282],[128.4525707341306,36.14068389586691]]],[[[128.4489631783056,36.13242460484834],[128.44950860506734,36.13250370138318],[128.45390957081804,36.131715845489886],[128.44982236140345,36.132121430768294],[128.4489631783056,36.13242460484834]]],[[[128.45147138524717,36.13822539016396],[128.45155114394785,36.137951186328266],[128.45109712201423,36.13788030692937],[128.45147138524717,36.13822539016396]]],[[[128.44424627100972,36.08878464980315],[128.4437754079683,36.090416383878164],[128.44436728603048,36.09121125734112],[128.44418742969978,36.092303794639676],[128.44453116452664,36.09256523134315],[128.44456446812734,36.093015477498874],[128.44665488777125,36.09276523322077],[128.4464536806523,36.093226674415206],[128.4466978539905,36.093580147920385],[128.44437398286107,36.09373434468545],[128.44425326397254,36.09347447189454],[128.4442814230067,36.09410608499792],[128.44603916797502,36.0936915539999],[128.44737961224095,36.09382423035158],[128.4487955768116,36.09324365244],[128.4507943684337,36.0932632953639],[128.4490387236619,36.09142884226235],[128.44845501972782,36.09100403956477],[128.44767866803232,36.090833271102966],[128.4476502484916,36.09029911577115],[128.44709152443104,36.09022318559241],[128.44718557863538,36.08986406789733],[128.44663572616417,36.08987982035483],[128.44661105744865,36.0894306878399],[128.4452828352442,36.089375515963845],[128.44536763016242,36.08893291874341],[128.44458597431824,36.088862746794156],[128.44456885971005,36.08859112938796],[128.44424627100972,36.08878464980315]],[[128.44850626185712,36.091986806400215],[128.4491758000886,36.0918740975433],[128.4495065916512,36.0920457227913],[128.44850626185712,36.091986806400215]],[[128.4449993866526,36.090563832071275],[128.444885087033,36.09038498419137],[128.445107088678,36.09038230675367],[128.4449993866526,36.090563832071275]],[[128.44502620129745,36.09113598045777],[128.44481875371753,36.09129116819297],[128.44480154194122,36.0911111917865],[128.44502620129745,36.09113598045777]],[[128.44495846960223,36.089839004634705],[128.4447589753976,36.090120580998835],[128.44473498607763,36.0897606392406],[128.44495846960223,36.089839004634705]]],[[[128.44940667716295,36.126643058608835],[128.44970182152022,36.126805888613255],[128.44956002986174,36.12654440398298],[128.44940667716295,36.126643058608835]]],[[[128.44842472584648,36.134015752568075],[128.44653839363352,36.134035303278246],[128.4460733248961,36.13386941152184],[128.44604985407827,36.133606898826514],[128.44560749764142,36.13363057647527],[128.44609605083818,36.13413981173388],[128.4457750150723,36.13425491477232],[128.44564581037147,36.13407329559452],[128.44555986667157,36.134357919877],[128.4453208798072,36.13418678095936],[128.44535878991368,36.13463456752788],[128.44514896674988,36.13474610261242],[128.44537843479833,36.134912138362296],[128.44545503812378,36.13445395482227],[128.44567631930633,36.1344415037948],[128.44568497415963,36.13588515356288],[128.4448047242314,36.13593474684029],[128.4448270870787,36.13629234720627],[128.44604322018475,36.13613887239412],[128.44624691414387,36.13577092252628],[128.44610006831044,36.13550081381285],[128.447527546608,36.13541854593732],[128.44608147138197,36.13523049717027],[128.4461277526374,36.134509414757034],[128.44644185289727,36.134397522300425],[128.44780434495954,36.134594492053616],[128.44792052566441,36.13593782573365],[128.44750398921477,36.13632256258938],[128.44828387249254,36.13628504152143],[128.4480809675943,36.135213147157486],[128.4483874282885,36.13491415675089],[128.44814826506123,36.13465582559708],[128.44822532895057,36.13429691182149],[128.44937139399156,36.134683454289885],[128.4493332718856,36.13423341538832],[128.44885938661747,36.13397965107327],[128.44893832079487,36.133530235660714],[128.44842472584648,36.134015752568075]],[[128.44583464194233,36.134975488922734],[128.446020985399,36.13586155289821],[128.4458056691644,36.135881988506036],[128.44583464194233,36.134975488922734]]],[[[128.4490648298698,36.134968291757055],[128.44882154771824,36.13471517616383],[128.4484931750609,36.134823922273846],[128.44866588952544,36.135538061556026],[128.44888673483646,36.13552105556453],[128.44872440076776,36.134898160478805],[128.4490648298698,36.134968291757055]]],[[[128.44829391454925,36.13249021125405],[128.44830622410387,36.13266684424937],[128.44852199496006,36.13256069978788],[128.44829391454925,36.13249021125405]]],[[[128.44784865529996,36.123480891838646],[128.44756334121723,36.12394808558219],[128.4479311871457,36.12374122082946],[128.44810730967268,36.12392332410548],[128.44784271163175,36.12465768450453],[128.44806598550258,36.124729179429515],[128.44834160168753,36.12400191956794],[128.44810778308582,36.12382835937264],[128.448185246185,36.12346104279307],[128.44784865529996,36.123480891838646]]],[[[128.44797039437998,36.132594706959146],[128.44809868629713,36.132858590294596],[128.44831526691146,36.132752459838024],[128.44797039437998,36.132594706959146]]],[[[128.4479324396095,36.133505290242596],[128.44807565227035,36.13376432757084],[128.4482814445234,36.13365511870875],[128.448238415944,36.1332083394478],[128.4479324396095,36.133505290242596]]],[[[128.4458455865451,36.13641794557211],[128.4458624230294,36.136597369858066],[128.44741563694993,36.13650011222116],[128.4458455865451,36.13641794557211]]],[[[128.44639767440694,36.13887302724512],[128.44727828945858,36.13872934805981],[128.44582460900295,36.138723684581464],[128.44628301383148,36.13888290739817],[128.4462224939606,36.13942431364728],[128.44643488132698,36.13931238612406],[128.44639767440694,36.13887302724512]]],[[[128.44446399390003,36.12818646159357],[128.4448220761879,36.12834209754338],[128.44480251022856,36.12816742676402],[128.44446399390003,36.12818646159357]]],[[[128.4439847163955,36.12387974679924],[128.44366398881536,36.123893934722744],[128.4432893366825,36.12354952826719],[128.44274163399913,36.12358960675253],[128.4426784738028,36.124133348087874],[128.44300935684353,36.12412116169053],[128.44318141489651,36.12482109448354],[128.4436514342557,36.12506880695698],[128.4439645359921,36.12486604652219],[128.4441527960325,36.12576382482703],[128.44400835203922,36.12666728794444],[128.44446336604898,36.126831330806745],[128.44472196133734,36.12591015194615],[128.4439847163955,36.12387974679924]],[[128.44401945311046,36.12423901104776],[128.44370232509354,36.1244363611242],[128.4439410495563,36.124603004874274],[128.4433796274979,36.124539206012244],[128.44355752228685,36.123991036649265],[128.44401945311046,36.12423901104776]]],[[[128.44409694723015,36.14063043896856],[128.44371452030546,36.139923694272895],[128.44363084395903,36.14037474373149],[128.44399462755518,36.14072098873889],[128.4433271652226,36.14066767087765],[128.44317645877166,36.140317916134315],[128.4433953333178,36.1402135789321],[128.4429512506091,36.140237338237334],[128.4429895234739,36.1406837872081],[128.44243778492762,36.1407136953419],[128.44244582294945,36.14089853186802],[128.4443269102862,36.14069925622511],[128.4443869560553,36.13880232212392],[128.44471634444224,36.13878380449139],[128.44438003648443,36.138712174145816],[128.444442359953,36.138170797887796],[128.44422279350678,36.13818112642945],[128.44426061785023,36.13862794183205],[128.4440359791546,36.13873121737894],[128.44304524936368,36.138697960837824],[128.44415942617863,36.13881534005793],[128.4442189103456,36.13943935164331],[128.44356244862027,36.13957140895759],[128.44370067194302,36.13983376586973],[128.44413191282746,36.13972006151774],[128.44409694723015,36.14063043896856]]],[[[128.44354162016828,36.13167096502788],[128.44164855724358,36.13159818531874],[128.43957142968569,36.13216399178196],[128.4385710815574,36.132131746473064],[128.43859423016906,36.132311007052614],[128.43903333730896,36.132286253595254],[128.43905756192746,36.132557471907354],[128.43937408266086,36.13226730250161],[128.44121952643803,36.13180208991363],[128.44356627890832,36.13194303742645],[128.44353211798776,36.13410757157986],[128.4432082248062,36.13422074136603],[128.44354832024473,36.13429399606372],[128.44360305048613,36.13626949077191],[128.44339221214656,36.136381226097214],[128.4436252409174,36.13645643926625],[128.443670198839,36.13699265616945],[128.44421999575147,36.136865175978],[128.44371698727073,36.136258733798854],[128.44366356201047,36.13563827448738],[128.44372369757164,36.133741407389714],[128.4439293847063,36.13354428347803],[128.4437591199538,36.1328344000633],[128.4439705545183,36.13272361033822],[128.44371713384393,36.131071163023776],[128.44372721001602,36.12859145747815],[128.44404371040778,36.12829766458902],[128.4437953091873,36.12813016541129],[128.44357816485999,36.128150226995565],[128.44354162016828,36.13167096502788]]],[[[128.43057461157738,36.14914555620474],[128.43168469745564,36.1504430958006],[128.43247647453643,36.151853454775505],[128.43307455064058,36.152357394010416],[128.4336302517987,36.153588753681994],[128.43469806455897,36.154261153348656],[128.43479492328623,36.15551049753915],[128.43457339018548,36.15552350781902],[128.4346111998549,36.15597067803132],[128.4343852431555,36.15598569290589],[128.43474549453072,36.15624219398057],[128.43470333223902,36.15704291858211],[128.43431457241493,36.15770733686957],[128.4345330313232,36.15895688191831],[128.43403160448077,36.16097281355507],[128.4338163643559,36.16098545253005],[128.4339650485059,36.16142390664101],[128.4337906615241,36.16198513098497],[128.4338356500482,36.16251721437177],[128.43406553962544,36.162603631415955],[128.43435367434176,36.16340180662716],[128.4344586464537,36.16459462638297],[128.43380099899562,36.164779400455565],[128.43473597447235,36.165177032596766],[128.43476476464429,36.16553713648308],[128.43421709919642,36.165659200340365],[128.43469009927637,36.166001937180255],[128.43462908385928,36.16662912044675],[128.4353767684547,36.16622579800867],[128.435522133906,36.166583465706005],[128.43641258544824,36.16661909596339],[128.43791221724908,36.167167085423465],[128.44144449048258,36.16679055348184],[128.44150831115434,36.166333707667434],[128.44071698131893,36.16619444061291],[128.44115734669043,36.16599009588411],[128.44090964586783,36.16582365049789],[128.43744091764523,36.16565519682652],[128.43602113658025,36.16582853289741],[128.43521610917563,36.16560294197382],[128.43517104588014,36.16506338286396],[128.4362996188401,36.164996080615154],[128.43921243153687,36.165376583697636],[128.43841557728933,36.165241011807275],[128.4375893223196,36.16474690226825],[128.4354615191237,36.16458706684037],[128.43557970491614,36.163301594443105],[128.43504755293688,36.162358640037255],[128.43495655244834,36.16128611328469],[128.43556454187015,36.15799453457529],[128.43580319699117,36.158166848359],[128.43635048230632,36.15803880328168],[128.4362614761285,36.15831818296422],[128.43671855231148,36.15838553654643],[128.4373557997215,36.15808174349026],[128.4370400192308,36.15836931949712],[128.4372873352348,36.15853756406921],[128.43719418377026,36.15880805952518],[128.43760578279677,36.158424122640746],[128.43787694847197,36.15903400467026],[128.4379696731778,36.15877171405814],[128.43745891911914,36.158075979091166],[128.43878694173023,36.15790014600137],[128.43876150143558,36.15772591052924],[128.4391032417664,36.157705829028835],[128.43918698982822,36.157245761487694],[128.43939910758766,36.15723969889229],[128.43942771709482,36.1575916561296],[128.4392303583379,36.15779047267256],[128.43955491624607,36.15777045135291],[128.4394940830717,36.157059997694745],[128.43995605225288,36.15729703095944],[128.44026130506958,36.15691488762776],[128.4402872855626,36.155923736365054],[128.44052972118016,36.15609130400939],[128.44045321746844,36.156552130572074],[128.44100623044972,36.15651520169999],[128.44069198851795,36.155447049089],[128.4414907966921,36.15567742398932],[128.441656805622,36.156296788981074],[128.44187787096527,36.156287015194025],[128.44214361645848,36.15672336860685],[128.4424635132684,36.156609699566296],[128.44208204820364,36.156092846719346],[128.44226714399602,36.155638953669225],[128.44172059360878,36.15574372180294],[128.44153168793085,36.15486082877062],[128.441184741135,36.15469711730749],[128.4411315552327,36.154076127640586],[128.44157392137228,36.15404262139281],[128.4414138238905,36.153422815382044],[128.441831664283,36.1531206605483],[128.4425003415245,36.15317941459825],[128.44287512513822,36.15360359169397],[128.44331640406466,36.15358590686548],[128.44305538776842,36.15441507191187],[128.44369546997635,36.15410025998852],[128.44345893394734,36.15393873990337],[128.443708718304,36.153021228129305],[128.44292985343515,36.15297202976598],[128.44276362557162,36.15235210838902],[128.44199472977118,36.152395120931345],[128.44200646997575,36.15266502455113],[128.4416808377125,36.15268416772477],[128.44177553109998,36.152408180369854],[128.44120561709911,36.15234384134881],[128.44122521433968,36.151270444008254],[128.44194238227806,36.15059433177029],[128.44137809306775,36.15044266897334],[128.4410080932363,36.15001243128068],[128.4408461378933,36.150734468272844],[128.44140752704058,36.15071669235862],[128.44141908876247,36.150982563949576],[128.44031794316706,36.151044369531874],[128.4400476004432,36.1505190058907],[128.43982097413115,36.15052548451958],[128.44001481692104,36.15015681138376],[128.43969844329277,36.15035422689662],[128.4396675535085,36.14999257089704],[128.43923233748515,36.1500180270155],[128.43918552846353,36.14957418504651],[128.4389556382248,36.14948652757812],[128.43950324371986,36.1493745857501],[128.4395262289725,36.149643708536765],[128.4400798574617,36.14960806201798],[128.44012719798096,36.14889690593003],[128.43989539363497,36.1487201772239],[128.44022992469536,36.14870051390673],[128.4402014140579,36.14843162170277],[128.4397588683231,36.14845957561542],[128.43951832467877,36.14820116970479],[128.43944882930703,36.14874914794253],[128.43912029990554,36.14875853802241],[128.4389369235524,36.14796479329879],[128.4392536391197,36.14776242041432],[128.43932615967745,36.14721220168514],[128.4410754188405,36.1469375781149],[128.44136160361444,36.14637621956172],[128.4413160998069,36.145843484677165],[128.4400956764436,36.14590974557478],[128.4400798820979,36.145725376233216],[128.43943384036118,36.14594364876778],[128.4389122759473,36.14768973384673],[128.4386963783985,36.14770380211695],[128.4387787851705,36.14734225139888],[128.43844577739023,36.14735176817354],[128.43834397567295,36.147629510146324],[128.43735538190933,36.14768903572103],[128.4380227276479,36.147742139834804],[128.4380398553227,36.148011635259785],[128.4347184467475,36.14801836301731],[128.43488929927057,36.14881517446228],[128.43469730689,36.150548031640206],[128.43549268149815,36.15068436213038],[128.4354056665448,36.15096039899793],[128.4333084579597,36.1511690901469],[128.43329283772584,36.15099410663704],[128.43273352546558,36.15101732914378],[128.43226627813243,36.150685275141555],[128.4311222365479,36.14903247382838],[128.43083805712783,36.14832479314254],[128.43088765721293,36.14760170071666],[128.43022814792258,36.147729971421896],[128.43057461157738,36.14914555620474]],[[128.4416043084176,36.15304615396722],[128.44128330257143,36.15325296056709],[128.44125259761424,36.15288792469407],[128.4416043084176,36.15304615396722]],[[128.440843078318,36.153362059486504],[128.44098927009318,36.15371381345613],[128.4413339089487,36.15378332704225],[128.4407929097198,36.153907740053384],[128.44080896129697,36.154178039726794],[128.43983848035995,36.1546844366238],[128.43918980149465,36.15481168783843],[128.43919519403963,36.15354859678113],[128.4394019659849,36.15334794416139],[128.440843078318,36.153362059486504]],[[128.4407942372863,36.15525885276571],[128.4405679098989,36.15527919222805],[128.44039074973696,36.1558319026698],[128.4401969523343,36.154844241284366],[128.4407942372863,36.15525885276571]],[[128.44071047064517,36.15435948651789],[128.44074122256225,36.154719469303984],[128.44041447256518,36.154836047496715],[128.44071047064517,36.15435948651789]],[[128.43978178571973,36.15639818498355],[128.4395227537713,36.15479303554942],[128.44007413600258,36.15476139507022],[128.4401946230536,36.156181365614856],[128.44000783919748,36.15656798180551],[128.43978178571973,36.15639818498355]],[[128.43980734520937,36.15162166268194],[128.43977123497504,36.15125731303107],[128.44016917034784,36.15114439239059],[128.43980734520937,36.15162166268194]],[[128.43948535820994,36.149282954611145],[128.43915429697057,36.149205229338634],[128.43913237329923,36.14894450658256],[128.4395873099522,36.14909954863221],[128.43948535820994,36.149282954611145]],[[128.4394630890352,36.156609095172115],[128.4391631936097,36.15580672064389],[128.43949843002002,36.15578423278239],[128.4394630890352,36.156609095172115]],[[128.43945838388302,36.151454630584354],[128.43929144301808,36.15209644974695],[128.4391323644351,36.15156236453271],[128.43945838388302,36.151454630584354]],[[128.4393408077713,36.15263219608397],[128.43920331625483,36.15237416656222],[128.43942473845604,36.15236085000749],[128.4393408077713,36.15263219608397]],[[128.43524420444334,36.15404207047995],[128.4351003843458,36.15377787276832],[128.43586740585025,36.153732850643244],[128.43585158233142,36.15355285799017],[128.4353055325715,36.153673396718105],[128.43548875703593,36.15312101506208],[128.43569958707107,36.15311170533428],[128.43573538152222,36.15347280789133],[128.43636775908772,36.15307014515147],[128.43633672004557,36.1527148403065],[128.4360044518796,36.15273285366668],[128.43599288504836,36.1525605983667],[128.43606951225408,36.15218936240293],[128.4363937986081,36.15207744749587],[128.43654060035547,36.15116706034255],[128.43820653349792,36.15116356782694],[128.43789643934406,36.15136519616105],[128.43880221611377,36.15158948760997],[128.43900803535402,36.15266322975281],[128.43869622040796,36.15294426531933],[128.43893324773177,36.15311911487198],[128.4388956300727,36.154015096299105],[128.43524420444334,36.15404207047995]],[[128.43795798127644,36.15605520364206],[128.43893070214042,36.15572797873809],[128.43896485230715,36.15608813651035],[128.43797899368073,36.156234875847026],[128.43795798127644,36.15605520364206]],[[128.43821775966563,36.157669272156866],[128.43806034442073,36.157223278574726],[128.43894593595766,36.15716959257927],[128.43896287133452,36.15735282703248],[128.43821775966563,36.157669272156866]],[[128.43869797635472,36.1555638965126],[128.43866633002867,36.155204101422356],[128.43888749615698,36.15518782406382],[128.43891920080165,36.15554814103643],[128.43869797635472,36.1555638965126]],[[128.4386236755754,36.14833811923385],[128.43840997895862,36.14817149471945],[128.43872561626978,36.14815199269105],[128.4387684367387,36.14859683989647],[128.43844518719746,36.14871205668413],[128.43841284899096,36.14835328317559],[128.4386236755754,36.14833811923385]],[[128.43607469574076,36.14965682581011],[128.43598287054385,36.148579956054526],[128.43741517473995,36.1484986721192],[128.43716466770132,36.14815154094861],[128.43750305092956,36.1481306315281],[128.43753439478493,36.14848836386351],[128.4380964179986,36.14855122592577],[128.438157250607,36.14926369636597],[128.4375874259605,36.14902632737831],[128.4372736795634,36.149322809737086],[128.43728131965943,36.14949871751044],[128.43806195544863,36.14945588016308],[128.43808576089629,36.14972540568359],[128.43620062836897,36.14974160880292],[128.436695368714,36.15044260810964],[128.43660038551926,36.150621525172056],[128.43502826092387,36.15043722463827],[128.43486404187087,36.149907388622815],[128.43554278310347,36.14995969675565],[128.43607469574076,36.14965682581011]],[[128.4376376164644,36.14839813401713],[128.43762148520233,36.1482161518867],[128.43806545886088,36.14819127778865],[128.4376376164644,36.14839813401713]],[[128.43801276305052,36.15018256796155],[128.43782065796773,36.150552665189934],[128.43714086932053,36.150500704416594],[128.43801276305052,36.15018256796155]],[[128.43711107544868,36.15654871504705],[128.43678669491217,36.15666073225714],[128.4367424222039,36.156123222621176],[128.43740222108462,36.15599865353877],[128.43711107544868,36.15654871504705]],[[128.43717306864374,36.15727632267695],[128.43734872188844,36.15672019445397],[128.43739455854836,36.15725826982036],[128.43717306864374,36.15727632267695]],[[128.4362041287379,36.14847709637246],[128.43583113207137,36.148137661890566],[128.43705960962637,36.148157638220525],[128.43708367080177,36.14842702445085],[128.4362041287379,36.14847709637246]],[[128.4364318970915,36.15677160685992],[128.43690467217098,36.15674354708796],[128.43692884048212,36.15701613697409],[128.4364952145449,36.15704115443357],[128.4364318970915,36.15677160685992]],[[128.4364751186684,36.15668107688262],[128.43631998033672,36.15641855755599],[128.4365429230212,36.15640546126701],[128.4364751186684,36.15668107688262]],[[128.43607736228705,36.150925333536385],[128.4357129543636,36.15067136127611],[128.43627831130522,36.15073394752759],[128.43607736228705,36.150925333536385]],[[128.4358149920753,36.14921833892234],[128.43503191971055,36.149175026172436],[128.43497734367122,36.14854601572657],[128.43587205048723,36.14858560594991],[128.4358149920753,36.14921833892234]],[[128.43505516944458,36.14817339888616],[128.43571974573783,36.14814329860464],[128.43585801693362,36.148405964744526],[128.4349702161002,36.14845594190704],[128.43505516944458,36.14817339888616]],[[128.43503943271824,36.14926508463103],[128.43582241165012,36.14931096304228],[128.43585398623568,36.14967009340786],[128.43496650116654,36.149720316510894],[128.43503943271824,36.14926508463103]],[[128.43435215712793,36.152921351524824],[128.43383236992125,36.15204515864914],[128.4348342859461,36.152076434408336],[128.43488088603536,36.1526084087895],[128.4351832367041,36.152237568784756],[128.4355201767934,36.15231301946618],[128.43561478450087,36.152121737131836],[128.43574037543877,36.15230136794428],[128.43565698554696,36.15266201003602],[128.434912507426,36.152809978965465],[128.43513006537313,36.152965216814515],[128.43492671834397,36.153158575183824],[128.43506321480714,36.153417932258435],[128.43472937781755,36.15342942188184],[128.43446958404976,36.15299703858135],[128.43483095489412,36.15282618795871],[128.43435215712793,36.152921351524824]],[[128.43525312806295,36.15178217423626],[128.43558918780494,36.15176268655401],[128.4356076692069,36.152037217706386],[128.43525312806295,36.15178217423626]],[[128.4333275447749,36.15143905572634],[128.43399703597035,36.15140083271977],[128.43397439129072,36.1511330013901],[128.4343048795723,36.151111246548275],[128.4345707218343,36.151540601350746],[128.43489211767843,36.151444419122555],[128.43493011294274,36.151889608459186],[128.43371198717324,36.151958809921304],[128.4333275447749,36.15143905572634]],[[128.4327723851483,36.15146912954628],[128.43291108059955,36.15173149023806],[128.43267851012547,36.15165778588699],[128.4327723851483,36.15146912954628]],[[128.4325370107038,36.151208916661304],[128.4324441499936,36.15139623694079],[128.43219552297302,36.15104679215277],[128.4325370107038,36.151208916661304]]],[[[128.40557901518088,36.09114550686044],[128.4060311785059,36.09113767470469],[128.40604739019795,36.09149083649548],[128.40571615059585,36.09150435250344],[128.40596291885223,36.092041032666955],[128.40541400447032,36.09205808764218],[128.40551245554033,36.09178462739656],[128.4051690239175,36.091780600921496],[128.4051862822968,36.09206469500937],[128.40341154131326,36.09211957003449],[128.40327053546716,36.09147789074242],[128.40297860500584,36.09474446176159],[128.4022267280598,36.09766428475967],[128.40224183775274,36.09801624744108],[128.40401376782253,36.09805230547315],[128.40404260350385,36.098408654684604],[128.40447490956612,36.09839457612504],[128.40449267196968,36.09857528524559],[128.40469683010323,36.09839198399716],[128.4047225813574,36.09865285655616],[128.40491303338297,36.09802880514425],[128.40602336153827,36.0980881381893],[128.4060526345139,36.09870897983028],[128.4048513654709,36.098930663270124],[128.40467387683904,36.100108882729586],[128.4052285461918,36.10008835987535],[128.40522250301413,36.099818434381376],[128.40567167216543,36.1000746654398],[128.40565621119597,36.09971491547481],[128.40599017469768,36.09989052982694],[128.40593317621196,36.10105384301594],[128.40572725429755,36.10133761082892],[128.40574311757126,36.10159630541029],[128.4059651699976,36.101602979494615],[128.40599881296856,36.10231459915326],[128.40623780729013,36.10258238399604],[128.40667074337898,36.1025701273011],[128.40688782840633,36.10229503284832],[128.4074462033823,36.102459689712845],[128.40758998180232,36.103079030132605],[128.40703525795715,36.10309843962531],[128.40704299991722,36.10327850078991],[128.40726074947395,36.10327233493294],[128.40715304099518,36.103455296772225],[128.40738423614053,36.10344875017083],[128.40752723992384,36.10389300989929],[128.40783706108883,36.10352303118419],[128.40785726147556,36.10405861993827],[128.40719913698572,36.104176036755895],[128.40696093473122,36.10391327661381],[128.40619755212467,36.10402892242151],[128.4058483666319,36.103848355758586],[128.4048835373533,36.10442962494539],[128.40642345774273,36.10428871864975],[128.4056709686613,36.105034049590856],[128.40611428931666,36.10502150170339],[128.40686898791512,36.10436166148568],[128.40676330234072,36.10463999241831],[128.40710676175485,36.10463026799747],[128.40712315266913,36.104899119902974],[128.4075539874798,36.104792541230466],[128.40757589424004,36.10506703962915],[128.41034127685987,36.10489110378132],[128.41029542132085,36.10390437666052],[128.41051321601165,36.103892646147976],[128.41074203651536,36.10397705623634],[128.41066510865596,36.104692185501996],[128.41123998113662,36.1050419535816],[128.41657802881895,36.10515215653105],[128.4177825072407,36.104841668972306],[128.4180117276294,36.104925942262604],[128.41790394371205,36.10510744463427],[128.41947374223125,36.10533215978156],[128.41990008354256,36.104957642797515],[128.42056870584693,36.1048430488133],[128.42530717887638,36.099378501133316],[128.43066215518272,36.09497530199849],[128.43317411499936,36.094175228348554],[128.43392879690487,36.09415718696576],[128.43449386959554,36.093773781618935],[128.43548091918103,36.09382856946676],[128.43708883795142,36.09477291441647],[128.43996253064395,36.09441823880708],[128.4405421574966,36.09485047794436],[128.44251963612342,36.094603749325394],[128.44338983423958,36.0942238048603],[128.44359933255876,36.093846442544454],[128.44334729688347,36.09340961975121],[128.44354757706327,36.092856780375286],[128.44277147992472,36.09288635830781],[128.44333552359228,36.09277800532697],[128.44297183340916,36.09233202846614],[128.44277854023994,36.09054553938916],[128.44309202017322,36.090167544713566],[128.44306712104412,36.089636336241774],[128.44350914682863,36.08952264503791],[128.4431494283972,36.089267716357206],[128.44325380480927,36.088904167072165],[128.4427933031747,36.08864424151389],[128.44205119089185,36.08930022278066],[128.44116602147028,36.0895099729199],[128.43297940807636,36.089847703802135],[128.43287190423877,36.09003804725174],[128.43253556891028,36.08986202264309],[128.43198937484962,36.090425340507885],[128.4315585884949,36.09044123353722],[128.431642111236,36.08999000952318],[128.43139877162577,36.089641134253945],[128.43062685620563,36.089749563986004],[128.43064434264738,36.09001057036059],[128.4302086703066,36.090123854593905],[128.42997019637582,36.08985778743035],[128.43016288843737,36.08940292200519],[128.42971819677683,36.08923835380761],[128.42964460780047,36.08995503660729],[128.42876208297287,36.090168380178795],[128.4287772678277,36.090519387106276],[128.42811686415212,36.09063602475641],[128.42758673048885,36.09119165201736],[128.42726339752826,36.09120437220902],[128.42749401261668,36.09155306781859],[128.4268459754631,36.09194004000258],[128.42687278609077,36.092560162918474],[128.42612630296827,36.09321847702569],[128.42558001504366,36.093242953301896],[128.42532613895995,36.09279649284685],[128.424229164273,36.09282977296423],[128.42436017766389,36.09336481903925],[128.4237123454329,36.093841943988764],[128.4237378562418,36.09455268850764],[128.42406630169933,36.09436051833666],[128.42420584330924,36.094808708235604],[128.42355825686286,36.095285871809864],[128.42356950219516,36.095546165792165],[128.42472775924676,36.096505404370724],[128.4241923456956,36.09697230710936],[128.42385580888873,36.096895205253794],[128.42398785781634,36.097343923094776],[128.4227631150469,36.09720668264156],[128.4230034251746,36.09755369267471],[128.4227821592105,36.09756560769282],[128.4226409441883,36.097207306203096],[128.4209844094356,36.097258643116184],[128.42099192092113,36.09743264222208],[128.42245357869706,36.09784499762131],[128.42247317089695,36.09820371343699],[128.42314541573023,36.0984627120521],[128.42328736404173,36.09898285663418],[128.4237124475046,36.09870505981142],[128.42416907233948,36.09887345744661],[128.42429936261163,36.0992229079296],[128.42331671255928,36.09953273980388],[128.42356419635666,36.100151503517594],[128.42334237705535,36.10033571381843],[128.42225824881953,36.100555986047574],[128.42179756263607,36.10038942178307],[128.42180815632452,36.100839822027005],[128.42204033048498,36.100833218474065],[128.42197513994253,36.10182453109935],[128.4216490349366,36.101838364018796],[128.42151045510556,36.101480555893815],[128.42107639041615,36.101492898476295],[128.42060157150777,36.10105808850558],[128.4201689805188,36.101070385069065],[128.42029720812369,36.10142463228261],[128.41939443377044,36.101274887800244],[128.4191933401926,36.101726117463116],[128.4197737252308,36.102255741837205],[128.41956698856774,36.10279400097929],[128.41979928059942,36.102800956058324],[128.4198199003446,36.103242007293275],[128.41938687901452,36.10326148738283],[128.41950055318998,36.10343408797557],[128.41928199772954,36.10361786379332],[128.41862909182552,36.103724721927904],[128.4185116521336,36.10400546381898],[128.41786620847736,36.10420711154239],[128.41784242376468,36.10384824199672],[128.41618573124373,36.10371865387711],[128.4149150507877,36.10284948998427],[128.41480759290525,36.100605478097506],[128.4144610415482,36.10043034644244],[128.41477193726388,36.099877438717485],[128.4143468989026,36.100257258839534],[128.41436252790416,36.10052207800074],[128.4145847274783,36.10052874069481],[128.41437847471857,36.10079222991067],[128.4147038767421,36.100968614494114],[128.41417587896487,36.10125567360829],[128.4140615060003,36.09891506874881],[128.4148471763289,36.0990645653211],[128.414820756564,36.09852516106091],[128.41426395770722,36.098727410300846],[128.4144935024595,36.098537076971816],[128.41446834203705,36.09809044568863],[128.41479795706752,36.09816497662795],[128.4148999179827,36.097897917169725],[128.410679959454,36.09784124265194],[128.41075434185373,36.09234685676775],[128.41185993867026,36.09222028142559],[128.41074110004757,36.09206656307948],[128.41079135147584,36.090813724422304],[128.41045244715474,36.09064010334185],[128.41040199399768,36.08955689841776],[128.40996578854399,36.08966557293575],[128.40994478730815,36.08941597380011],[128.41049251705513,36.089014696117054],[128.41045369579314,36.08838922849764],[128.410795042684,36.088461777489556],[128.41076129008462,36.08774556531778],[128.41265593040654,36.087687198744185],[128.41229180271168,36.08724575244085],[128.4119644462847,36.087528236403514],[128.4107486852,36.08747076174982],[128.41067430137147,36.08586005969627],[128.41099420212072,36.085394163179494],[128.41220279082287,36.085356629158525],[128.41232350328903,36.0855327180796],[128.41263175077094,36.08497973004392],[128.41260253738855,36.08435338724841],[128.41160759910755,36.08429256573706],[128.41146187378905,36.08371153155394],[128.4108030470615,36.0838670014771],[128.41079129775912,36.08364895127245],[128.4100595449768,36.084701267375365],[128.40864738074802,36.085107722694914],[128.4084813729523,36.08411902647277],[128.40842013550866,36.08520047887795],[128.40809155548564,36.08512364238392],[128.4081237247815,36.08557269019414],[128.40843668172988,36.08566008853539],[128.40845690056372,36.08592056808115],[128.40811311051263,36.08574497852816],[128.40815219150085,36.08600769854016],[128.4077263393923,36.08639649621584],[128.40815125295794,36.08656363833024],[128.40835774279213,36.08637306394763],[128.40851856831623,36.08727343475787],[128.40916996185777,36.08707326487582],[128.4096440607297,36.08750955134019],[128.40699066922733,36.087501137884004],[128.4068863947033,36.08768462194241],[128.40731496915924,36.08767151764604],[128.4073296817661,36.08784481994192],[128.40753543030604,36.08766455390909],[128.40821444015117,36.087730648874384],[128.40795434349025,36.08792143558116],[128.4076527054789,36.0877512370529],[128.4076681780496,36.08811117556731],[128.40700410609432,36.088132182610074],[128.40710800947582,36.08786570837457],[128.4068797299328,36.08785911541899],[128.4069029374628,36.088399082417254],[128.40634366456797,36.08829941593607],[128.406374533764,36.088955212536554],[128.40613823004495,36.088427013262745],[128.4061808401493,36.08941631579775],[128.4056347556439,36.08973529642333],[128.4057609441879,36.09006345780616],[128.40609238791046,36.09005407616007],[128.40611767469696,36.09058909316109],[128.405508296911,36.09070358198439],[128.40569275710598,36.09087397122887],[128.40550635753974,36.09088327375645],[128.40557901518088,36.09114550686044]],[[128.44078781403476,36.09313314616631],[128.4427838253682,36.09306656301629],[128.44294634332806,36.094143486366185],[128.44172667899159,36.094181517902875],[128.44173427385013,36.0943563902057],[128.44096455208893,36.09456839505646],[128.44078781403476,36.09313314616631]],[[128.4404041793325,36.089713851774185],[128.44129200784633,36.08969374825707],[128.44096310027834,36.08996510815764],[128.4404041793325,36.089713851774185]],[[128.44057403119754,36.093315480939424],[128.44061269525793,36.09412591655729],[128.43883877883,36.094180765614155],[128.43868343331076,36.093374495998866],[128.44057403119754,36.093315480939424]],[[128.44042311652458,36.09259959345627],[128.44044607078752,36.092868608137394],[128.43867712949128,36.09301430810801],[128.43876843522017,36.092560017922075],[128.44042311652458,36.09259959345627]],[[128.44042072064707,36.09241679340497],[128.440199161816,36.092428308712364],[128.44016530755886,36.09170798485586],[128.44039036546215,36.0917006890185],[128.44042072064707,36.09241679340497]],[[128.44000073125594,36.0907193835482],[128.44022633363588,36.09062130234556],[128.44023828075362,36.09088711168251],[128.44000073125594,36.0907193835482]],[[128.44007669424246,36.0897219687084],[128.44007608963858,36.089994891123446],[128.4387430411686,36.08994585236247],[128.44007669424246,36.0897219687084]],[[128.4398725323677,36.090093886683185],[128.43987358693443,36.090449911388056],[128.43955967865963,36.09064274098496],[128.4395339065425,36.090102372131156],[128.4398725323677,36.090093886683185]],[[128.43914428919487,36.0912608940598],[128.4389837036126,36.090213596611186],[128.43942869394823,36.090108231066736],[128.43944798045914,36.09064410191967],[128.43922376434713,36.09073661494021],[128.43944593685384,36.09074323210208],[128.43958677228716,36.09117232537515],[128.43914428919487,36.0912608940598]],[[128.43897101026866,36.092109646715116],[128.4387412402892,36.092283346384825],[128.4389812876272,36.0924610468179],[128.43864842729883,36.092473922126054],[128.43848246086148,36.09148681862094],[128.43948092531213,36.09145936253656],[128.43948440753184,36.0916350710422],[128.43873133346253,36.09175207219206],[128.43897101026866,36.092109646715116]],[[128.43712157062964,36.09297890926729],[128.43766186958368,36.09277339947737],[128.43775030321672,36.09232021319773],[128.43829719519542,36.092304586450815],[128.4385425938016,36.09266006646811],[128.43856239234177,36.09301743401633],[128.43712157062964,36.09297890926729]],[[128.43839789470147,36.09203101121986],[128.43817424606223,36.0919435828115],[128.43839461079904,36.0918508241927],[128.43839789470147,36.09203101121986]],[[128.43776385481925,36.09043085079154],[128.43809493726144,36.090326160447034],[128.43822914240258,36.09058626544254],[128.43789612348854,36.090694346935756],[128.43776385481925,36.09043085079154]],[[128.4377168480339,36.093945251442776],[128.4375100900347,36.09413662769312],[128.437372891713,36.09395832400946],[128.4377168480339,36.093945251442776]],[[128.4375739470509,36.0909819796353],[128.43736804639548,36.09125478971758],[128.43734906207092,36.090894607718425],[128.4375739470509,36.0909819796353]],[[128.43706617040135,36.094232361992646],[128.43684477273754,36.09424340603433],[128.43693502930213,36.09397214522582],[128.43706617040135,36.094232361992646]],[[128.43692214707548,36.09361227399458],[128.43692959439593,36.09378396299923],[128.43627234326982,36.093900253777576],[128.43625651068808,36.093629943497874],[128.43692214707548,36.09361227399458]],[[128.43636717989074,36.091284874921875],[128.43649580686636,36.09154457654489],[128.43626854594606,36.09155192210901],[128.43636717989074,36.091284874921875]],[[128.4345514643381,36.09268548270019],[128.4346449781123,36.092332741018126],[128.4351882339338,36.09230839334485],[128.43520958952956,36.092579869377076],[128.43553963354498,36.09257434194217],[128.43552404365724,36.09221469388493],[128.435740331988,36.092122449443195],[128.435391524667,36.09185616919219],[128.43594426466683,36.09174388803731],[128.43574408389085,36.09219283520073],[128.43598541881138,36.09255097446245],[128.43565034358957,36.092656504413476],[128.43587210916846,36.09265017113679],[128.4359040461529,36.093187534651605],[128.43513954818684,36.093574976527854],[128.4349175365894,36.09357763570233],[128.4345514643381,36.09268548270019]],[[128.43474676017158,36.0899795871863],[128.43597279854782,36.08994243950492],[128.43554013838138,36.090222530974984],[128.43474676017158,36.0899795871863]],[[128.43545266331716,36.09094451410736],[128.43579104403156,36.09084780057539],[128.43570619691508,36.091392006599975],[128.43537757331572,36.091400395643156],[128.43545266331716,36.09094451410736]],[[128.43540175224695,36.09058908481389],[128.43468124369286,36.09070164753132],[128.43466086148163,36.090466224640565],[128.43554155177918,36.09032124215482],[128.43540175224695,36.09058908481389]],[[128.43504964324285,36.09168367502721],[128.43429150470374,36.09179806686612],[128.43413790418373,36.0910868634652],[128.43437723789626,36.09143481395452],[128.43502393095943,36.0912308492979],[128.43504964324285,36.09168367502721]],[[128.4345222979798,36.092149514026346],[128.4342837520064,36.09198754183588],[128.43494775596167,36.091869456334194],[128.4345222979798,36.092149514026346]],[[128.43313388488352,36.09336538863847],[128.43312516466548,36.093189116889846],[128.4343275346391,36.09288181712474],[128.43446421358445,36.09332388943495],[128.4342263121322,36.093148953121755],[128.43313388488352,36.09336538863847]],[[128.4338505618367,36.09208203353011],[128.43417795704852,36.09198247502345],[128.43407907428283,36.09233924112082],[128.43431522419127,36.09251601723505],[128.43420937308937,36.09278870284577],[128.43388470625158,36.0926123623523],[128.43377846645296,36.09290181601848],[128.4338505618367,36.09208203353011]],[[128.43399636153805,36.090542836015615],[128.43412689050874,36.09071682520876],[128.43390586819757,36.090728398106336],[128.43399636153805,36.090542836015615]],[[128.43382357996282,36.09172097243609],[128.4339350283643,36.0914447030106],[128.43383959051633,36.09199112067966],[128.43307596366535,36.09210821266969],[128.43306125859374,36.091928471066986],[128.43382357996282,36.09172097243609]],[[128.4335839273695,36.091363387036886],[128.43326709115547,36.09164652886548],[128.4329433242147,36.09156028824879],[128.43292805883084,36.09138910416236],[128.4335839273695,36.091363387036886]],[[128.43341494197156,36.09245513804305],[128.43308404430826,36.09254981078894],[128.43308953433154,36.09227977293154],[128.43341494197156,36.09245513804305]],[[128.43334505150506,36.09074887879707],[128.4332446565714,36.09101608526134],[128.43270328431493,36.091130353688946],[128.4326787985596,36.09095083619137],[128.43334505150506,36.09074887879707]],[[128.43320203356652,36.09020990980507],[128.43321839371222,36.09047511943492],[128.4325691618887,36.0907715852942],[128.43254521896117,36.09041237711136],[128.43320203356652,36.09020990980507]],[[128.43249800046877,36.09149334260481],[128.4325060600418,36.09185224321751],[128.43185224792433,36.091969650835146],[128.43182675140906,36.09169724203181],[128.43249800046877,36.09149334260481]],[[128.4324732051218,36.09103865697075],[128.4323620573452,36.09131516661573],[128.43203769104733,36.09122893068616],[128.4324732051218,36.09103865697075]],[[128.4316124978822,36.091612062581795],[128.43134232791795,36.09081424073722],[128.43222098920305,36.09060011693615],[128.43170203451004,36.09107031279259],[128.43183377526137,36.09160013128882],[128.4316124978822,36.091612062581795]],[[128.43154491233238,36.092784949569634],[128.43199234431646,36.09268446731142],[128.43201278760824,36.093039840651635],[128.43179586746297,36.09314155238051],[128.43154491233238,36.092784949569634]],[[128.43181753386173,36.09373604113281],[128.43172122571679,36.093953463930745],[128.43158344387848,36.093684967855275],[128.43181753386173,36.09373604113281]],[[128.43102342876315,36.093433305094244],[128.4315753583428,36.093324124708715],[128.43159236699967,36.093593625137245],[128.43102342876315,36.093433305094244]],[[128.43143911822852,36.09279020291357],[128.43157470990363,36.09323402437944],[128.43047160824847,36.093454989743314],[128.43045105502387,36.09309556680997],[128.43143911822852,36.09279020291357]],[[128.4308377773171,36.09416251228575],[128.43082080328364,36.093892830206805],[128.43115737641932,36.093784814955086],[128.43127862638497,36.09404833201939],[128.4308377773171,36.09416251228575]],[[128.43060593791265,36.09398965005162],[128.4306203032487,36.09425529650207],[128.43029532242414,36.094268114066985],[128.43060593791265,36.09398965005162]],[[128.43048494405414,36.093752384631195],[128.43005684074376,36.09400701001674],[128.43003908218262,36.09373965396898],[128.43048494405414,36.093752384631195]],[[128.42971237353473,36.091490570477724],[128.4296954042294,36.0912208880229],[128.43046324489333,36.09101761445059],[128.43047893356987,36.09128320830655],[128.42971237353473,36.091490570477724]],[[128.42938142509752,36.09381084343667],[128.4292513294666,36.093668751321744],[128.42948082526559,36.09348483783158],[128.43012664917418,36.09327446574495],[128.43002628555303,36.09355059940958],[128.42938142509752,36.09381084343667]],[[128.4299660545543,36.09453363436258],[128.429647935373,36.09473841503497],[128.42985047038195,36.09428235420417],[128.4299660545543,36.09453363436258]],[[128.42943020556362,36.09005761693371],[128.4296440857092,36.09022104846026],[128.42921324841606,36.090333982138624],[128.42943020556362,36.09005761693371]],[[128.42919000932284,36.092226611704604],[128.42931820102538,36.0924862921837],[128.42909673038426,36.09250101827961],[128.42897178606364,36.09232885654691],[128.42919000932284,36.092226611704604]],[[128.42869859049483,36.09350777546784],[128.42859247706522,36.093779380762626],[128.4284782091882,36.09360051658585],[128.42869859049483,36.09350777546784]],[[128.4283171037621,36.09477816289296],[128.42806770617426,36.094520693095994],[128.4286244638594,36.09431967924007],[128.4283171037621,36.09477816289296]],[[128.42761392336269,36.09156056842037],[128.42771708947114,36.09172988494611],[128.42750732792896,36.091742065231095],[128.42761392336269,36.09156056842037]],[[128.42763816564073,36.09228144774467],[128.4276431138068,36.09254271767511],[128.42721020232307,36.09255771379235],[128.42719604911014,36.09237957599411],[128.42763816564073,36.09228144774467]],[[128.4269886372472,36.09500141692641],[128.42708846924808,36.094725472297725],[128.42732208435876,36.09498858403392],[128.4269886372472,36.09500141692641]],[[128.42706437377316,36.09427998219456],[128.42727850676786,36.094182528563906],[128.42729772244778,36.094358144090506],[128.42706437377316,36.09427998219456]],[[128.42723675342953,36.09310166591431],[128.42724940948952,36.093457622351586],[128.42691683807027,36.09347026432033],[128.42723675342953,36.09310166591431]],[[128.42687613778295,36.092659512627165],[128.42720640612288,36.092651460679704],[128.42722734419752,36.09291664643897],[128.42679103933168,36.09329212425041],[128.42635546489893,36.09320719728058],[128.42687613778295,36.092659512627165]],[[128.42705160530141,36.09391489142519],[128.4271658704706,36.09409375701629],[128.42694385663995,36.09409640145081],[128.42705160530141,36.09391489142519]],[[128.4269071051812,36.095452873495375],[128.42712007307543,36.09554045015603],[128.4270331146493,36.09589284316606],[128.426486082727,36.09609760610449],[128.4269071051812,36.095452873495375]],[[128.42672363441653,36.09419814880894],[128.42660937007622,36.0940192827799],[128.4268313837223,36.094016638969904],[128.42672363441653,36.09419814880894]],[[128.42615425946585,36.093677234842126],[128.42602076942717,36.09340886218859],[128.4262540142496,36.0934017315112],[128.42615425946585,36.093677234842126]],[[128.42525445147092,36.09614030582468],[128.42592070856006,36.0958477703338],[128.42593467503792,36.096203650842355],[128.42525445147092,36.09614030582468]],[[128.42575849113112,36.09485845427466],[128.42577283717893,36.09512404489979],[128.42555894428062,36.095135584365394],[128.42575849113112,36.09485845427466]],[[128.42534594930072,36.09567897879348],[128.42547719552962,36.09594707600417],[128.42526258702674,36.095959141628924],[128.42534594930072,36.09567897879348]],[[128.42484599864122,36.09443235018123],[128.42538715544663,36.09397075058864],[128.42540105591203,36.09432646356663],[128.4249704535691,36.09461097686243],[128.42498199613206,36.094878075219654],[128.42475995115868,36.094793516914194],[128.42484599864122,36.09443235018123]],[[128.42539732892223,36.0965795286965],[128.42518686112842,36.096680785961006],[128.42516466978518,36.09650095847259],[128.42539732892223,36.0965795286965]],[[128.42523866592563,36.093427421384014],[128.42536697084395,36.093605998704604],[128.42515387047413,36.093617487908205],[128.42523866592563,36.093427421384014]],[[128.42501897672906,36.0954212782493],[128.4252228498004,36.09532440546431],[128.42512403220792,36.095681699851944],[128.42501897672906,36.0954212782493]],[[128.4248323711256,36.096333642434686],[128.4248073145512,36.095974041298135],[128.4250344224784,36.0959574401964],[128.4248323711256,36.096333642434686]],[[128.42475596457544,36.097235825811026],[128.42497965506763,36.09722868946961],[128.4249980630526,36.09749415430078],[128.4247796331225,36.09750574279965],[128.42475596457544,36.097235825811026]],[[128.42495716551284,36.096598163731564],[128.42496937298716,36.09695413646642],[128.42433522229305,36.097429925178645],[128.42419424062248,36.09707206977296],[128.42495716551284,36.096598163731564]],[[128.42464174940952,36.09480406361601],[128.42465908058352,36.09506528266589],[128.42421185115109,36.09498958173361],[128.42464174940952,36.09480406361601]],[[128.42424007500128,36.09562445522435],[128.42435433649618,36.09580332353544],[128.4241323175851,36.09580596286832],[128.42424007500128,36.09562445522435]],[[128.42408311376744,36.0955361992138],[128.4237999349772,36.09554416915191],[128.42400380763004,36.09509200951054],[128.42421558285957,36.09517851408669],[128.42408311376744,36.0955361992138]],[[128.42383361636942,36.09861604498493],[128.42358334420172,36.09826931102083],[128.42403206541312,36.09824922571593],[128.42383361636942,36.09861604498493]],[[128.42102064289563,36.10275018781236],[128.42112695267852,36.10248741798067],[128.4212895158664,36.10255190655768],[128.42102064289563,36.10275018781236]],[[128.42130463121322,36.102540759695565],[128.42111406888648,36.10238862642789],[128.42120278435317,36.101765612063666],[128.42176605169612,36.102200483646165],[128.42130463121322,36.102540759695565]],[[128.420760028021,36.101779689267566],[128.42062941322197,36.10160111082648],[128.4208494251478,36.10159900729331],[128.420760028021,36.101779689267566]],[[128.42077256916016,36.10222587731426],[128.4205537762392,36.10240869853174],[128.42054728745916,36.10204832228826],[128.42077256916016,36.10222587731426]],[[128.414758183784,36.10213944705988],[128.41411502696718,36.102429590286086],[128.41408086486416,36.10153449273424],[128.414730595568,36.10133795667899],[128.414758183784,36.10213944705988]],[[128.41389554429512,36.102346623641424],[128.4133342085931,36.10236387806775],[128.41330059102032,36.10164354870471],[128.41396594249414,36.101621547024834],[128.41376391729554,36.10181758498587],[128.41389554429512,36.102346623641424]],[[128.41128865268573,36.09899918139735],[128.4109505986241,36.09910008206175],[128.41150509597662,36.099084361423856],[128.41148065170418,36.09836615862549],[128.41214908922754,36.09843935473168],[128.41216303512078,36.09861058613849],[128.41303815049756,36.098495549510645],[128.41317948339807,36.09894213821777],[128.4132610154282,36.09839938924677],[128.41392442935157,36.09837767586265],[128.41396588927995,36.099183873808926],[128.41319423823796,36.0991219990889],[128.41318608982218,36.09930251040011],[128.41351876712875,36.099293073437984],[128.4138904666023,36.099905527997066],[128.41299415630425,36.0998443518551],[128.41302346426176,36.10047456579824],[128.41324526894084,36.100481014860655],[128.41311026859756,36.10002891243078],[128.41355395721297,36.1000133808272],[128.41335189663536,36.10056001016176],[128.4109206887353,36.100544643767904],[128.41068368755228,36.10033115978724],[128.41085048891648,36.09910269204444],[128.41069420945814,36.098118659505886],[128.411354573443,36.098096853009906],[128.41128865268573,36.09899918139735]],[[128.41392365082365,36.100813048709746],[128.4139482845428,36.101256407830974],[128.41361163869354,36.10136292609817],[128.4138588014101,36.101535582686935],[128.4135185412037,36.10155013757686],[128.41348063293387,36.10073974181542],[128.41392365082365,36.100813048709746]],[[128.41357914823192,36.10046841767276],[128.41367355499892,36.10010422683049],[128.41388838214132,36.10009072827209],[128.41391853241709,36.10053761711378],[128.41357914823192,36.10046841767276]],[[128.41284921203032,36.1014673097127],[128.41271935851714,36.101208305194874],[128.41263023834466,36.10157472449713],[128.4115199255631,36.10151717294801],[128.41148036303198,36.100707924758446],[128.4133696354937,36.10073978348827],[128.41340278229245,36.10145249309051],[128.41284921203032,36.1014673097127]],[[128.41304183417776,36.10210099236108],[128.41277144738862,36.102200596393054],[128.41275004026397,36.101748623785745],[128.41243347318579,36.10193258334062],[128.41241769182884,36.1016712602245],[128.41318913814177,36.10164873566442],[128.41322258160287,36.1023646712758],[128.4130080375103,36.10237037948776],[128.41304183417776,36.10210099236108]],[[128.41232259864083,36.101941942139206],[128.41155516384103,36.10233024285889],[128.4115210579582,36.1016099059661],[128.41232259864083,36.101941942139206]],[[128.41192174667174,36.09816294388106],[128.4117019287603,36.098268854179196],[128.41168765928668,36.098088361662136],[128.41192174667174,36.09816294388106]],[[128.41069679746346,36.10298920270609],[128.4112473212813,36.10296925930245],[128.41127758361438,36.10341946977002],[128.4107222248304,36.10352635670254],[128.41069679746346,36.10298920270609]],[[128.41075748557415,36.101907094674566],[128.41085552134172,36.1015433309595],[128.41097904641916,36.10189515904267],[128.41075748557415,36.101907094674566]],[[128.40989270978346,36.085878708352666],[128.4105622564488,36.08585821669101],[128.41061720282303,36.08703100350748],[128.4103712161944,36.08658351128472],[128.40938716468773,36.086795733798375],[128.40935394609045,36.08617176667593],[128.40913109051448,36.086138521625266],[128.40922290469723,36.08572279911138],[128.40998766100347,36.085604753028804],[128.40989270978346,36.085878708352666]],[[128.4071847836172,36.092271634424634],[128.41053027634325,36.092357740272064],[128.41047471419887,36.09586364588653],[128.41025218663734,36.096056769039045],[128.4104868993159,36.09614301920597],[128.4105043472304,36.09649443126243],[128.41006691907162,36.09687346492973],[128.41041040501807,36.0968637301638],[128.41045625011432,36.09785112081699],[128.4076869807527,36.09785206161504],[128.40754794466704,36.09758298427839],[128.40711551555904,36.09767872809211],[128.40711940923637,36.097862766510126],[128.4067869677429,36.09778089401555],[128.40683532648222,36.09643857620065],[128.40650431931488,36.096352595089535],[128.40648075790767,36.09608739897768],[128.40670719080507,36.09590005371349],[128.4064683142528,36.095722449993616],[128.4064298087881,36.092478515739835],[128.4071847836172,36.092271634424634]],[[128.41014482766104,36.09813855399758],[128.41036133037287,36.098131590055054],[128.4103826734928,36.09866705888583],[128.41016381618763,36.09858006689979],[128.41014482766104,36.09813855399758]],[[128.41026959022972,36.091451057606434],[128.40994424903744,36.091652740898695],[128.4099190597783,36.091112362164],[128.41026959022972,36.091451057606434]],[[128.41022750696277,36.09064081997874],[128.4099018850949,36.0907424245235],[128.40988671393256,36.090482151347196],[128.41022750696277,36.09064081997874]],[[128.4101272143921,36.09092128674618],[128.40991818588165,36.091022171455485],[128.40990766350484,36.09084265263618],[128.4101272143921,36.09092128674618]],[[128.4097616619968,36.0996751728328],[128.40998363560044,36.09967200996956],[128.41000663517033,36.10012132050323],[128.4096813727438,36.10013127618554],[128.4097616619968,36.0996751728328]],[[128.4064669985112,36.09806693681176],[128.40979888771062,36.09805456662026],[128.40991830129167,36.098230883163914],[128.40994516141802,36.09877146328554],[128.408834777723,36.09880552434317],[128.40884628252272,36.099073008073674],[128.40851871144415,36.099082700010214],[128.40815685227588,36.098736640363114],[128.40750209286563,36.098756288126594],[128.40748307745596,36.09831449126628],[128.40714882777345,36.09821901793807],[128.40718677238976,36.099208740976614],[128.4064441172994,36.09951132045052],[128.4064669985112,36.09806693681176]],[[128.4098229917311,36.10094045501418],[128.4099371786483,36.10111477382883],[128.40960992693508,36.10112318908852],[128.4098229917311,36.10094045501418]],[[128.40979851093553,36.10049459142967],[128.40993209444386,36.10084418425162],[128.40882459181796,36.10096987680221],[128.4087954302229,36.10034421955969],[128.40979851093553,36.10049459142967]],[[128.40948544280096,36.08896404905172],[128.40981810405574,36.0888562882945],[128.40973081861847,36.08930289377929],[128.40948544280096,36.08896404905172]],[[128.40809028683998,36.090016451653554],[128.40776944516045,36.09009231455755],[128.40788959061473,36.090451357310236],[128.4084416669776,36.09043236373388],[128.40845883374408,36.09070599645754],[128.40910996404352,36.090592238835505],[128.40981429736064,36.09138400865985],[128.40962399254207,36.09192835845729],[128.40652189790129,36.09211407140451],[128.4065320866905,36.08994973166619],[128.40809028683998,36.090016451653554]],[[128.40952551099903,36.10383510865218],[128.40939275797984,36.103662558179664],[128.40961071736416,36.10365076586418],[128.40952551099903,36.10383510865218]],[[128.40943429473617,36.09969245157121],[128.4094559498009,36.10013821698947],[128.40912617897825,36.10014829608304],[128.40943429473617,36.09969245157121]],[[128.4087784671675,36.08879882572581],[128.4085724375514,36.088444580735356],[128.40945341131686,36.088328908527565],[128.40935603684025,36.08877620649697],[128.4087784671675,36.08879882572581]],[[128.40824039595014,36.10278395621152],[128.40799942064234,36.1023477803124],[128.40944552118222,36.10249025187158],[128.40935188356724,36.10284297608113],[128.40922937362012,36.1025808102792],[128.40824039595014,36.10278395621152]],[[128.40846949628596,36.08980033202371],[128.40839796905638,36.08953541608267],[128.40873468693223,36.08943215146825],[128.4094039728073,36.089595496301484],[128.40941759754037,36.0897657994456],[128.40846949628596,36.08980033202371]],[[128.4093002221395,36.09932915938372],[128.4089728794522,36.09925247703852],[128.4091749887864,36.099150486659596],[128.40907008296352,36.09889013014729],[128.40939760794038,36.09888186192881],[128.4093002221395,36.09932915938372]],[[128.4093689031538,36.08887499990958],[128.40937206502397,36.08904635071405],[128.4089395857569,36.08906512079203],[128.4093689031538,36.08887499990958]],[[128.40888254671032,36.10457427038186],[128.408763735787,36.10439980230612],[128.409203543437,36.10447503585428],[128.40888254671032,36.10457427038186]],[[128.40919376414055,36.08995400770248],[128.40909333050354,36.09023012551585],[128.40877176885678,36.09024273798865],[128.40875440417747,36.08997262476149],[128.40919376414055,36.08995400770248]],[[128.40899372210313,36.09979509709704],[128.40900815526894,36.10015384658539],[128.40812043028075,36.10017899415248],[128.40822159517433,36.09981043312124],[128.40899372210313,36.09979509709704]],[[128.4088553255202,36.10159621658173],[128.40852407176175,36.10161071806618],[128.40850360339445,36.10134930170585],[128.40895274266745,36.10132916955237],[128.4088553255202,36.10159621658173]],[[128.40878625715862,36.10475985320187],[128.40877815370754,36.10493754849331],[128.40767967405736,36.10497258073578],[128.40766565653257,36.10480149752564],[128.4082285366303,36.10487454677045],[128.408229695641,36.1046852949891],[128.40878625715862,36.10475985320187]],[[128.40749770650714,36.101100607739944],[128.4074597021035,36.100297021262826],[128.40857270869333,36.10034646266736],[128.40859007188953,36.10061334671523],[128.40835673254708,36.10043963886459],[128.40837236090482,36.100803023321525],[128.4086090835919,36.10106373282404],[128.40749770650714,36.101100607739944]],[[128.40695528264328,36.08948512480863],[128.4073920694808,36.089472756131016],[128.40743153101252,36.089735829914204],[128.40761800345123,36.089467962694336],[128.40763362910604,36.08973523189755],[128.40818646749807,36.08980851505308],[128.4069747813947,36.08984610275806],[128.40695528264328,36.08948512480863]],[[128.4081552072786,36.08900663597748],[128.40816735917423,36.08935789821369],[128.407845391239,36.08937051319408],[128.4078365504586,36.08955078964286],[128.40760972510364,36.089283348657915],[128.40695848603505,36.0893950771824],[128.40660899435215,36.089135472129286],[128.40647720951665,36.08860259288768],[128.4070226018211,36.08857829474353],[128.4070071192322,36.08821807420421],[128.40789668368225,36.08819401762196],[128.40802537792925,36.08863853813751],[128.4073572412151,36.08875542270161],[128.4081552072786,36.08900663597748]],[[128.40755307884834,36.09975597865815],[128.40801607018767,36.10018207346933],[128.40746139541872,36.10020084577897],[128.40755307884834,36.09975597865815]],[[128.40710071165714,36.10427494612703],[128.40743778174843,36.104522996758014],[128.40699505177997,36.10454652742752],[128.40710071165714,36.10427494612703]],[[128.40720838914385,36.10200943326613],[128.4069741774996,36.10183470121777],[128.40688239185044,36.10211476516456],[128.40661684083952,36.10140180830909],[128.40717547849357,36.10129097662577],[128.40720838914385,36.10200943326613]],[[128.40650993796183,36.08959352640025],[128.40673355422672,36.08958641804876],[128.40674415755095,36.08985238216955],[128.40650993796183,36.08959352640025]],[[128.403168388172,36.094011667410015],[128.40342169745378,36.092215933946534],[128.40553096577494,36.092322628254415],[128.4055378249906,36.09259347168944],[128.40520690283557,36.092694860795866],[128.4061163177087,36.09294179451144],[128.4059969572469,36.095285828606706],[128.4054549258701,36.09539377245733],[128.40478502558537,36.095137840581785],[128.4036779916537,36.095357896824616],[128.40354976203284,36.09509183020314],[128.40310668173424,36.09510436251984],[128.40317602724423,36.094201452746304],[128.40339985511352,36.094109534835695],[128.403168388172,36.094011667410015]],[[128.40608419711694,36.092319358510764],[128.40566068472575,36.09259518774334],[128.40564213828551,36.0923246212908],[128.40608419711694,36.092319358510764]],[[128.40410652763137,36.09768699708714],[128.40291207028395,36.09789923999336],[128.40284530380274,36.096645333513315],[128.4039546743567,36.09661144648576],[128.40409019609976,36.09732673424997],[128.40441231945056,36.09668737411803],[128.40528667645975,36.09656380446865],[128.4052688283998,36.09620451837896],[128.40495246990372,36.0964907067791],[128.40493476713843,36.09613119993965],[128.4046018560529,36.09614061927271],[128.4045871792626,36.09596019382434],[128.4043016706454,36.096236781984445],[128.40349227749317,36.09617421728915],[128.40347815473407,36.09600101341451],[128.4041450850016,36.09607333208593],[128.40424211927996,36.09561287325296],[128.405900681549,36.09555729911109],[128.40601052183163,36.09781036816279],[128.40410652763137,36.09768699708714]],[[128.40498163731004,36.0994698167398],[128.40495464211162,36.099105910676556],[128.40540396989377,36.09909098209194],[128.40498163731004,36.0994698167398]],[[128.40483025009488,36.09649471722187],[128.40349713518117,36.096445112095125],[128.4035051596663,36.096264178161555],[128.40483263542077,36.096313174394815],[128.40483025009488,36.09649471722187]],[[128.4027203111301,36.09646888846819],[128.40272895457682,36.096279339660505],[128.40316259084028,36.09636437532599],[128.40337406334152,36.096086961836725],[128.40327413812273,36.09645197276659],[128.4027203111301,36.09646888846819]],[[128.4026785625306,36.09782777373134],[128.40245563912623,36.09782321409006],[128.40243845398942,36.097472415666495],[128.4026785625306,36.09782777373134]]],[[[128.44323462583765,36.13962756440395],[128.4424445681301,36.13954469415635],[128.44246608096782,36.139728637589116],[128.44323462583765,36.13962756440395]]],[[[128.43968276208201,36.139787194005955],[128.43961903024484,36.14033577862247],[128.44107163160126,36.140344186670426],[128.4413997911551,36.14032574604856],[128.4413844449266,36.1401460337655],[128.44083133858146,36.14017722241359],[128.4405894863648,36.13992256088863],[128.44190487471988,36.13966500512008],[128.4417718539079,36.13948717384097],[128.44100482997632,36.13953496204844],[128.44084878242887,36.13909284892379],[128.44118866151658,36.139159807248475],[128.44117319170647,36.138987567614976],[128.44049197172697,36.13883863492645],[128.44072262604269,36.13892134805704],[128.44067521822717,36.139635541171685],[128.44110828440463,36.13962058708702],[128.44112615859135,36.139799095889856],[128.44046461943535,36.13974730097871],[128.44027533834412,36.14020862794342],[128.43983975337727,36.1402328746583],[128.43968276208201,36.139787194005955]]],[[[128.44118288392326,36.14946511611982],[128.4409907115785,36.14983221296518],[128.44120920419923,36.14981774786688],[128.44118288392326,36.14946511611982]]],[[[128.4403832127185,36.138855074867884],[128.44004840088203,36.13886420111243],[128.4401783206284,36.13904659532216],[128.4403832127185,36.138855074867884]]],[[[128.43966019197185,36.13952089805318],[128.4388838135587,36.13956451190679],[128.43902864418015,36.13991648580228],[128.43934255526852,36.13962887568082],[128.4397860799447,36.13969044423374],[128.43983542026302,36.13896520198462],[128.43961456109255,36.13898149047856],[128.43966019197185,36.13952089805318]]],[[[128.43928155871927,36.14026948083594],[128.43905734591846,36.14027699383849],[128.4390872546589,36.14062729380978],[128.4396630093184,36.140783273138254],[128.43930880988216,36.140615582802205],[128.43928155871927,36.14026948083594]]],[[[128.43809452010078,36.14723211703323],[128.43843867654954,36.14735711784692],[128.43851390440807,36.1469019734762],[128.4377316235441,36.146945744308496],[128.43818705369824,36.14701026079761],[128.43809452010078,36.14723211703323]]],[[[128.4382422748506,36.13217871013257],[128.43801203321777,36.13207432927094],[128.43803895874578,36.13225415017814],[128.4382422748506,36.13217871013257]]],[[[128.3994818625485,36.115544947229736],[128.398620720391,36.1170869325269],[128.39938041701112,36.116086812582594],[128.40025726610517,36.11572028230489],[128.4012855249419,36.11706036274092],[128.40094911259968,36.11715427160873],[128.40096724122952,36.11759601942857],[128.40152404395337,36.117679352150255],[128.40140995308622,36.11750906808157],[128.4023942376043,36.11722720798461],[128.402633565429,36.11758502283355],[128.4032871746093,36.11748725383303],[128.40341816442822,36.11801789482165],[128.40419705593277,36.118098611753375],[128.40361728805186,36.117302995292825],[128.4030676027482,36.11703059070897],[128.40293645539748,36.116490543320594],[128.40325515810866,36.11567685893444],[128.40330468178243,36.11162968240327],[128.40340609553235,36.111087814056425],[128.40372690881728,36.110993941648736],[128.4022893779779,36.11091194871304],[128.40283529498643,36.1108154910568],[128.40393091564064,36.11000076593665],[128.40238582811375,36.109919620007965],[128.40237476957253,36.10929762448128],[128.40403158652163,36.10909365538116],[128.4040556433918,36.11044507421655],[128.40473145715654,36.11097783115103],[128.40395583856653,36.111077037626416],[128.40928697220323,36.11110454896423],[128.40872698596823,36.11084079593986],[128.40883318936392,36.11056920696142],[128.40939156401825,36.11074286516922],[128.40983246779624,36.11055745015684],[128.40995155166488,36.11100661505647],[128.40973109894955,36.1110993229977],[128.4099547729019,36.11118680373673],[128.4141755909982,36.11122716117073],[128.4146181015461,36.111131822909755],[128.41428016038986,36.110865473608875],[128.4157219472209,36.110758329022254],[128.41572518160922,36.110938517261125],[128.4152794402263,36.110853671291146],[128.4152826736151,36.11103385956163],[128.41484016449954,36.11112920024951],[128.41672608009182,36.11101679694926],[128.41706241119462,36.11119304508176],[128.4172989635555,36.11199671275963],[128.41674464301778,36.111733149561104],[128.41586370837882,36.112468804690394],[128.4158728471779,36.11327538194412],[128.41521928513848,36.113377552186954],[128.41521044216105,36.11319743025646],[128.41488286521388,36.113196966496105],[128.41487943117963,36.11347168022543],[128.41454908384637,36.113475581831636],[128.4144390862796,36.11383256210716],[128.41477558803857,36.114017920437874],[128.41468597770626,36.11491577630304],[128.41402460323457,36.11519392526651],[128.41413887175068,36.11537280264017],[128.41347264676125,36.1153806662798],[128.41314599227115,36.11574497330632],[128.4132618743474,36.11601394566712],[128.41293198768062,36.116198063869135],[128.41327156260414,36.11655451046636],[128.41294005938016,36.11664853458901],[128.4130624002746,36.117277883611834],[128.41273250793427,36.1174620013546],[128.4119794243871,36.11882257890648],[128.41176217893633,36.11909547919726],[128.41098487893734,36.119104638473786],[128.41077246538222,36.119647819586405],[128.4095687024588,36.1206532369769],[128.40968458022635,36.12092221269598],[128.4093546647187,36.1211063215383],[128.40936110687542,36.12146669837709],[128.40892405189314,36.1215663690916],[128.4092725198067,36.12272443010137],[128.40894429349467,36.12300352586167],[128.40917113875392,36.12326655327772],[128.4089451967915,36.12335859344327],[128.40972432551632,36.12344932847033],[128.40951010639873,36.12389261280973],[128.40984947984407,36.12362808155408],[128.4101749681292,36.123804475920956],[128.4102028132086,36.12505679507479],[128.4084244625276,36.124992128787895],[128.4078724240879,36.125178845508145],[128.40800117727986,36.12616857620744],[128.40833594582725,36.12625475323542],[128.40789495178484,36.12644016429003],[128.40812188679845,36.12670783567579],[128.40790138852682,36.12680054103373],[128.4079110438542,36.127341106106684],[128.40824098847668,36.12715700077485],[128.40824903661039,36.12760747157985],[128.40925497441415,36.127956091353994],[128.4091471403697,36.128137586313805],[128.41014341763298,36.12794563382726],[128.41016437202003,36.12911685673249],[128.4091568047115,36.128678150976036],[128.40916163697898,36.12894843328798],[128.40949802975533,36.1291247008297],[128.40939825010312,36.12975666641724],[128.41017887961186,36.12992770321857],[128.41040905721832,36.130375557796285],[128.4115277125162,36.130812943334675],[128.4121924541302,36.13071499367516],[128.41141181283655,36.13054397029327],[128.41073578296843,36.130011257472795],[128.4109530608511,36.12973835878041],[128.41140535916452,36.13018359432011],[128.41173369321,36.12990938537483],[128.41262538706226,36.130079096881474],[128.41284265846429,36.1298061949044],[128.41307123534926,36.13016395011086],[128.41362652705234,36.130157396894795],[128.41395485305674,36.12988318203189],[128.41495437405158,36.12987137709582],[128.41494952175992,36.129601095501116],[128.41561910285952,36.12977340866916],[128.41562233926433,36.12995359634301],[128.41473387551642,36.12996409500608],[128.41484816816774,36.1301429707619],[128.41573501554055,36.13004237737744],[128.41594418309637,36.12931900085322],[128.41572206902146,36.12932162669377],[128.41560453939346,36.128962564066505],[128.4151635484189,36.129148001765806],[128.41515546032082,36.12869753242044],[128.4148239089352,36.1287915626599],[128.41503793428274,36.128338469122475],[128.414484272546,36.12843512250164],[128.41448103892216,36.12825493469336],[128.4150346994049,36.128158281354416],[128.41489938519686,36.12680818494056],[128.41112194768957,36.12676263859342],[128.41044434095505,36.12613982895275],[128.41071945590753,36.122892517158455],[128.4110526005618,36.12288859275658],[128.41126824572515,36.12252559951808],[128.41104292527086,36.12234802801242],[128.41115503282398,36.12207419792976],[128.411289691091,36.12232480547964],[128.41204674860307,36.12242395880946],[128.4117087672576,36.12215766308534],[128.41157763410223,36.1213527754411],[128.41124324794194,36.12112835836701],[128.41167605604318,36.120173681712146],[128.41189431794936,36.120179718223284],[128.41179789471798,36.120803037646155],[128.41213263679438,36.120888798224286],[128.41211027282725,36.12008491296498],[128.41166279120404,36.11990284285392],[128.41209406701998,36.118735284663266],[128.41328969435412,36.11727937237286],[128.4164742645186,36.11570336822976],[128.4172401947438,36.11506351613655],[128.41745739295823,36.11434650462586],[128.417786448494,36.114245915223876],[128.41777268359778,36.11335152835244],[128.41810076153482,36.11306811366925],[128.41807721082458,36.11234833592184],[128.41786343491418,36.11280786473009],[128.4175327901585,36.1128051401227],[128.41752632403933,36.112002746270306],[128.41785926701937,36.11199019907899],[128.41752064801716,36.11190425826707],[128.4176244012503,36.11128068000438],[128.41806204785584,36.110915047012284],[128.41894773680946,36.11071799114793],[128.42116453984065,36.11096651307911],[128.4216228144944,36.111589574770086],[128.42206694160143,36.11158430301511],[128.42263022599406,36.112028180184076],[128.4226367266608,36.11238855550007],[128.4221958444984,36.11257401715205],[128.42220071859663,36.112844298667525],[128.42253056898593,36.11266015563137],[128.4224325355532,36.11338222478667],[128.42265135358312,36.113199399877885],[128.42298770684025,36.11337563080298],[128.42297470194544,36.11265488037722],[128.42308898660113,36.112833748912834],[128.42375518730142,36.11282583227671],[128.42376006678768,36.11309611359754],[128.42409642196841,36.113272341366],[128.42388086052065,36.11363535636251],[128.42421396417365,36.11363139623027],[128.42445556148024,36.11470988036896],[128.42367830897646,36.114719121041496],[128.4236896947198,36.1153497772583],[128.4245845007189,36.11569959064665],[128.42460077711,36.11660052757491],[128.42528166540313,36.117403444702944],[128.42707297631475,36.118193132774],[128.42807397517672,36.11827131520979],[128.42830258497563,36.11862904121129],[128.42930195708624,36.118617119741494],[128.42941626499567,36.11879598154911],[128.43108025236387,36.1186859988416],[128.4310769819751,36.11850581203952],[128.43328470037753,36.11775851064657],[128.43327814977812,36.11739813732849],[128.43305607095635,36.11740079455818],[128.4325057840513,36.11767771591431],[128.42906844423624,36.11798911528681],[128.42828789704384,36.117818199565576],[128.4271628183729,36.11702059332659],[128.42726570385994,36.11656880234717],[128.42704199632954,36.1164813547884],[128.42726407314603,36.11647870876487],[128.42725591968508,36.11602824083206],[128.42703221371926,36.11594079321262],[128.42725102769538,36.115757960055305],[128.4270273225118,36.11567051240556],[128.4267007307586,36.11603485501074],[128.4266942106553,36.11567448055205],[128.42713672926808,36.11557909588345],[128.42713346826028,36.11539890867748],[128.42568917190215,36.11537098500731],[128.42578788266766,36.11442368963265],[128.42723286233183,36.114492581299125],[128.4272053722667,36.11323533885531],[128.42675790435598,36.11305642799862],[128.4267514085883,36.112429729282006],[128.42697491617324,36.112512613017344],[128.426742489334,36.11220438162053],[128.42707314483854,36.112065444341205],[128.4272854264557,36.111522236621994],[128.42661923778897,36.11153017264248],[128.42662091773886,36.111890604991615],[128.42473814198985,36.11190913907258],[128.42506805237684,36.1117288631084],[128.42516931605147,36.11118697968241],[128.42483451935587,36.11109664730001],[128.42493748756877,36.1106490589433],[128.42449166236707,36.11029775227943],[128.4247119428232,36.110196615448686],[128.42459493253344,36.109842115136196],[128.42525763327066,36.11019084123529],[128.42536690882915,36.109562592420204],[128.4256967854647,36.10964877985995],[128.42569677314052,36.10937844061499],[128.42735266056079,36.10936256444298],[128.4284806632686,36.11006617970728],[128.42879090253223,36.108800896320886],[128.4281294030367,36.108804941249375],[128.42777944256324,36.108448660505665],[128.42678588720253,36.10846434196873],[128.42689536915185,36.10863942084011],[128.4263513319812,36.10873601315568],[128.4262371852464,36.10856483264343],[128.4264528057404,36.1084683087648],[128.42612439004878,36.108468375761944],[128.42599892435933,36.1079330338433],[128.4254348473962,36.10775567772047],[128.42521382381815,36.107766339350896],[128.42544546610847,36.10830007362437],[128.42422893751865,36.108310668890745],[128.42433707753264,36.10786269200569],[128.4251090849212,36.10785351014508],[128.424223912947,36.107770080993305],[128.42420293904806,36.107139538104725],[128.42321654824158,36.10733148766174],[128.4232037547272,36.106884917007676],[128.4226501839586,36.10671510942584],[128.42341774885887,36.10669830470316],[128.42374608368303,36.106431749907],[128.42396975887883,36.10651920448635],[128.42398662632118,36.10687945675015],[128.4244269646455,36.106882138899245],[128.42484650914034,36.10615562576496],[128.42418867014624,36.105906990815676],[128.42424447519832,36.105095308499884],[128.42480448545277,36.105075274565635],[128.424770169006,36.10453655790946],[128.4251040753234,36.104430895198846],[128.4248566005468,36.10394335269186],[128.4250729241852,36.10389149843141],[128.42505213704786,36.10345013858185],[128.42570649371316,36.10334314813923],[128.42573372030932,36.10360415243831],[128.4260552188446,36.103591494645755],[128.42627196864728,36.10330848464526],[128.42604701368586,36.10314985734338],[128.4264759621419,36.102856568353744],[128.42680005458502,36.103023923902555],[128.4277706057675,36.10218777605174],[128.4284296030567,36.102256565078356],[128.42877010325265,36.102062811788805],[128.42804051665846,36.10100807951247],[128.42771840547852,36.10101246930667],[128.42666986933597,36.100147407318204],[128.42590635087163,36.10026183349873],[128.42577497066117,36.099909095235084],[128.42621011151138,36.09989060511395],[128.42662454155703,36.09906996812698],[128.42716968413868,36.0988652404646],[128.42747799211733,36.09832089130001],[128.42780927799458,36.09830781502456],[128.4280165846864,36.097854771533164],[128.42910269380508,36.09745434076317],[128.4295157430243,36.09663838635761],[128.4312752593274,36.09639947782363],[128.43129272839488,36.09666240701713],[128.4316225240965,36.09666750309838],[128.43142301116293,36.09711141668214],[128.43188143976175,36.097286943540354],[128.43177515515103,36.09754876357741],[128.43212452517326,36.097817083820345],[128.43300830675216,36.0978793012171],[128.43415823442965,36.098475279303244],[128.4344884577763,36.09838144594835],[128.4343805559629,36.09855389977132],[128.43505289536776,36.09889551417701],[128.43548988022357,36.09843264552734],[128.4359233637789,36.09850838402006],[128.43603066481663,36.09831872803335],[128.43568367186163,36.098150348924484],[128.43577842540424,36.097798098223365],[128.43511105137765,36.09763183000146],[128.435203005312,36.09736338696863],[128.43474012940337,36.0970086585822],[128.43429904687596,36.09711183181109],[128.43439867390958,36.09648486139025],[128.43472038119685,36.096468215860554],[128.4349201560266,36.09592605419432],[128.43547308303215,36.095727074835125],[128.43623840095904,36.0957052191967],[128.43625358659168,36.09589096320518],[128.43636099116665,36.095691606766266],[128.43658261700492,36.095698236544905],[128.4364760755374,36.09587928444274],[128.4376884058458,36.09574764485711],[128.43775864092186,36.095025843357554],[128.43611376099034,36.095261846959694],[128.43597825441665,36.094812905131086],[128.43564173521912,36.094636891873336],[128.43573555839714,36.09437510064942],[128.43496056118144,36.094392555101535],[128.43462325074222,36.09412643516275],[128.43363146469343,36.09451666102535],[128.43142514067029,36.09485864099856],[128.4314371900478,36.095038433407026],[128.43110685887515,36.09496192206223],[128.4251127690019,36.100018441047915],[128.42427431802432,36.100944658630105],[128.42428454324565,36.10129616624236],[128.42384263341393,36.10150007937563],[128.42374759580326,36.101861734040824],[128.42310137262635,36.102253949103904],[128.42056227100736,36.1050271390966],[128.42079576388446,36.10511396422999],[128.42017363440306,36.105118613534955],[128.4195188461563,36.10575716718099],[128.41818332202695,36.10559275878517],[128.41829920502852,36.105861726664195],[128.41785834809076,36.10604717195755],[128.417863206166,36.10631745427669],[128.41819789954414,36.10640360565175],[128.41775151980403,36.106584700403346],[128.4173184386654,36.106594240720774],[128.41729837102864,36.105783458632075],[128.41641448406492,36.105699383958694],[128.41629848952212,36.106061208582766],[128.41563786320486,36.106073432816935],[128.41563881107564,36.106429459258635],[128.41476216991913,36.10644423117567],[128.41518986279527,36.10616442391626],[128.41486605382946,36.106078135529174],[128.414855928357,36.1058169752369],[128.4154084695363,36.105990445672845],[128.41541486775236,36.10572003015409],[128.41583581058396,36.10570351226938],[128.4151824519107,36.105448020534254],[128.4117407212695,36.10548862988971],[128.41163453422516,36.105760221295654],[128.41074634145724,36.10577068436759],[128.4107592313684,36.10649143943882],[128.41098289315497,36.1065789185881],[128.4107656764956,36.10685181694035],[128.41053879209534,36.10658414863321],[128.41032801707271,36.107217423761725],[128.40955727341537,36.107586948796715],[128.4093609761392,36.10903107193502],[128.4091405281374,36.10912377871172],[128.40880583215457,36.10903760210017],[128.40880100462607,36.10876731884676],[128.4085805566581,36.10886002459497],[128.4086948033362,36.109038907824655],[128.4082506879914,36.10904412969413],[128.40835206488683,36.108502257758595],[128.4077969243823,36.10850878316707],[128.40778406058212,36.10778802741957],[128.40744776411648,36.10761175235098],[128.40777762885338,36.10742764951178],[128.4095556634594,36.10749685438763],[128.40955083363437,36.10722657115184],[128.40777441303186,36.10724746054936],[128.40754914504183,36.10706988088768],[128.40755236032797,36.107250069872904],[128.40710825483464,36.10725528728591],[128.40711629064077,36.10770575980977],[128.407455801966,36.108062224782216],[128.40679124362902,36.108160144406476],[128.40756843718705,36.10815101471387],[128.4076005930465,36.1099529039699],[128.40737853271114,36.10995551313903],[128.40737370991053,36.10968522976113],[128.40715486499332,36.109868027430295],[128.40648707790425,36.10978575671574],[128.40647904507918,36.109335284226745],[128.40669949695754,36.10924258226967],[128.4063648029041,36.10915639879016],[128.4063246449779,36.106904035634784],[128.40532220115193,36.106735572997046],[128.40487809812907,36.10674078208011],[128.40488130727627,36.106920971282065],[128.4023277068557,36.10695089177434],[128.40220226709513,36.10614133905539],[128.40198021697324,36.10614393798384],[128.4017607544276,36.106592739977536],[128.4014349209506,36.106600885844486],[128.4015399484926,36.10606423262542],[128.40131625764548,36.10596714616793],[128.4013182520254,36.10668803058375],[128.40110161758173,36.106694898103285],[128.40110641836782,36.106965182343735],[128.40132320750646,36.10696698101212],[128.40133647360346,36.10741305864701],[128.40155326396487,36.10741485687156],[128.4017901876238,36.10794843085456],[128.40223669228328,36.108077914712005],[128.40202181169906,36.10848418037801],[128.4016887660382,36.10849029826513],[128.40168815167368,36.108756312192845],[128.40135888216278,36.1086743847148],[128.40136208349924,36.10885457413034],[128.40168990672413,36.108855073095995],[128.40182799483367,36.11037627931787],[128.4021628514268,36.110471579518496],[128.4020682949566,36.11109914562115],[128.4030676581594,36.11109166962761],[128.40301705172843,36.11477851314032],[128.40280685767954,36.11487109011104],[128.40235508200172,36.11451706945049],[128.40224282032463,36.114878698284905],[128.40257608757355,36.114882170344],[128.40247627268525,36.115597020434095],[128.40137372806086,36.115519801449466],[128.40125793939993,36.11579152496073],[128.4009352279372,36.11579412824816],[128.40091518582224,36.11525368260012],[128.400481092355,36.11553327427093],[128.4003598294739,36.11526017653912],[128.39981524474533,36.11526654202153],[128.3997957866851,36.114459918673276],[128.4009029541423,36.11426674831172],[128.40099478406492,36.11318431388525],[128.40077271400347,36.11318691101047],[128.40067288004096,36.113818872060534],[128.40000506490512,36.113736565844775],[128.3994818625485,36.115544947229736]],[[128.43480560621097,36.09575512063006],[128.4347785050842,36.09539022352507],[128.4359975521398,36.09526323988996],[128.43601163589534,36.095439235192444],[128.43480560621097,36.09575512063006]],[[128.4355364219285,36.09491699743273],[128.43588097759758,36.094992877271],[128.43555025319702,36.09509705813976],[128.4355364219285,36.09491699743273]],[[128.4348609965101,36.09474475663732],[128.43474737144282,36.09458456751698],[128.43496343891044,36.09457182433888],[128.4348609965101,36.09474475663732]],[[128.43417487799556,36.09442015665625],[128.4345179072376,36.09449550633806],[128.4346589937902,36.094936054852695],[128.43417487799556,36.09442015665625]],[[128.43266306251618,36.09508715004266],[128.43298918983666,36.09499747093924],[128.43301269381115,36.095442583536574],[128.43266306251618,36.09508715004266]],[[128.43203786667385,36.0961048887273],[128.43270909646918,36.096082179684394],[128.43270848399598,36.09634811116482],[128.4321798269523,36.09655250091064],[128.43203786667385,36.0961048887273]],[[128.4284676097644,36.10934543060732],[128.42824718455566,36.10943817206426],[128.42824392174444,36.10925798476052],[128.4284676097644,36.10934543060732]],[[128.42813126228327,36.10916921484644],[128.4279124681652,36.10935204935041],[128.42790757512137,36.1090817683493],[128.42813126228327,36.10916921484644]],[[128.42699328025753,36.101133650336514],[128.42737316859933,36.100944312402085],[128.4272816112636,36.10120684065366],[128.42699328025753,36.101133650336514]],[[128.4272276861616,36.102475792455145],[128.4263430463107,36.10232630273369],[128.4256783627697,36.102613810014695],[128.42565890188382,36.10216365567441],[128.4259901903665,36.10215030308257],[128.42608853020982,36.10169925747078],[128.42663401513,36.10185904327909],[128.42728839259507,36.10148158628253],[128.42729886419477,36.101747385647016],[128.42698051410164,36.101950325625324],[128.4272276861616,36.102475792455145]],[[128.42635682707413,36.100613906041886],[128.426364249359,36.10043359116927],[128.42668583783686,36.10041661611694],[128.42703956587422,36.10076827109941],[128.42635682707413,36.100613906041886]],[[128.42621810524986,36.113611965804886],[128.426878791056,36.1135996818448],[128.42699789264066,36.114044185589876],[128.42678153242355,36.11405140567042],[128.42676938666102,36.11369109810561],[128.42665935104367,36.114048445419535],[128.42621810524986,36.113611965804886]],[[128.42626798639728,36.11667079987149],[128.42625983856817,36.11622033175753],[128.4264819147254,36.11621768720028],[128.42648680416173,36.11648796804689],[128.42692769726492,36.11630249045092],[128.42682644035503,36.116844374790546],[128.42626798639728,36.11667079987149]],[[128.4266440772116,36.113059506706456],[128.42642773744996,36.11306437563741],[128.42641675634445,36.11261548285921],[128.42663879445192,36.11261129673494],[128.4266440772116,36.113059506706456]],[[128.42602316854828,36.115677910809076],[128.4261405705664,36.11550469089968],[128.4264705062939,36.115587031841784],[128.42602316854828,36.115677910809076]],[[128.42624718150478,36.10069657470283],[128.42594331272937,36.10107839637257],[128.42603111454778,36.10062733914679],[128.42624718150478,36.10069657470283]],[[128.4259791124773,36.11297960412128],[128.4260966627112,36.1133386569721],[128.4255431209949,36.113435359053604],[128.42553660680065,36.113074984256464],[128.4259791124773,36.11297960412128]],[[128.42553009272208,36.11271460943658],[128.42552195028657,36.112264140879745],[128.42541905953243,36.11271593077451],[128.42508595992012,36.11271989417112],[128.42485249943954,36.1120918797496],[128.426073854767,36.1120773453664],[128.42608688770437,36.112798094889484],[128.42553009272208,36.11271460943658]],[[128.42602961600136,36.1157725077104],[128.42592346595762,36.1160441105403],[128.42569487469504,36.11568637943655],[128.42602961600136,36.1157725077104]],[[128.42560664045166,36.11694901213389],[128.42538456215053,36.11695165511459],[128.42549071518246,36.116680052733244],[128.42560664045166,36.11694901213389]],[[128.42520839018331,36.11334922915273],[128.42519862126002,36.11280866686189],[128.42542068791448,36.11280602448595],[128.42543208679132,36.113436680426226],[128.42520839018331,36.11334922915273]],[[128.42424364857462,36.10912538713939],[128.42479878946656,36.10911878543101],[128.42469101627378,36.10930029306252],[128.42424364857462,36.10912538713939]],[[128.42437420067375,36.1102051925973],[128.42415051446113,36.11011773907009],[128.42437094661716,36.11002500501253],[128.42437420067375,36.1102051925973]],[[128.42355634107204,36.107962085776975],[128.4238894208171,36.107958127080636],[128.42400532684132,36.10822708882161],[128.42355634107204,36.107962085776975]],[[128.42341605050206,36.106341715405826],[128.42340954771436,36.105981339847546],[128.42362996939218,36.10588860733128],[128.42350985527233,36.105386172995466],[128.42386365300135,36.10645686833176],[128.42341605050206,36.106341715405826]],[[128.42346157324968,36.108864343677205],[128.42368200280566,36.10877161092922],[128.42368525513945,36.10895179860577],[128.42346157324968,36.108864343677205]],[[128.422326925337,36.10752612353808],[128.42210812182972,36.10770894768653],[128.42187794906442,36.10726111395555],[128.42220940170702,36.1071670660701],[128.4228836806138,36.10760962485035],[128.422326925337,36.10752612353808]],[[128.42165589767586,36.107263749417776],[128.42154000111452,36.10699478514994],[128.42176205175727,36.106992149919364],[128.42165589767586,36.107263749417776]],[[128.42059461827162,36.109709396355946],[128.4205862803028,36.10953346273295],[128.42103349129724,36.10969999607389],[128.42059461827162,36.109709396355946]],[[128.42060080909775,36.110340115227324],[128.42037874891963,36.110342748515265],[128.42037225905446,36.10998237272254],[128.42059431821878,36.109979739469175],[128.42060080909775,36.110340115227324]],[[128.4203008781436,36.106018237502276],[128.4204070354015,36.10574663908313],[128.42052292615745,36.10601560462922],[128.4203008781436,36.106018237502276]],[[128.41824695622012,36.109106422628194],[128.4183575717135,36.10883869731385],[128.41912671405532,36.108919701081255],[128.41980421408286,36.10927250160911],[128.41981483282922,36.10954233949442],[128.42013892215982,36.10935864820006],[128.42014038816154,36.109714782307925],[128.41992532016639,36.10955861996683],[128.41959018709036,36.10972130391939],[128.4194888426572,36.110529599243364],[128.41850086429113,36.1106314160217],[128.41793438809168,36.11027729407609],[128.4179280358272,36.109654801496056],[128.418256108905,36.109371978491204],[128.4180278765926,36.10901890264355],[128.41824695622012,36.109106422628194]],[[128.4187870525187,36.10828900750223],[128.41879029361522,36.108469195576355],[128.41846045134002,36.10865332823955],[128.4187870525187,36.10828900750223]],[[128.41733560285888,36.107855623346275],[128.41713459182478,36.109029473741195],[128.41711031216505,36.10767806220393],[128.41733560285888,36.107855623346275]],[[128.4164172567386,36.11237214721947],[128.41730552165515,36.11236164046175],[128.4172155357025,36.11353417655692],[128.41710126311162,36.113355302161764],[128.4163240214752,36.11336449482665],[128.4164172567386,36.11237214721947]],[[128.41656551045622,36.11444299735711],[128.41633696593635,36.11408524724623],[128.41722201198897,36.11389455262875],[128.4172301075088,36.11434502268659],[128.41656551045622,36.11444299735711]],[[128.4168128349803,36.10966407245817],[128.41680474323,36.109213601966324],[128.41713782923495,36.109209661922],[128.41714592288602,36.10966013234919],[128.4168128349803,36.10966407245817]],[[128.41614180618407,36.109401667530804],[128.41613857102615,36.1092214792781],[128.4166937145473,36.10921491510873],[128.41659239445872,36.10975679278599],[128.4154820995618,36.109769917783524],[128.41547886586707,36.10958972949048],[128.41614180618407,36.109401667530804]],[[128.4166581157675,36.10723284442787],[128.41599519483506,36.107420908877565],[128.415771525386,36.10733343927754],[128.41576505727997,36.10697306258405],[128.41665487968714,36.10705265615005],[128.4166581157675,36.10723284442787]],[[128.41665002562058,36.1067823737227],[128.41609651658683,36.10687903147571],[128.41587123146806,36.10670146785],[128.41664678961212,36.10660218543069],[128.41665002562058,36.1067823737227]],[[128.4160485696931,36.11039401540052],[128.4160437171101,36.11012373305328],[128.4164846010058,36.10993829395837],[128.41649107310093,36.11029867036096],[128.4160485696931,36.11039401540052]],[[128.41597902217947,36.106519967201585],[128.4159757877345,36.10633977884934],[128.4163088617262,36.10633584137845],[128.41631209693136,36.10651602970483],[128.41597902217947,36.106519967201585]],[[128.41548533328526,36.10995010607088],[128.41593268710994,36.110125045518835],[128.4159375393127,36.11039532787901],[128.41560444812856,36.110399264697364],[128.41548533328526,36.10995010607088]],[[128.4121366145491,36.108993979207945],[128.412227384153,36.10755550041985],[128.41588748187053,36.10760680342218],[128.41590790577544,36.10904397946429],[128.41536339914936,36.109046079847744],[128.41523325402432,36.10859705116589],[128.41491664866874,36.10888083533707],[128.4152411965499,36.109051858095235],[128.41392002787964,36.109063125245456],[128.41388666523,36.10780193299123],[128.41368729299896,36.10907020653315],[128.4121366145491,36.108993979207945]],[[128.41476744268115,36.10707496207801],[128.41565564858945,36.107064468872956],[128.4156621162174,36.10742484557801],[128.41477229035038,36.10734524471226],[128.41476744268115,36.10707496207801]],[[128.41564756421604,36.1066139979597],[128.41565079794387,36.106794186329275],[128.41476259507647,36.10680467943099],[128.4148687725398,36.106533085506314],[128.41564756421604,36.1066139979597]],[[128.41522014277297,36.113737994855164],[128.41555971685008,36.114094435112094],[128.41500292215412,36.11401090068828],[128.41522014277297,36.113737994855164]],[[128.41336285072865,36.10925426155698],[128.41424946629763,36.109153684019695],[128.4142575434393,36.10960415501393],[128.4145825524178,36.10914975108477],[128.41525034101883,36.10923197660099],[128.4153807705288,36.11031179458848],[128.4149414981232,36.110587323867584],[128.4150444468501,36.1101355415407],[128.41437665074136,36.11005331505415],[128.41425915888917,36.109694249208516],[128.41426400528172,36.109964531783746],[128.41382311574296,36.11014996282281],[128.4139389912391,36.11041893490406],[128.41338545308457,36.11051558071324],[128.41336285072865,36.10925426155698]],[[128.41438634452356,36.11059388013193],[128.41438311323415,36.11041369177837],[128.4147178206764,36.11049985251872],[128.41438634452356,36.11059388013193]],[[128.41464833823858,36.10662580215886],[128.41466126419942,36.107346555913026],[128.4136620285182,36.10735835209209],[128.4136523408466,36.106817786552654],[128.41464833823858,36.10662580215886]],[[128.41431041680698,36.10635945232086],[128.41464672252573,36.106535707933205],[128.41431364745088,36.10653964080227],[128.41431041680698,36.10635945232086]],[[128.41449235673113,36.12888559199748],[128.4143845337087,36.1290670914067],[128.41327396584688,36.12908020195421],[128.41337856031913,36.128718515608035],[128.41449235673113,36.12888559199748]],[[128.41419293132606,36.106000386065865],[128.4142026224116,36.106540951552944],[128.41364749710758,36.10654750376377],[128.41419293132606,36.106000386065865]],[[128.41353162873085,36.10627853108284],[128.4135493877924,36.10726956800713],[128.41210604789302,36.10728659083337],[128.41207701771026,36.105664892952895],[128.412854184919,36.10565572951681],[128.41353162873085,36.10627853108284]],[[128.41316177747177,36.11042810641424],[128.41216088901263,36.11034979668558],[128.4122509482218,36.109177262191054],[128.4131391787644,36.1091667871177],[128.41316177747177,36.11042810641424]],[[128.41280228510368,36.12755384581192],[128.41279905542842,36.12737365784615],[128.41302277938345,36.12746113152179],[128.41280228510368,36.12755384581192]],[[128.4125704882826,36.127015901750894],[128.41235968060946,36.12764917920795],[128.41223894057808,36.12710992476974],[128.4125704882826,36.127015901750894]],[[128.41170870409601,36.109904560134105],[128.4111535545263,36.10991110131296],[128.41114065939905,36.109190346776444],[128.4118068327786,36.10918249725939],[128.41181489598108,36.10963296872653],[128.41203534207597,36.1095402570731],[128.41194044084224,36.11044250860496],[128.41160734888376,36.11044643431526],[128.41170870409601,36.109904560134105]],[[128.411005455249,36.10784023960399],[128.4113385362903,36.10783631581002],[128.4113337002974,36.10756603279726],[128.411999859906,36.107558182509884],[128.41191302343447,36.10891090576214],[128.41113582384443,36.108920063801826],[128.411005455249,36.10784023960399]],[[128.411996634426,36.10737799387915],[128.41143989060816,36.10729444166047],[128.41199340897467,36.10719780524273],[128.411996634426,36.10737799387915]],[[128.41105282797218,36.12910639217251],[128.4116081127096,36.12909984847753],[128.41149066593061,36.12874434819754],[128.4119323067353,36.12873557476815],[128.41183345421894,36.12927741826823],[128.41105282797218,36.12910639217251]],[[128.41104413638726,36.11000250355515],[128.4114882565929,36.10999727121199],[128.41149631821665,36.11044774267965],[128.41105219547651,36.1104529751087],[128.41104413638726,36.11000250355515]],[[128.4113746786855,36.12874615488232],[128.41138277221498,36.12892227823511],[128.41038326171306,36.128934053103556],[128.41037842525984,36.128663770933194],[128.4113746786855,36.12874615488232]],[[128.41078697420022,36.12045866714421],[128.41112010856244,36.12045474278142],[128.41101551334614,36.12081642762632],[128.41078697420022,36.12045866714421]],[[128.41104615033922,36.12252821626615],[128.41082727951436,36.12271102086785],[128.41093187782076,36.122349336223515],[128.41104615033922,36.12252821626615]],[[128.41039890001943,36.12980796536691],[128.41017081976705,36.12947723296272],[128.41083555210983,36.12937929102758],[128.41039293481282,36.129474617405926],[128.41039890001943,36.12980796536691]],[[128.41081115685188,36.12181007948491],[128.41058745146418,36.12172260118643],[128.41080793240528,36.12162989119127],[128.41081115685188,36.12181007948491]],[[128.41036506777613,36.109289594218836],[128.41003198045937,36.109293515441976],[128.41013817741742,36.10902192538419],[128.409583033683,36.10902845914902],[128.4095733733682,36.108487892809514],[128.41012851330112,36.108481359173375],[128.4096779607953,36.10812620871705],[128.4102347089245,36.108209769025876],[128.41047770798014,36.10937838128513],[128.41080596113414,36.109104175810195],[128.41071588044946,36.110276709707605],[128.4103827890152,36.110280631998],[128.41037473379927,36.1098301603015],[128.41015106330627,36.10974268025245],[128.41036506777613,36.109289594218836]],[[128.4103589114675,36.121364839955156],[128.4103653582747,36.121725216622444],[128.40969907853463,36.12173306046106],[128.4096910238474,36.12128258949466],[128.4103589114675,36.121364839955156]],[[128.40957686248353,36.12732151181635],[128.40991002601632,36.127317590179544],[128.40979413734829,36.1270486151833],[128.41023513004342,36.126863197176164],[128.41002108051296,36.12731628276144],[128.41024802523538,36.127583949863634],[128.41002913886484,36.127766753209166],[128.40957686248353,36.12732151181635]],[[128.4101208527225,36.12668431658398],[128.40967663827297,36.12668954593042],[128.40966213756545,36.125878698829716],[128.41010634744922,36.12587346963774],[128.4101208527225,36.12668431658398]],[[128.40947844476062,36.10939014314188],[128.40947361486542,36.10911985998269],[128.40991773040273,36.109114633570755],[128.40992256181858,36.10938491667848],[128.40947844476062,36.10939014314188]],[[128.40869486666054,36.127692341553086],[128.40846792678974,36.127424671401904],[128.40879626015632,36.127150470416765],[128.40846309717,36.12715438894036],[128.40845504794666,36.126703918142724],[128.40901031638404,36.126697386862666],[128.4090248108221,36.12750823407993],[128.40924692042995,36.12750562077032],[128.4091294230783,36.12714655096693],[128.40935153165722,36.12714393748579],[128.40958169595118,36.12759179414074],[128.40869486666054,36.127692341553086]],[[128.40945130908307,36.12651197173433],[128.40922920229406,36.126514585361264],[128.40933381244085,36.12615290206142],[128.40945130908307,36.12651197173433]],[[128.40855644205533,36.12616204711423],[128.4090006537471,36.12615682198724],[128.40900709547645,36.126517198576536],[128.4085628817555,36.12652242377211],[128.40855644205533,36.12616204711423]],[[128.40793046702126,36.1097688005705],[128.40893134507755,36.109847145917804],[128.40893456384765,36.11002733471217],[128.4085998642023,36.10994115761774],[128.408607909316,36.11039162965022],[128.40805275557713,36.110398156537066],[128.40793046702126,36.1097688005705]],[[128.40825229654823,36.10913422413052],[128.40869641239993,36.10912900224391],[128.40870445782576,36.10957947431884],[128.40837297777333,36.10967348537594],[128.40825229654823,36.10913422413052]],[[128.40781782903207,36.109680011062885],[128.40781300477502,36.1094097277236],[128.40814448444917,36.10931571822214],[128.40781782903207,36.109680011062885]],[[128.40749277837193,36.11013439750881],[128.40749760165977,36.11040468085257],[128.4071645092237,36.11040859420764],[128.40749277837193,36.11013439750881]],[[128.40537998840855,36.109978977147755],[128.40537196184837,36.109528504459064],[128.40603813973757,36.109520686953786],[128.40624574249378,36.10870722967478],[128.40639050631611,36.11059791074395],[128.40583213883724,36.11042423837112],[128.40604938229416,36.11015134852838],[128.4057178964483,36.1102453523515],[128.40537998840855,36.109978977147755]],[[128.40536072496346,36.10889784263527],[128.40557957153297,36.108715048183264],[128.40591747466854,36.108981422983476],[128.40536072496346,36.10889784263527]],[[128.40589510794086,36.10798667694096],[128.40445645252535,36.108007314051456],[128.40423470247356,36.10782968687422],[128.40421841163774,36.10711194694567],[128.40588535839333,36.10717953213113],[128.40589510794086,36.10798667694096]],[[128.40550065157598,36.11051824161989],[128.4050565272932,36.110523451832584],[128.40505331732257,36.11034326275276],[128.40549744059155,36.110338052574264],[128.40550065157598,36.11051824161989]],[[128.40512582768497,36.108179691064066],[128.40545891100209,36.10817578358376],[128.4054621216444,36.108355972697524],[128.40513064251869,36.10844997477108],[128.40512582768497,36.108179691064066]],[[128.40472022479605,36.11034716930667],[128.40494389134255,36.110434659585145],[128.40472343400629,36.11052735841216],[128.40472022479605,36.11034716930667]],[[128.40447089024806,36.10881816539052],[128.4043581464894,36.10846279583448],[128.40490080836827,36.1082762059285],[128.40491348024335,36.10899320222087],[128.4042519728658,36.10899714417266],[128.40447089024806,36.10881816539052]],[[128.4042536447503,36.109091052468614],[128.40480879019736,36.10908454338736],[128.40482483680344,36.10998548901397],[128.4042696850202,36.1099919983089],[128.4042536447503,36.109091052468614]],[[128.4042761013276,36.11035237660528],[128.40427128908638,36.110082092885115],[128.40471541103412,36.110076885637795],[128.40460919393962,36.1103484712856],[128.4042761013276,36.11035237660528]],[[128.40301629852127,36.10820441694465],[128.40401394583498,36.10810261469889],[128.4041329925797,36.10855178637837],[128.40391735018838,36.10891476747244],[128.4032511768094,36.10892257307342],[128.40302431124178,36.10865489018842],[128.40335739686554,36.10865098850626],[128.4034604101377,36.10819921458148],[128.40313053175635,36.10838330580134],[128.40301629852127,36.10820441694465]],[[128.40332557944546,36.10712319530413],[128.40333845995283,36.107303271275825],[128.40410738885467,36.10711344746867],[128.4040123421789,36.1080125200829],[128.40245789624836,36.108027419957985],[128.40244677406145,36.10712972476554],[128.40332557944546,36.10712319530413]],[[128.40283750663127,36.11063957283436],[128.40239177920355,36.11055467854984],[128.40249319811787,36.11001281077348],[128.4028262895508,36.110008910442],[128.40283750663127,36.11063957283436]],[[128.40247237226404,36.108841580265306],[128.4025785949257,36.10856999632844],[128.40280065181878,36.10856739614117],[128.40247237226404,36.108841580265306]],[[128.402799049521,36.108477301485294],[128.40246596455086,36.10848120159914],[128.40257218679096,36.10820961766231],[128.402799049521,36.108477301485294]],[[128.4022278916176,36.107582854310714],[128.40189641155513,36.10767684745807],[128.40189320913632,36.10749665804826],[128.4022278916176,36.107582854310714]],[[128.40148535656954,36.115791862312406],[128.40181847255076,36.115787964247694],[128.40182327739151,36.11605824799414],[128.40149016026942,36.11606214609725],[128.40148535656954,36.115791862312406]],[[128.4014362958402,36.10678109668318],[128.40177097480205,36.10686729431051],[128.4014394971316,36.106961286149826],[128.4014362958402,36.10678109668318]],[[128.40093176371775,36.11588845164713],[128.40138232346308,36.11624363445052],[128.40093656553748,36.11615873549167],[128.40093176371775,36.11588845164713]]],[[[128.43766383208208,36.14478247930309],[128.43720816817518,36.144723977579375],[128.4374636191068,36.145063618031614],[128.43768186620485,36.145050992628356],[128.43766383208208,36.14478247930309]]],[[[128.43591533779474,36.132194120080726],[128.4361255554194,36.131998651868976],[128.4369058345193,36.132132930102095],[128.43654494169778,36.13188465944095],[128.4355555355867,36.13185000208404],[128.43591533779474,36.132194120080726]]],[[[128.43661937117494,36.09893682997862],[128.43649246441328,36.0986704318121],[128.43616305845234,36.09886644829682],[128.43661937117494,36.09893682997862]]],[[[128.43534228210237,36.13203894459037],[128.43512749262297,36.13214524294932],[128.43535253884284,36.13222089886563],[128.43534228210237,36.13203894459037]]],[[[128.4278457273989,36.136753167860206],[128.42866605010863,36.13715954345488],[128.43079345673794,36.13749182466863],[128.4306039008799,36.13785815716761],[128.43084736676798,36.13802321294863],[128.43105980195736,36.13756314988598],[128.43351384609144,36.1380608300275],[128.43375985977346,36.13823006207321],[128.43374199796207,36.139313066479865],[128.4339624118238,36.13929916319487],[128.43405453884733,36.13785520642494],[128.4278457273989,36.136753167860206]]],[[[128.43366610844268,36.13967719108009],[128.4339053388939,36.13993305709365],[128.4339662302792,36.13938706737703],[128.43366610844268,36.13967719108009]]],[[[128.42676354384994,36.13351862624622],[128.42254761182534,36.1334861356386],[128.4225286956131,36.13330481812423],[128.4219945021686,36.13351736753328],[128.42187156616586,36.13334099495505],[128.42165762300465,36.13362338484586],[128.4233342162012,36.133622518791505],[128.42347120292314,36.133794483919445],[128.42304281713908,36.13400014460384],[128.4231383642864,36.13381784191],[128.42257047902623,36.13375536353877],[128.4217048424352,36.13398549420482],[128.4216023117516,36.13425203238992],[128.42173874309333,36.13443270379488],[128.42419073643418,36.134483384136],[128.4246146361894,36.13428021382305],[128.42498941080666,36.134700784505014],[128.42624165948575,36.13508976528405],[128.42516786684965,36.134244822259],[128.4244921807865,36.134094995556076],[128.42456686035712,36.13364180324098],[128.42676354384994,36.13351862624622]]],[[[128.42680112951518,36.13351651866481],[128.42899636397374,36.13339342292331],[128.42930718739905,36.13310187906026],[128.42916946712742,36.13284268229521],[128.4297342030655,36.13289993412929],[128.42970827392003,36.13253887892101],[128.43046902762828,36.13240648045799],[128.4306662323688,36.13203336304006],[128.42990311602483,36.13225720311857],[128.42944646061466,36.13219056448062],[128.4295392506863,36.13200801663818],[128.4293082605375,36.13183740846049],[128.42876260959974,36.13196192671172],[128.42883639030455,36.13150698347931],[128.42844052637872,36.130806096557755],[128.42767433159585,36.13093930474613],[128.427425473666,36.130687087005875],[128.42733124023786,36.13085907124106],[128.42780275989685,36.131203756915134],[128.42796448029452,36.13173591013925],[128.42852622116786,36.13179632769836],[128.4289715061602,36.133120867688326],[128.42680112951518,36.13351651866481]]],[[[128.40951844005056,36.16072766777182],[128.40943729962,36.161084803899314],[128.40967864556362,36.16125901196999],[128.41078403164423,36.16137733658212],[128.41115739031363,36.161721955827694],[128.41159543734813,36.161605446797736],[128.4110885248524,36.16090741996572],[128.4115326089181,36.160884162425674],[128.41180375193068,36.16141679983789],[128.41325360245344,36.16142255697263],[128.4133860996428,36.16168632649162],[128.41394988090317,36.16182885327058],[128.4136590938777,36.16229971899484],[128.41423690891543,36.16254939003684],[128.41393282529515,36.16291505390245],[128.4134897332097,36.16294203579693],[128.4155438968549,36.16363496671077],[128.41583992931027,36.16308162756352],[128.4164783138247,36.16277217935467],[128.41682193223156,36.161488515833625],[128.417031242815,36.16138691481462],[128.41708493027843,36.16066537929821],[128.41653747984063,36.16078126990483],[128.41659941371643,36.16023858507723],[128.41693239115583,36.16021662216359],[128.41669762089,36.16013829922858],[128.41664929943008,36.159512919638566],[128.4170920981536,36.159487356218925],[128.41715232426677,36.158853319851616],[128.41747192140815,36.15873583509077],[128.41745454122224,36.15847613197992],[128.41800064375724,36.158446780235266],[128.41797623807628,36.158086574999956],[128.41819508515746,36.15797975868318],[128.41772990861196,36.157825573289536],[128.41768435289177,36.15729048104595],[128.41723964462412,36.157218488979275],[128.41672721368073,36.15652848101121],[128.41556562800258,36.155958439577425],[128.41547394953471,36.154885711049545],[128.41624170042314,36.15474868557048],[128.4161815844652,36.154030216918954],[128.41689431043702,36.15326466378598],[128.416840484303,36.15263924240352],[128.41717004821305,36.152620356327034],[128.4173634764833,36.15224085345823],[128.41753830450858,36.151597559399015],[128.41730212818123,36.151439696184035],[128.4178299914538,36.151135678407464],[128.4176703728122,36.15060679866275],[128.4180225211981,36.14949212540531],[128.4176436460265,36.14898484846239],[128.41810401289214,36.14786893669611],[128.41804973611465,36.147238262624704],[128.41827936185746,36.147318320761045],[128.418340916493,36.14803907856257],[128.41856273515407,36.148024099976176],[128.41852675818373,36.147577794411404],[128.41916995670988,36.146003768327176],[128.42049566081613,36.1458374856504],[128.4200206434029,36.14567456322747],[128.42023905414686,36.14549166818786],[128.42123803079306,36.14542348216058],[128.42093800727932,36.14454930833549],[128.4217142291349,36.14450571305326],[128.42168294524717,36.145409958807626],[128.4239091153296,36.145467327133645],[128.4239225138551,36.14564553467849],[128.42238672958104,36.14582267283292],[128.42236384318076,36.145643680880475],[128.42169611088588,36.145586930659896],[128.4215890568607,36.145777203091406],[128.42193237040078,36.14575638063484],[128.4219605535514,36.14602714850898],[128.42415616170206,36.14572280302474],[128.42418857479555,36.14472822249347],[128.42440812412724,36.144713978591255],[128.42415947594006,36.1443753596515],[128.4244776725649,36.144343603768306],[128.42458116723083,36.144072745554084],[128.42558496150403,36.14419765502904],[128.4256528651398,36.14374237157225],[128.42510410509033,36.14377284676205],[128.42496911262432,36.143419234590205],[128.42742172937295,36.1434614614151],[128.42698125769772,36.14348693171054],[128.42656704055665,36.1439617640826],[128.42591241384702,36.143998467604135],[128.42583039582598,36.14445312445141],[128.42527488007272,36.14439510018803],[128.42539990245152,36.14456644083113],[128.4250697595864,36.14468005639132],[128.42510723785875,36.14512400442834],[128.42481559580696,36.1456016558714],[128.425153267872,36.14566685828045],[128.42516959205065,36.14593721723157],[128.42562060840996,36.145911801837315],[128.42556712980246,36.145286125029656],[128.42670595180533,36.14558784126954],[128.42664768487208,36.144860740068786],[128.42741668683834,36.144816482833306],[128.42674835750185,36.14476428161914],[128.42659992383398,36.144417858573846],[128.4259487087474,36.14453843183525],[128.42602317547016,36.14408263213863],[128.427052171052,36.144385585464114],[128.42747081455758,36.144181671844045],[128.42753912950286,36.14481195391606],[128.42787051163478,36.144789555814334],[128.42781271997183,36.14416240875162],[128.4282532801491,36.14414120023703],[128.42838663144622,36.144396987411334],[128.42822444372456,36.14378284281664],[128.42788915785596,36.14379239419233],[128.4276319210329,36.143360109253585],[128.42850707039037,36.14321959006247],[128.42437708852887,36.14308293914849],[128.4240830803411,36.14229442850896],[128.42426319752462,36.14174200685789],[128.42406988394754,36.14085244075765],[128.42362118481017,36.14077575271092],[128.42371365194788,36.140506743762764],[128.4238421243072,36.14068375476167],[128.42403774006192,36.140491822488855],[128.42287424421966,36.13983176583373],[128.42268418711853,36.1393909729744],[128.42291014009461,36.13901891616471],[128.42225094040455,36.139063595248096],[128.42243184190622,36.13995141356049],[128.42176188132166,36.1398881816774],[128.42184343836578,36.13953099491985],[128.42096342025613,36.13958029997923],[128.4208712639476,36.139856663650676],[128.42042766498759,36.13988128257537],[128.42020179670385,36.138539252743115],[128.42154436588714,36.13855472339432],[128.42102474002385,36.139035782334844],[128.42168040403686,36.13890785714482],[128.42175537214032,36.13845188680569],[128.4223004619318,36.138421237521634],[128.42245771598814,36.13886387067834],[128.42267590200444,36.138850439066445],[128.42235078219167,36.13634044494518],[128.4217970789587,36.136372910528564],[128.42205246633546,36.136809540214635],[128.42083840289345,36.136880703169396],[128.421629333736,36.13701402840868],[128.42165242968844,36.13728365145168],[128.42032922444523,36.13745214628821],[128.41999864507352,36.13746154398312],[128.41996279879743,36.13701775314227],[128.42071838612995,36.136884619608864],[128.41996361934062,36.13692704947007],[128.41979483477618,36.136396328969006],[128.41956286052434,36.136316877223486],[128.4185762853645,36.13646559911359],[128.4187113251372,36.13663633385697],[128.41970012747325,36.13658134051697],[128.41951470282325,36.136957832330985],[128.41829982410496,36.13711092316336],[128.41838024528636,36.136654905357844],[128.41735392296758,36.136345378456795],[128.41560886536922,36.136991313738875],[128.41417463226347,36.13707183138746],[128.41413674582515,36.13662220729006],[128.41491130399893,36.13648764447044],[128.41482741755934,36.135585040325644],[128.41550998637427,36.13573621808685],[128.41560340793495,36.13555179715339],[128.41378859645718,36.13519842954087],[128.41394748524093,36.13707918234356],[128.41284572210807,36.13714659267995],[128.41396848680824,36.13726395593922],[128.41414822745196,36.13806618821936],[128.41393235309997,36.13816414791054],[128.4141556709939,36.138157812686245],[128.4143296915945,36.13886865835843],[128.41489813351868,36.13902158541211],[128.41472936881772,36.13965604802088],[128.41441160846193,36.139858762710595],[128.41477306932669,36.141460375333],[128.41578262320564,36.14158937714628],[128.41650155687054,36.140920697785475],[128.41655897466177,36.14154261956078],[128.4160375579412,36.141939184040886],[128.41616890873107,36.142297652895664],[128.4168393227989,36.14216063218755],[128.416480215066,36.14186539803991],[128.41691104927182,36.141702975683764],[128.41677695952774,36.14144345504552],[128.4175420658601,36.141299144563014],[128.41766795024554,36.14147805466783],[128.4178876237567,36.1413755817747],[128.41774572654379,36.14102586348245],[128.41795906901945,36.14101451910837],[128.41844167209982,36.142694201238264],[128.41921497759864,36.14392898527354],[128.41929091591743,36.1448193783662],[128.4187638710469,36.14512370898683],[128.41858881873335,36.145765384214414],[128.41749995696202,36.14600899646836],[128.41744204404708,36.14663931575929],[128.41701380043884,36.14675744073629],[128.41702111864686,36.14693738853761],[128.41468805562036,36.14697814132165],[128.4139260930009,36.14720017504167],[128.41379677790235,36.1469383375781],[128.4142225382117,36.14682531952467],[128.41375849322242,36.14666975169773],[128.41366811198665,36.14685797486059],[128.412778817165,36.14681446170169],[128.41279464519278,36.14699192684253],[128.41157433729643,36.14697230411591],[128.41148568901048,36.147336281918015],[128.41071625812577,36.14738187856277],[128.4099792056278,36.14796699431206],[128.4103412221846,36.148215682766946],[128.41089355229337,36.1481847876897],[128.4105384788334,36.147935692020695],[128.41130324949182,36.147800536055186],[128.41145643164947,36.14824385954506],[128.41178488304234,36.14823370466847],[128.41177304811754,36.14803585748296],[128.41212258287695,36.14820786923861],[128.41259593054303,36.14799893913001],[128.41698766583573,36.147842341082416],[128.41689968151323,36.148203524848874],[128.41714534361432,36.14828402227364],[128.416720835358,36.14866147340726],[128.41716655840665,36.14990943265678],[128.41694417459397,36.149922459952],[128.41698047371986,36.150370595890635],[128.41666584751223,36.15057408423012],[128.4165063018449,36.15130508053668],[128.41658139653904,36.15219932424224],[128.4170550039605,36.15253260826944],[128.41603137311182,36.15232982455174],[128.414693065658,36.15357134896246],[128.41494571103362,36.15391846157913],[128.4149077102509,36.15483094088732],[128.41493285906404,36.15500914506684],[128.4151453612572,36.154908738895],[128.41527111248718,36.15641937614492],[128.41589670852102,36.157209651466864],[128.41597155184527,36.15683975803623],[128.416311880881,36.15691222821727],[128.4164610789951,36.15726437216972],[128.4171528198121,36.15759291793231],[128.41733819354707,36.15838941257626],[128.4168909215015,36.15841542281196],[128.41680404418022,36.1587807903768],[128.41659017280656,36.15879394180252],[128.41588440303653,36.15847551357962],[128.41606329376083,36.1591765100122],[128.4158849080791,36.16099850819512],[128.41559666051256,36.16155886537729],[128.41504184733444,36.16167636728241],[128.41317843228586,36.160608927759355],[128.41314035248925,36.16016135831289],[128.41269721737999,36.160186150601824],[128.412365225277,36.16083829777538],[128.4103032161672,36.16077332413409],[128.40889335385546,36.1599510457768],[128.40845525083367,36.15997283898513],[128.40951844005056,36.16072766777182]],[[128.426540945003,36.14495498003261],[128.42566187293056,36.145096564653],[128.42564160363716,36.144826836456026],[128.42609459997283,36.14489035135117],[128.42595658606845,36.14463248231201],[128.426540945003,36.14495498003261]],[[128.42475044450347,36.1433416309083],[128.42430511679513,36.14355276230782],[128.42428882468224,36.14336710953102],[128.42475044450347,36.1433416309083]],[[128.42411424010518,36.14391550034626],[128.42390209132125,36.144026141361934],[128.42384919460628,36.14339670527858],[128.42411424010518,36.14391550034626]],[[128.42389010897563,36.14528688420479],[128.4236511590085,36.14502963689094],[128.42322040861603,36.145143101733176],[128.4230676275205,36.14470312581936],[128.42395385612548,36.1446531374296],[128.42389010897563,36.14528688420479]],[[128.42309698720763,36.14505432801489],[128.42311278177394,36.14523433948362],[128.4227867177673,36.145350710033],[128.42309698720763,36.14505432801489]],[[128.42276278413257,36.14002091846153],[128.42279184506606,36.14020014983138],[128.42235526115314,36.1402246150666],[128.42276278413257,36.14002091846153]],[[128.42263957914895,36.14490506511748],[128.4223069460064,36.144924262811834],[128.42193265315336,36.14449499220922],[128.4226157451501,36.144635536533585],[128.42263957914895,36.14490506511748]],[[128.42175967100147,36.141071202515924],[128.42174064317328,36.140890793012694],[128.42242394921377,36.14094346378475],[128.42175967100147,36.141071202515924]],[[128.422283184685,36.138151927159186],[128.42147335767,36.1378357733836],[128.42059102687605,36.13788436765374],[128.42045083779917,36.137532183804666],[128.4217707100846,36.13737419467334],[128.422283184685,36.138151927159186]],[[128.41831887889984,36.141263124150946],[128.41800096570594,36.1388433543411],[128.4182252983105,36.13883560274289],[128.4183792195464,36.13936418275916],[128.41982514795606,36.13937363443169],[128.41995325095544,36.13954855449944],[128.41908154836634,36.13977053028464],[128.4203097071476,36.139803324802145],[128.42051215895768,36.14086857664191],[128.42124651708733,36.14154655896809],[128.42192673632283,36.141786599978836],[128.4221227288826,36.14276643075395],[128.42123481675182,36.14272563899741],[128.4208960362167,36.1431068262515],[128.41958380676968,36.14299970166909],[128.41931991187198,36.14256315182507],[128.41877071730516,36.14259585588699],[128.41831887889984,36.141263124150946]],[[128.42174402455828,36.14359688639191],[128.42177814402646,36.14396009320623],[128.42155744927666,36.14397289798431],[128.42174402455828,36.14359688639191]],[[128.4205855705923,36.140415967831466],[128.42056708467356,36.14023688347078],[128.42133135305858,36.14010974607813],[128.4205855705923,36.140415967831466]],[[128.420828912665,36.140674281591686],[128.4210788321225,36.14092649453921],[128.42073475758716,36.140858380775946],[128.420828912665,36.140674281591686]],[[128.42048766405728,36.13798123500416],[128.42093124624975,36.13795646477142],[128.4210681246996,36.13821978472504],[128.42051169146788,36.138250958542464],[128.42048766405728,36.13798123500416]],[[128.420612767737,36.14464193201592],[128.4207396213137,36.14482996008759],[128.42051793297918,36.144844925753034],[128.420612767737,36.14464193201592]],[[128.42011363823784,36.14531873445167],[128.4206491193815,36.14510575231358],[128.42066461896547,36.145287150891924],[128.42011363823784,36.14531873445167]],[[128.41975027564695,36.13838499092264],[128.42009080682365,36.13854685436943],[128.4201138305191,36.138807857950184],[128.4194387306056,36.13867263861037],[128.41975027564695,36.13838499092264]],[[128.4197800924773,36.137573622212244],[128.41993445942072,36.13801289859029],[128.41871492730937,36.13808104391666],[128.41874264570595,36.13844083346156],[128.4184134456405,36.13845922950879],[128.41846250460654,36.13773389450937],[128.4197800924773,36.137573622212244]],[[128.41989432878523,36.14407394112639],[128.41991839374808,36.144334561797535],[128.41958603943348,36.144355763526185],[128.41989432878523,36.14407394112639]],[[128.41972564639218,36.14534198962982],[128.41944794167443,36.14534987496174],[128.41942498107554,36.145089270834056],[128.4198418799639,36.14470080852449],[128.41972564639218,36.14534198962982]],[[128.4196654368289,36.13748004858287],[128.41951668170725,36.13704380335169],[128.41974449764848,36.137127814601904],[128.4196654368289,36.13748004858287]],[[128.41923890430294,36.1430243294412],[128.4188959836047,36.14276558584092],[128.41934336684074,36.14283537924006],[128.41923890430294,36.1430243294412]],[[128.41845426737143,36.13764381347765],[128.41864649703084,36.13726891173418],[128.41910516151847,36.137423044522095],[128.41897898889624,36.1371581039836],[128.41919474716283,36.13714801917114],[128.41933066109308,36.137504113879814],[128.41845426737143,36.13764381347765]],[[128.41799164575238,36.13739214908415],[128.41800690901718,36.137670407702934],[128.41778918712745,36.13767305166655],[128.41775146300276,36.13722978901863],[128.41820260808532,36.13729862970223],[128.41799164575238,36.13739214908415]],[[128.41800755718236,36.13768222414921],[128.41801154581069,36.13775493927451],[128.41835203054112,36.137748797446804],[128.41838208796116,36.1380989767013],[128.41797295736907,36.13848789613034],[128.41780572277287,36.137863425596734],[128.41800755718236,36.13768222414921]],[[128.4177446335662,36.13713374651102],[128.4177209543118,36.136872880567694],[128.41816738168055,36.136847100383044],[128.41806679059852,36.13712092076903],[128.4177446335662,36.13713374651102]],[[128.41692772958976,36.14052271779198],[128.41795550607742,36.14083343165627],[128.41718106829614,36.140967404019285],[128.4167214378215,36.14072009890332],[128.41692772958976,36.14052271779198]],[[128.4177909095375,36.1403049083412],[128.41770751502426,36.14057623405853],[128.4175761060411,36.14031711598175],[128.4177909095375,36.1403049083412]],[[128.4175267402666,36.139776451363005],[128.41732946377306,36.138790635167716],[128.41754663450644,36.1387805594432],[128.4175267402666,36.139776451363005]],[[128.41709579737207,36.13997980637502],[128.41736376471934,36.140504475169045],[128.41714094409377,36.14051032033553],[128.41709579737207,36.13997980637502]],[[128.41697963611676,36.13862301760766],[128.41633005945542,36.13875703645101],[128.41631011227145,36.13857853491951],[128.41697963611676,36.13862301760766]],[[128.41694159559373,36.13817954684465],[128.41673230324412,36.13828318016535],[128.41670534969884,36.13801325427083],[128.41694159559373,36.13817954684465]],[[128.41666734963306,36.1401838991288],[128.41686843996735,36.13998708614666],[128.41690470433088,36.14035015768916],[128.41666734963306,36.1401838991288]],[[128.41657068506035,36.13774184282798],[128.4165476727746,36.13748135324521],[128.41688074700997,36.13746875388],[128.41690314544147,36.137729272545506],[128.41657068506035,36.13774184282798]],[[128.41689133555823,36.13890459459151],[128.41635416885816,36.13911712645724],[128.41633051362913,36.13884725068905],[128.41689133555823,36.13890459459151]],[[128.4163240615978,36.1373126640046],[128.41617720929258,36.137051694628376],[128.4167303825313,36.13701866882881],[128.41663675692553,36.137291129272896],[128.4163240615978,36.1373126640046]],[[128.41631953727335,36.159525081833266],[128.4165436261607,36.15960845747339],[128.41657525774275,36.159963278863216],[128.4163642163359,36.16070097563786],[128.41631953727335,36.159525081833266]],[[128.41646831351866,36.13784179441491],[128.41613572609305,36.13786468052071],[128.41610660828186,36.13741528477906],[128.41646831351866,36.13784179441491]],[[128.41634795583673,36.14037629915458],[128.41622426274913,36.140207406623794],[128.4164463357358,36.140199429598695],[128.41634795583673,36.14037629915458]],[[128.41638810963877,36.138210749534416],[128.41617793796647,36.138314396799736],[128.4161557778842,36.138134762998185],[128.41638810963877,36.138210749534416]],[[128.4160674855347,36.13967653466217],[128.41628487301838,36.139660572116604],[128.41619561558832,36.139936643051726],[128.4160674855347,36.13967653466217]],[[128.4159599011288,36.14754027092164],[128.41581608440146,36.147276055225596],[128.41626357664828,36.147252125122414],[128.4159599011288,36.14754027092164]],[[128.41609829616934,36.13876610555858],[128.41555619411966,36.138980099785215],[128.41610959915727,36.13886506536017],[128.41612416387062,36.13903624538388],[128.4154689875464,36.13916117156174],[128.41549739718533,36.13942994240371],[128.41516634828096,36.13954538507763],[128.4151216141207,36.138919400618626],[128.41442849379632,36.1386778452892],[128.4141794278127,36.13716794231923],[128.41584949538702,36.137070470771874],[128.41609829616934,36.13876610555858]],[[128.4156316471465,36.13978080290481],[128.41560101322617,36.13943161394819],[128.41581433416872,36.1393283033462],[128.4156316471465,36.13978080290481]],[[128.41564115701857,36.1542350765096],[128.41566419864216,36.154504403899416],[128.415236445357,36.1547171154696],[128.41530278174744,36.15416936304448],[128.41564115701857,36.1542350765096]],[[128.41521757668696,36.13990331247664],[128.41554432114066,36.140065140920974],[128.41521063850934,36.14008439509941],[128.41521757668696,36.13990331247664]],[[128.41490024968698,36.16250689487305],[128.41522134132788,36.162393447082025],[128.41546705273345,36.16265054937133],[128.41541144642508,36.16319348383577],[128.41509671365287,36.16339660544809],[128.4147480018899,36.16332062312221],[128.41490024968698,36.16250689487305]],[[128.4146441650719,36.13605164525608],[128.41411368453228,36.136356470872435],[128.41405226814373,36.1356344203797],[128.41458688016434,36.135427315137264],[128.4146441650719,36.13605164525608]],[[128.41378349121993,36.14729992200151],[128.41305132083295,36.14734224547529],[128.4130302165439,36.14716123453539],[128.41368265487924,36.146945400862535],[128.41378349121993,36.14729992200151]],[[128.41377605395806,36.161082553922874],[128.41358025475907,36.16131430086734],[128.41355064429436,36.161041564344856],[128.41377605395806,36.161082553922874]],[[128.41292752680994,36.14726503158437],[128.41184354509372,36.14749923834416],[128.41170236772388,36.14723682022665],[128.41247444584852,36.1471038397431],[128.41292752680994,36.14726503158437]]],[[[128.4254317527236,36.13589751637896],[128.42520247340408,36.13581975566709],[128.42522875475032,36.13617922530983],[128.423349892305,36.136194604173326],[128.42324298121522,36.13637701955712],[128.42369649633454,36.136448739137535],[128.42360531654785,36.13672168433561],[128.4229472963432,36.136668924907966],[128.42284349351647,36.13694081112589],[128.42450717474142,36.13685138693008],[128.42382300669703,36.136611066359805],[128.423807734798,36.13643971016546],[128.4243572128992,36.13640891207379],[128.4258223087517,36.13660218133911],[128.42585316540425,36.1369567779539],[128.4262815978052,36.13666250526075],[128.42782727421104,36.13682459585547],[128.42725797658917,36.136426349972346],[128.4257936300143,36.136242439457675],[128.4254781723563,36.13643786561943],[128.4254317527236,36.13589751637896]]],[[[128.4266324152497,36.138261956965216],[128.42764162589927,36.13830114150747],[128.4277753181494,36.13721175833547],[128.4263002673416,36.13692687263963],[128.42632336461486,36.1372004762707],[128.4267662264924,36.13717850457464],[128.42671654507097,36.13790109584067],[128.4263771565814,36.13782422664719],[128.42638505451873,36.138006688331096],[128.42672372598707,36.13799704340908],[128.4266324152497,36.138261956965216]]],[[[128.42707803555766,36.11233572530584],[128.4270845566178,36.11269609990543],[128.42730662277285,36.11269345404095],[128.42707803555766,36.11233572530584]]],[[[128.42668504761082,36.138810249688426],[128.4269040718797,36.13879058802043],[128.42687227093109,36.13843551017113],[128.42668504761082,36.138810249688426]]],[[[128.42469804297008,36.13522167249928],[128.42519056421108,36.135639342053025],[128.42574879701647,36.135605312837505],[128.42400868023205,36.13489212001855],[128.42336299575732,36.135111983858124],[128.42370912193323,36.13527944776075],[128.42351829247744,36.13564318034419],[128.42450566083468,36.1354944111698],[128.42469804297008,36.13522167249928]],[[128.4240296919242,36.135128922663775],[128.42424500954064,36.13506052387809],[128.42438104915013,36.13532198907091],[128.4240296919242,36.135128922663775]]],[[[128.42293266213923,36.13522472051988],[128.42314694290528,36.13521157875634],[128.42312097758636,36.134947728855785],[128.42293266213923,36.13522472051988]]],[[[128.42278960739267,36.13496298715746],[128.42222612210207,36.134903156553776],[128.4225698562974,36.134974354055295],[128.42260024344208,36.13533672415964],[128.42278960739267,36.13496298715746]]],[[[128.42040269326236,36.145934386391744],[128.4213895216042,36.14596458398556],[128.42136504254134,36.145698685342666],[128.42040269326236,36.145934386391744]]],[[[128.42030135943767,36.13582380844322],[128.41963408918758,36.13577159456569],[128.41964606723454,36.13595061490151],[128.42030135943767,36.13582380844322]]],[[[128.41808113310563,36.112262347643174],[128.4182999584752,36.112079530495826],[128.41796362087572,36.111903286010254],[128.41808113310563,36.112262347643174]]],[[[128.41390537100182,36.1705576079625],[128.41383858411626,36.17018697775162],[128.41343616117314,36.17095478927689],[128.41390537100182,36.1705576079625]]],[[[128.41361546087862,36.168951504995654],[128.413372027619,36.16877310918917],[128.41331640798143,36.168988954361225],[128.41361546087862,36.168951504995654]]],[[[128.41313575122632,36.17127662561786],[128.41212389514592,36.172091601239025],[128.4126491978341,36.1719159595346],[128.41313575122632,36.17127662561786]]],[[[128.41241699755037,36.13735157272187],[128.41206863025656,36.137182868833605],[128.41216317764804,36.13700152812291],[128.4125094004968,36.13716627945807],[128.41249738441027,36.13698647924694],[128.4120526991182,36.13691281079773],[128.41225042256107,36.13681869828228],[128.41213142552223,36.136645785352094],[128.41169504832558,36.13676418515893],[128.41194314642388,36.13701225555699],[128.41137614734487,36.13695754255556],[128.4115153914253,36.137220596333776],[128.41241699755037,36.13735157272187]]],[[[128.4121442366067,36.13808256286856],[128.41114067915584,36.13805529479065],[128.41226515854817,36.13827057486629],[128.41232673551715,36.137625712703965],[128.4121442366067,36.13808256286856]]],[[[128.41203346501936,36.16772527124287],[128.41162220210694,36.16726578180966],[128.41132341773712,36.167249856564126],[128.41203346501936,36.16772527124287]]],[[[128.4086681545183,36.13647818008011],[128.40871222004628,36.137017427477424],[128.40949257166233,36.13706449822668],[128.40959273088959,36.13687769745699],[128.40962376105844,36.137235090320075],[128.4091964463481,36.13744405790422],[128.40943257778943,36.13760978653246],[128.40936612137432,36.138151684184876],[128.40914731551743,36.13817006675599],[128.40910002852772,36.13763061425589],[128.40888945723756,36.13763657830577],[128.4090425299898,36.13825460284783],[128.40983922364134,36.138494510680275],[128.41037098681517,36.13809830878709],[128.41102978331145,36.138066180534864],[128.41102185161077,36.13788208141503],[128.41057161617738,36.137906048058696],[128.4102781209731,36.13707705633207],[128.41070893987603,36.13690492948764],[128.41090114762613,36.136533156138746],[128.4086681545183,36.13647818008011]]],[[[128.41036828975524,36.10946978291874],[128.41048415250242,36.10973875865641],[128.41059034843755,36.109467168238574],[128.41036828975524,36.10946978291874]]],[[[128.40986557055464,36.09679031864936],[128.40953701902893,36.09698324270699],[128.4099721211183,36.09696614044996],[128.40986557055464,36.09679031864936]]],[[[128.40919576284247,36.16537564746213],[128.40907220894323,36.165728443357594],[128.40978590881244,36.16589352270725],[128.40919576284247,36.16537564746213]]],[[[128.40930141767353,36.105697578376386],[128.40929819857573,36.105517389480006],[128.40707611339388,36.10545339683556],[128.40707932740955,36.10563358590614],[128.40930141767353,36.105697578376386]]],[[[128.40870805002118,36.16504762321456],[128.40805104879226,36.16440743404204],[128.4080822075265,36.16375657384101],[128.40620954633724,36.16306783445469],[128.40870805002118,36.16504762321456]]],[[[128.40860941021214,36.16372121161072],[128.40836402781326,36.16374903703324],[128.40844975243402,36.163962662248316],[128.40860941021214,36.16372121161072]]],[[[128.40497638361464,36.16064720625816],[128.40508490508478,36.160878768439446],[128.40459772201072,36.16136902182803],[128.40526423285058,36.16165945415831],[128.40541653006338,36.162221076710196],[128.40586179960567,36.16235682542655],[128.4061649603417,36.16224283290771],[128.40586898622482,36.16162703963228],[128.4060062834035,36.16065063383675],[128.40497638361464,36.16064720625816]]],[[[128.39601947758123,36.154885255032156],[128.39594621223526,36.15598843795597],[128.3966749476346,36.156224352974036],[128.39669239424282,36.156667739759584],[128.3985519680933,36.15588000671855],[128.39923724756537,36.155783669574745],[128.40013750562198,36.15610471500524],[128.39983057240423,36.156798174971875],[128.3999338054581,36.157171386480115],[128.4010598653081,36.15839897761281],[128.40104784546946,36.158785900134966],[128.40038098744256,36.15952627621686],[128.40029695137554,36.159981606592446],[128.4008796247566,36.16006477034743],[128.4017528477106,36.16091780028204],[128.40148027559096,36.161394059385],[128.39985510888764,36.16220924774737],[128.39986631778345,36.16131150947629],[128.39916089005104,36.160989136764115],[128.39879540136204,36.16033431051325],[128.398563186311,36.16034005932019],[128.39752411023403,36.16135420527665],[128.3963233879351,36.16157610565472],[128.3959026513664,36.16216961588738],[128.3987270658615,36.16285582557863],[128.39951313311312,36.162539208750054],[128.40014608209077,36.162947313879364],[128.40052197805716,36.16357024632701],[128.3995339752972,36.164430137365954],[128.39980452859146,36.165258066089116],[128.4027191710753,36.16636733944099],[128.40311922662323,36.16700060621799],[128.4034865328312,36.16616361699632],[128.40340575781423,36.16391769700282],[128.40286297420943,36.16300810512887],[128.40274120427992,36.16175683357941],[128.40301655424724,36.161618438028356],[128.40314267814847,36.16113398755817],[128.40356162931664,36.161026316666295],[128.40615318912836,36.163023440110834],[128.40441003335786,36.16155674790505],[128.4044883035732,36.160754334151676],[128.4050100767717,36.15988382065111],[128.4039188863281,36.159660905589675],[128.40355083093684,36.16068323204145],[128.40283143700978,36.16058431155366],[128.40297450182254,36.15985799575935],[128.40199687497517,36.15604917119969],[128.40228671015106,36.15664742288634],[128.40293561720992,36.15611027064343],[128.40272193316062,36.1558249902804],[128.4032790237031,36.1557345482553],[128.40261736855052,36.155295188953225],[128.4019460539387,36.155669110187475],[128.401620977599,36.15501149939774],[128.40128609247495,36.154925306529144],[128.3982825569134,36.15473513967187],[128.39601947758123,36.154885255032156]],[[128.40131809864647,36.15934736373716],[128.40212450961965,36.1601404045834],[128.40110981167618,36.15974156106073],[128.40131809864647,36.15934736373716]],[[128.4014990565011,36.156023793638276],[128.40094574082605,36.15584172813503],[128.4006835461872,36.155186351709595],[128.40129010072016,36.15515054156214],[128.4014990565011,36.156023793638276]]],[[[128.4058257154047,36.11006386031981],[128.40604777619325,36.11006125402199],[128.4060397457957,36.109610781468696],[128.4058257154047,36.11006386031981]]],[[[128.4044248507125,36.15828648407738],[128.40409874144657,36.158518123864916],[128.404078931676,36.15909243350827],[128.4048019963636,36.15946047644174],[128.40548999078595,36.159083321818194],[128.405632871474,36.158732663239746],[128.40543951962033,36.15796753175616],[128.40580892284183,36.157834331848555],[128.4054383693255,36.157219567556595],[128.40515691123878,36.15725638592726],[128.4050149185823,36.15779770755124],[128.40457127958734,36.15770690962284],[128.4044248507125,36.15828648407738]]],[[[128.40497885454485,36.133315464858775],[128.40475651285237,36.1329135995334],[128.40448620431258,36.132898577917565],[128.40387180465083,36.13327518865569],[128.4028559418752,36.13346202127704],[128.40277493475855,36.133970100365026],[128.40482573121943,36.133978107574066],[128.40521021343991,36.13383090002582],[128.4053675521314,36.13331366124123],[128.40497885454485,36.133315464858775]]],[[[128.40470687201136,36.156823931853694],[128.40492155392366,36.15627944978061],[128.4044022128143,36.15666685567921],[128.40470687201136,36.156823931853694]]],[[[128.40087374685356,36.10185186266647],[128.4018655263742,36.10182268452491],[128.40181654893433,36.10316564174944],[128.40244457763478,36.104690081722616],[128.40388533008266,36.104546772468446],[128.40374387318187,36.10409831785472],[128.40353888087412,36.10446897564117],[128.40287401223333,36.10448928293791],[128.4030950615469,36.1043862869856],[128.4030686657155,36.10358338952346],[128.40371028787476,36.10347162433264],[128.40271218247204,36.10350185986261],[128.40274675210304,36.1017037870776],[128.4019782624123,36.101893079402096],[128.4020353954818,36.10072104571316],[128.40185080301396,36.101543065123856],[128.40087374685356,36.10185186266647]],[[128.40199905188075,36.102438043623145],[128.4019942488327,36.10216775928142],[128.40221628776405,36.10216516057253],[128.40222109157216,36.10243544488867],[128.40199905188075,36.102438043623145]]],[[[128.4023147869114,36.131482196537064],[128.4025612416523,36.131671990268885],[128.40285811836105,36.13151553615031],[128.40252571947488,36.13123643911392],[128.4023147869114,36.131482196537064]]],[[[128.40144469499327,36.1677941442533],[128.40246685622427,36.16799785539964],[128.4025661827472,36.16752609226524],[128.40144469499327,36.1677941442533]]],[[[128.40203351505457,36.09117850625305],[128.40218267208314,36.09179789534335],[128.40250383320836,36.09178530517959],[128.40203351505457,36.09117850625305]]],[[[128.40199523612935,36.09478285043303],[128.40227847647157,36.094130897756216],[128.40206430368846,36.09423694485821],[128.40199523612935,36.09478285043303]]],[[[128.39897857240982,36.11221663106226],[128.39874372193594,36.11149846629662],[128.39884676494603,36.11104669588425],[128.39985564826713,36.1115755906047],[128.40018234875413,36.11121131860736],[128.40151153370388,36.111015547648115],[128.40051224589905,36.11102723517948],[128.4002789849883,36.11039916823807],[128.3996111992713,36.11031685913282],[128.39960640301908,36.11004657487094],[128.3990560439164,36.110323344321245],[128.39871336426063,36.109786665459225],[128.39863428689145,36.11158985754348],[128.39875650488113,36.1122192243907],[128.39897857240982,36.11221663106226]],[[128.39995548656404,36.11094362992409],[128.39950816147652,36.110768630138885],[128.3999522881957,36.11076344046301],[128.39995548656404,36.11094362992409]],[[128.39939712977898,36.110769927300716],[128.39884197118488,36.11077641156704],[128.39883877537952,36.11059622201513],[128.39939712977898,36.110769927300716]]],[[[128.40109664286493,36.105311448412806],[128.40118543806253,36.105161988623045],[128.40096179059975,36.10507449082859],[128.40109664286493,36.105311448412806]]],[[[128.40002719217316,36.10051925072023],[128.40024824798545,36.10051300408058],[128.40027729470606,36.1011376525674],[128.40049521856147,36.10122567380245],[128.4005016135274,36.100957563491754],[128.40082148469511,36.10085193859218],[128.4005694130577,36.10023407545765],[128.40111242163192,36.10003337362265],[128.40012047862487,36.100157531423186],[128.40002719217316,36.10051925072023]]],[[[128.40002806304102,36.136959112056],[128.3997461299145,36.13760727299519],[128.3994100131676,36.137813398754936],[128.39894694887408,36.13738626655021],[128.3991594640787,36.13718914496252],[128.3990189923956,36.136929154565244],[128.3984808989577,36.13714033335132],[128.39933538622824,36.13799009222621],[128.39812148558414,36.13941026779957],[128.3987182214668,36.139835901193464],[128.39938333936158,36.1397988816015],[128.39911131246075,36.139441581070315],[128.3992152917158,36.13918102087953],[128.40006750079485,36.138766897910344],[128.39965404660308,36.13779252413629],[128.40067550444758,36.136835278122255],[128.40002806304102,36.136959112056]]],[[[128.39765191652813,36.13917222598685],[128.39762951031122,36.138907088350784],[128.39826234924513,36.13850617971485],[128.39824671202538,36.13832728604442],[128.3980336577567,36.13842939802448],[128.3978793990858,36.13789916771892],[128.39846167589354,36.136959391826544],[128.39967705078962,36.13688679034438],[128.40031392746798,36.136496600434356],[128.39954939335033,36.136447788985464],[128.39945584457004,36.136816942735436],[128.39929966085606,36.13628763692545],[128.3986326113352,36.136228060890446],[128.3979175958621,36.13572218376691],[128.39814149520615,36.137071266125595],[128.39775591653805,36.137809790447115],[128.39743462837865,36.137922173236774],[128.3969714910484,36.13902699322621],[128.39674216635686,36.13894860163765],[128.3967728140519,36.13930793133241],[128.39605798948023,36.140164094780594],[128.39552762423278,36.14037723398162],[128.39577688164695,36.14062506757336],[128.3954676403692,36.14100862253116],[128.39513178745386,36.140931838758775],[128.39508838204878,36.1417557352793],[128.3954191179333,36.14173718059281],[128.39544515450297,36.14200654313915],[128.39500854058497,36.14212273883578],[128.39503784610844,36.14247362919431],[128.3956001503578,36.142539404433066],[128.39612424983903,36.14214511880254],[128.39608573423746,36.141704401514225],[128.3957380102018,36.141538255821224],[128.39580486228394,36.1409959035417],[128.39711855089897,36.13938576312364],[128.39765191652813,36.13917222598685]]],[[[128.3982419157212,36.129271635411435],[128.397504303071,36.12987058080252],[128.39928830263918,36.13127565182118],[128.40013338626167,36.131130245563796],[128.39927342608453,36.13106185108658],[128.39842848418348,36.13039587167752],[128.39808491782173,36.129814147336205],[128.3982419157212,36.129271635411435]]],[[[128.39820177955096,36.1801075451264],[128.39795660467126,36.18019993287709],[128.39787122515708,36.180713642865804],[128.39820177955096,36.1801075451264]]],[[[128.39614485642636,36.16837724666799],[128.39717327467153,36.16855659789767],[128.39766974633935,36.16709262674595],[128.3955993321933,36.16634593670637],[128.3946589276795,36.16636350130023],[128.39421127630249,36.16669281669921],[128.3940324575797,36.16720476125826],[128.39614485642636,36.16837724666799]]],[[[128.39748286487603,36.13719176474843],[128.397537449866,36.13656033798578],[128.39655541781673,36.136797517799266],[128.39657969732033,36.13697667774903],[128.39708234766883,36.13685834454713],[128.39748286487603,36.13719176474843]]],[[[128.39662119986434,36.12870481062455],[128.39676808605643,36.12926095510903],[128.39731164164093,36.12900396556648],[128.39717568668493,36.128653286606514],[128.39662119986434,36.12870481062455]]],[[[128.39599448009764,36.13529238006986],[128.39590561883233,36.13565987441516],[128.39666837628823,36.13543938639364],[128.39714164430413,36.135769448853935],[128.39675227897365,36.13515905718405],[128.39599448009764,36.13529238006986]]],[[[128.39621266453162,36.16858057359132],[128.39518922720046,36.1682881394394],[128.39461592508204,36.168773413443894],[128.39594180418618,36.16933692178879],[128.39621266453162,36.16858057359132]]],[[[128.3943325508133,36.15537505191222],[128.39416930423076,36.1557501445079],[128.39529020830474,36.15517555685771],[128.3943325508133,36.15537505191222]]],[[[128.390552825014,36.12734328682273],[128.39118112148526,36.12832723638002],[128.39467650154313,36.13194762955687],[128.39462494422318,36.13148620253176],[128.39355313633104,36.13055249040541],[128.39350965070906,36.130192681395464],[128.3914579682462,36.12827896357578],[128.39139607820945,36.12791922951025],[128.39174331958122,36.127623967663204],[128.390552825014,36.12734328682273]]],[[[128.3941733349472,36.15659619861857],[128.39388285053664,36.15629437674825],[128.39379890737922,36.15691417061042],[128.3941733349472,36.15659619861857]]],[[[128.39123207052296,36.16828997479723],[128.39207031477574,36.16858007657148],[128.39225715233323,36.16839228579827],[128.39377344267996,36.168773534574214],[128.39407183847567,36.16861859415047],[128.3939494638118,36.16819967599221],[128.3927642899396,36.167706030656774],[128.39161847501111,36.16747363112928],[128.39123207052296,36.16828997479723]]],[[[128.38859297740092,36.151076700063626],[128.38888948299555,36.15137512149095],[128.3905058463019,36.15167175643784],[128.3936745540389,36.15492403580241],[128.39381748797973,36.15563462039318],[128.39384039792563,36.154877048792834],[128.39084229782986,36.15184807453444],[128.3901654203524,36.15127020111872],[128.38859297740092,36.151076700063626]]],[[[128.37832221584287,36.106248552741675],[128.3787917783929,36.10613152346072],[128.3782490992708,36.10605387599767],[128.37840211158374,36.10534601839939],[128.3779523537857,36.10482068298854],[128.37813681257904,36.10448220968263],[128.37763449618566,36.10468575185444],[128.37784294252216,36.1048082657755],[128.37776603042687,36.10516140146032],[128.37754807580689,36.105129466472555],[128.3774631892948,36.104475945351396],[128.3777417369796,36.10424122278027],[128.37787263228893,36.10362418255138],[128.37769402781586,36.10341568851322],[128.37796903082094,36.103179426486946],[128.3777914949987,36.10296913061806],[128.3782692526852,36.10285367727169],[128.37830341765655,36.10267596459598],[128.37795894711994,36.10271812390965],[128.3779674671061,36.10217120056075],[128.37877180008155,36.10209408451957],[128.3787188170946,36.10182198831436],[128.37908213430228,36.10169295115842],[128.3787964956053,36.10146742559756],[128.3791804123671,36.1012455014678],[128.37924520714753,36.100889327753144],[128.3779451244433,36.10070377700601],[128.37793140221535,36.1002432710558],[128.3771281094015,36.100312343610405],[128.37689778755762,36.09982005116533],[128.37695050804697,36.0995562433129],[128.3779955705663,36.099430229765325],[128.37808203336382,36.09852749030151],[128.37904285846244,36.098756194782986],[128.37910194943368,36.09849056097257],[128.38108763753314,36.09868201069485],[128.38112722277737,36.098506426263675],[128.3817813392066,36.09859900103802],[128.38172766366824,36.09886526929585],[128.38203476967166,36.099001119502056],[128.38210458446636,36.097639073848796],[128.3834803097138,36.097651810881715],[128.38374514659242,36.09787269502046],[128.3838216062942,36.097516657194596],[128.3836256264453,36.09739895220746],[128.38514923174117,36.097612951569076],[128.38529923429607,36.09745705324131],[128.3852437286985,36.09772316572905],[128.38567882232894,36.0977836297746],[128.38562285638184,36.0980490736871],[128.38596941513825,36.09800672249262],[128.38600427196837,36.098371165544734],[128.38556542875207,36.098314512843594],[128.38552617410528,36.09849532953043],[128.38585443665895,36.09853984555773],[128.3854949703151,36.09967742328744],[128.38535179066838,36.09929170164939],[128.38511307731503,36.0993481867124],[128.38531402377416,36.099471358402674],[128.3852883884321,36.100108444543444],[128.38502753834422,36.100800873899935],[128.38524349185263,36.1008325022248],[128.3853094764434,36.1015719689445],[128.38485332521475,36.1016007134185],[128.384663590333,36.101938160258705],[128.38277110585764,36.10185095608694],[128.38260137384012,36.10210110005637],[128.38198491921716,36.10183074548243],[128.38172893791327,36.10197893810769],[128.38198431301512,36.101828405012014],[128.38209838209593,36.10129839254103],[128.38129595368414,36.10136692764424],[128.38117996260857,36.10189796002059],[128.38188836524057,36.10227361943746],[128.3852636129201,36.1022989037823],[128.38528519782588,36.10376554218347],[128.3848477380952,36.103703677051016],[128.38478918199525,36.103966982204646],[128.38493603744973,36.10381429544087],[128.38535535141227,36.10395991719101],[128.38522017968074,36.10457977071767],[128.38469304367564,36.10441277211553],[128.38463506169575,36.1046791064691],[128.38341599661427,36.104596637330246],[128.38337311100204,36.10477264522616],[128.3848562130783,36.10471094562829],[128.38535845964915,36.104965741888485],[128.3854782473633,36.10443470530813],[128.38567605090148,36.10455441879481],[128.38579019912342,36.10402944239093],[128.38605237253134,36.10387564462815],[128.3869441040752,36.10391024653175],[128.386889966628,36.10416236703206],[128.3870733493441,36.10383829385503],[128.387400651471,36.10388457448784],[128.38698350563868,36.10373348385547],[128.38684369007336,36.103346198924044],[128.386744604577,36.1037897716753],[128.38551191025525,36.10379782499622],[128.38552126640695,36.10215292815702],[128.38722499139615,36.10212184417551],[128.38818196152585,36.10234974216543],[128.38904963692812,36.10219942984807],[128.38918684892636,36.10240494274034],[128.38935881556935,36.102152136925675],[128.39136286861233,36.10225425436886],[128.3914182569654,36.10198862288356],[128.38976264067713,36.10184333912548],[128.3895497598996,36.10126244141483],[128.3898071680521,36.10111907099902],[128.3895127045476,36.10107223301464],[128.38928429681766,36.10195789859274],[128.38904504961164,36.10201538188577],[128.38634522258053,36.10199607629004],[128.38631316028358,36.101624239850736],[128.38637597026002,36.10081119822192],[128.38918633775333,36.10084613793355],[128.3893020224542,36.098757125965406],[128.3891113213871,36.098593257690716],[128.38946905104012,36.09850778529759],[128.3894388402612,36.098138973097086],[128.38976674851767,36.098182802926594],[128.38969683234467,36.097992558445064],[128.38995030319086,36.097853593997684],[128.39108274763387,36.09782363057917],[128.39115990910148,36.09746903829716],[128.39150921323906,36.09742685731774],[128.3924912574681,36.09756764102058],[128.39261586471932,36.09859203696177],[128.39350149192714,36.098626226350035],[128.39349300180487,36.09761939036977],[128.39221886719014,36.09725161134504],[128.39294501819475,36.0969910290651],[128.392101305978,36.09705455130452],[128.3917465692297,36.09681894342276],[128.39190314298023,36.096657902533785],[128.39207567077938,36.096867342610786],[128.3936638764065,36.09682012099308],[128.39380233206626,36.09619766298307],[128.3927811226758,36.09623494306876],[128.39265707273248,36.09575796417883],[128.39271539062852,36.09549558972384],[128.3927859553776,36.0956941270936],[128.39302458173626,36.09562988621341],[128.39275393741792,36.095318393461135],[128.39333705035594,36.09521812765483],[128.39268230338322,36.0951228774782],[128.39272119930794,36.09494788665233],[128.39304630835412,36.094996397257496],[128.39269071356335,36.094577080583164],[128.39346916343376,36.09459657718932],[128.39349898534078,36.09396046173824],[128.39222641993183,36.09359542570752],[128.39221178661063,36.093135484805146],[128.39199205675328,36.09310530855838],[128.3919864669891,36.093651503451],[128.39174731777985,36.09370979719016],[128.39045667732145,36.09343254186669],[128.3907536976801,36.0931098573744],[128.39070385727902,36.09283059025584],[128.39130681741827,36.092640108352725],[128.39075635824292,36.09256032344772],[128.39081929709857,36.092297601557306],[128.39112434961152,36.09243040925381],[128.39128288402355,36.09226227154305],[128.3907611639666,36.09201375094446],[128.39117609594885,36.09115833702946],[128.39202881045708,36.09137382110088],[128.3919733956324,36.09163748002993],[128.39257078858824,36.09200099043399],[128.3924958115543,36.092350337229675],[128.39271354929272,36.09238400601327],[128.39288561378567,36.09158745374027],[128.39259785561717,36.091360121860305],[128.3927030494293,36.09082967439212],[128.3923899373273,36.09023435147334],[128.39210984482096,36.089917792247086],[128.39164448296637,36.09003537466669],[128.3918307113146,36.08969610112314],[128.39157421386398,36.08984274648657],[128.3915794055828,36.08929436582117],[128.39068655582915,36.08925826060092],[128.39074959243123,36.088444260526586],[128.39055910151063,36.088233620733476],[128.39035020796226,36.08820492767746],[128.39029332247057,36.08846995657097],[128.39060074580917,36.08860844357527],[128.39049875360868,36.089597908146835],[128.38997333712527,36.089431311647495],[128.38958405120928,36.089657674749354],[128.3900939766107,36.08990576456978],[128.39003719866386,36.090168150807095],[128.38923364520744,36.09023861387922],[128.3893098656008,36.089884807980944],[128.3889822983321,36.089838183508505],[128.38895692725703,36.090475122047984],[128.38839319026619,36.09048435756346],[128.38819199999472,36.09036602078796],[128.388356642364,36.09011496182866],[128.3874324131843,36.08970671307626],[128.38744418386705,36.0886123311941],[128.3867191297601,36.088326204748164],[128.38556820293206,36.08843585763998],[128.3852982807502,36.0881218571429],[128.3852953656745,36.086017994501496],[128.38522129921114,36.08847737233493],[128.3846967517176,36.088309392210704],[128.38465127975215,36.08848793054558],[128.3837791919701,36.088362790461936],[128.38362874040118,36.08852358263023],[128.3841702435574,36.088602909426356],[128.38380878233377,36.08873298006345],[128.38435929921954,36.08935845079408],[128.38462791783348,36.08912349460059],[128.3847685655108,36.08951242823164],[128.38475580519446,36.089052010746855],[128.38520109561193,36.08856059451291],[128.38514322764453,36.08883010844197],[128.38543118052667,36.08905946503031],[128.38534915444555,36.08995905355596],[128.38591326438083,36.089947540184305],[128.38595371715704,36.08977229998617],[128.38634850910015,36.09001113111432],[128.38714713886822,36.089941720473306],[128.38694899515983,36.090371052236314],[128.38647099614627,36.09048594667713],[128.38712963740556,36.09058037895863],[128.38587101392025,36.09067481711258],[128.3855616875046,36.09053878483104],[128.38574616417648,36.0902013186988],[128.3854388745684,36.090062744703815],[128.38531109863067,36.09169241675877],[128.38454816257587,36.09158247451714],[128.38450512514098,36.09175914536994],[128.38484738896378,36.09226844056893],[128.38494424858595,36.09182345523283],[128.38538162429106,36.09188809638134],[128.38533753390786,36.09261091380015],[128.38498660037865,36.092652307862174],[128.38239606000673,36.09264834282358],[128.381890734667,36.092393024863696],[128.38172453419708,36.09264544117545],[128.38166069239506,36.09237108131329],[128.38201787947472,36.09232003493745],[128.3821152142752,36.09187641417683],[128.38217102759955,36.08849928286351],[128.38299406709265,36.088341584252525],[128.38303232220545,36.088158189761636],[128.3826856732679,36.0882066572777],[128.38272402532562,36.08802806212596],[128.38249414542292,36.08808478313179],[128.38221647944644,36.087774820780155],[128.38191198658666,36.088644909328465],[128.3811384315544,36.088534570904095],[128.38130673520874,36.088834956755896],[128.38089190974105,36.08868438637714],[128.3807755587279,36.089214658340566],[128.38048867974678,36.08899252321889],[128.37964469289696,36.0892355611403],[128.37966923385267,36.0885983322912],[128.37944679404603,36.08856820007333],[128.3794566660441,36.089568903887596],[128.3791112389518,36.089617065908804],[128.37903958143934,36.08942517294777],[128.37898274731123,36.08968977178878],[128.37940021074226,36.089842396269106],[128.379028560668,36.09052204799352],[128.37941235426632,36.09030264789683],[128.37947160737704,36.09159118264696],[128.37965755708456,36.091252767007795],[128.38013677432536,36.091134873087576],[128.38007624662055,36.09140340241254],[128.38029557345524,36.09143117219546],[128.38039048365366,36.090989284673235],[128.37960683190695,36.090968134170375],[128.37963132134269,36.090334033942796],[128.37999037695087,36.090201955219435],[128.3795863858918,36.089502504949394],[128.3803104709411,36.08979139548216],[128.38030703115925,36.09033814921234],[128.38104323969833,36.090076609453426],[128.38193358947208,36.090112134778266],[128.38185690981885,36.090466125468396],[128.38118055065934,36.090462107467],[128.38114089768817,36.09063824978057],[128.3814700552352,36.09068647622084],[128.3813931362587,36.09104139709983],[128.3806283088165,36.09093213003856],[128.38101745826813,36.091262200363396],[128.38146432880393,36.091235135829244],[128.38143803034896,36.09187852337732],[128.38167971313908,36.091814758267674],[128.38150496383733,36.09261222788698],[128.3811774333887,36.09256588970656],[128.38125473832804,36.09275930210913],[128.3817733016886,36.09292600075398],[128.38203141661648,36.09277919287042],[128.38206274268887,36.09314985203355],[128.38214153422095,36.09279557774813],[128.38238061036492,36.09273798164022],[128.3838373861979,36.09276294771174],[128.3839087836814,36.09295815584267],[128.38416634432627,36.092808540901636],[128.3853627599092,36.09353181359711],[128.38528662723763,36.09388445888059],[128.38496055847256,36.09383901265555],[128.38478906798034,36.094085117789355],[128.38529841881316,36.09434425159242],[128.38542142968745,36.094818761878464],[128.3850751075214,36.09486138156344],[128.38513184435882,36.094594694306224],[128.38491382062034,36.094561608933425],[128.38465702017518,36.094712545805486],[128.38472720616588,36.094901633010416],[128.38427070466747,36.094998553447674],[128.38534481079083,36.095173886045885],[128.38528758811705,36.095431660444014],[128.38455398856937,36.0957016291321],[128.3853126511388,36.09635965273134],[128.38525428094562,36.09662376105035],[128.38505395281297,36.096513564570444],[128.3849782345056,36.09686618289353],[128.38532583467057,36.09681991875351],[128.38509989984928,36.09733426569002],[128.3845974834977,36.097078698937054],[128.38385691351237,36.097340059794774],[128.3828218417098,36.09728363694251],[128.38203985838658,36.09689757193946],[128.38219273392917,36.096190119645165],[128.38196996551085,36.09514997763969],[128.3825923945813,36.09487279012164],[128.3831214903151,36.09503269811929],[128.3832015098587,36.094135130710804],[128.38291313956788,36.09391296136725],[128.38296151237557,36.09419204830917],[128.3825771864877,36.09441128348692],[128.38196306690529,36.09414194623157],[128.3816628603682,36.094464850577715],[128.38121907736803,36.09440228389886],[128.38173542041235,36.094658559706005],[128.38158592525127,36.094819896989904],[128.38115145181445,36.09475773007079],[128.38093726129392,36.09417916009448],[128.3806103969218,36.09413127022223],[128.38068260568878,36.09432455062838],[128.38044041490448,36.09437841972917],[128.38085979297134,36.09453385808493],[128.38085591275365,36.09507941254049],[128.38163076855986,36.09510310426191],[128.3812848464393,36.09569133261262],[128.38196178471446,36.09569824644502],[128.38199777145957,36.09709056488437],[128.38163434216222,36.09720672839301],[128.38157669146543,36.09747151775367],[128.3819233125018,36.09743296149597],[128.38195617635074,36.09779883325785],[128.3803490476944,36.09793709098909],[128.38001592641245,36.0984299322478],[128.3798529246804,36.098138755942934],[128.37963362038928,36.09811098891271],[128.37968611280098,36.09839089627094],[128.3792891594822,36.09815181888775],[128.37893059762217,36.09828087574342],[128.37903580954182,36.097751187548276],[128.3784286400534,36.0973879294995],[128.3801574773718,36.09726965037005],[128.37793249113426,36.097133619653576],[128.377654784046,36.09736494291945],[128.3777304387958,36.0985684343857],[128.3770541950376,36.09856507153216],[128.37726619271393,36.09914268945655],[128.37696033298204,36.099007516342795],[128.37644293574544,36.09929974103696],[128.37590033909024,36.09922258963619],[128.37620698079965,36.0993574482242],[128.3761493020423,36.09962314982712],[128.37565188007838,36.099824915423994],[128.3756623071695,36.09928295093075],[128.37546181437796,36.0991573444216],[128.3752880981263,36.09995732268597],[128.3749829902142,36.09982260145304],[128.37520222771755,36.09930697937308],[128.37435238783888,36.09908429907405],[128.3743532665621,36.09854415793976],[128.3735368168714,36.09815252779981],[128.3725176694792,36.09818979830527],[128.37307656423235,36.09871593312934],[128.3725601381991,36.09902731800964],[128.37263978834014,36.09921306019139],[128.37312605832622,36.09901218935586],[128.37376317043226,36.09918998207611],[128.37348597537408,36.09942306697132],[128.37361053463502,36.09989985257406],[128.37382734846912,36.09993287494966],[128.3739048064265,36.09957754549967],[128.37515872906258,36.100031304821975],[128.37517480148804,36.10049004770028],[128.3754992793423,36.100537597316304],[128.37542444215018,36.10089200123897],[128.3757504124096,36.100939768345114],[128.37541623372022,36.10144023186913],[128.3749600055317,36.101466024771575],[128.37588637971132,36.101873672304876],[128.3759636141686,36.101519082155015],[128.37618052335017,36.10154961558718],[128.37610532321793,36.101902567644366],[128.37739791408637,36.10218125168773],[128.3771017789542,36.10250457539826],[128.37742869581282,36.10255483977223],[128.37731679771042,36.103075118423625],[128.37662003291115,36.10316732746517],[128.3773849655209,36.10327761869506],[128.37745012084952,36.10401049869221],[128.37722186661375,36.10407519671749],[128.37705370452264,36.103779919255444],[128.37697543556635,36.10413334315721],[128.37662685148308,36.10417512145657],[128.37717323100034,36.104253490860195],[128.37733415800543,36.104552010695706],[128.37730871748056,36.105187419857984],[128.3766338117204,36.10518228105905],[128.37739821879936,36.10529254098349],[128.37738124818844,36.10693426086542],[128.37756792869547,36.106598721656816],[128.37777930371442,36.1066277176476],[128.3779842230801,36.106749199428585],[128.37779826606155,36.10708658758012],[128.37821527170306,36.10724098287521],[128.37840163711965,36.106899647851925],[128.3786665794124,36.10721266294652],[128.37848719899347,36.10755109654937],[128.37890619329883,36.10770233775556],[128.3799982400123,36.10785936811515],[128.38025530687986,36.10743787638913],[128.38036705804126,36.10772960842428],[128.38168724317666,36.107826526086605],[128.38187758210537,36.10803478022138],[128.3820311399212,36.107325952496126],[128.38092138616045,36.1072590989472],[128.38042569530592,36.10745783642336],[128.3805448044046,36.10638352427213],[128.38091116159842,36.10625143467492],[128.38097257310318,36.10653448314591],[128.38140049739027,36.106595310673086],[128.3817358973576,36.10609621099004],[128.38121820523634,36.10638617350417],[128.38105841778446,36.106092659953255],[128.38036592482146,36.10617423098453],[128.3803721191439,36.107180396158114],[128.37923749983702,36.107201557378616],[128.37920655630535,36.10628215982646],[128.37873619081657,36.10639716700969],[128.3790672305575,36.10644566581735],[128.37906141895462,36.106983999055046],[128.37873180957965,36.1069462245138],[128.37832221584287,36.106248552741675]],[[128.39272917197545,36.09439124253438],[128.39267386304292,36.09412543625066],[128.39289367154302,36.09415140018116],[128.39272917197545,36.09439124253438]],[[128.38966016436265,36.09450879966111],[128.38962543803967,36.09414042526693],[128.3899234372041,36.09381617525397],[128.39008157315342,36.094113269630945],[128.39072855000785,36.09374910551894],[128.39247615118794,36.09399711977158],[128.39239969566455,36.09435212298194],[128.3925963393251,36.09447305088788],[128.3925623832322,36.094648516043236],[128.39179546599578,36.09454057870934],[128.39173541713657,36.0948050350031],[128.39138762136056,36.094847914220495],[128.39062466327277,36.09473926584628],[128.39068158815513,36.09447470149574],[128.3904648247162,36.094440086896356],[128.3903857339565,36.094795874571865],[128.38966016436265,36.09450879966111]],[[128.3924648399573,36.095092573889794],[128.39247104305838,36.09609993178711],[128.39157859342285,36.09606496664088],[128.391588986955,36.09496845584987],[128.3924648399573,36.095092573889794]],[[128.39226132048032,36.0903067359085],[128.39229465454125,36.09067655677262],[128.39206519907637,36.09073621900217],[128.39191654484594,36.090350811748166],[128.3916766197961,36.090406795658524],[128.39160132829898,36.09075445422349],[128.3912536273996,36.090803214727195],[128.39120022703074,36.09052140368914],[128.39087199684226,36.09047447943183],[128.39226132048032,36.0903067359085]],[[128.39097276857447,36.09625247621796],[128.39148102441277,36.09650808157712],[128.39164687225508,36.0962584839789],[128.39158424506556,36.097070316008676],[128.39134729495998,36.09712678841893],[128.39107816603394,36.09682025131918],[128.39099834622164,36.09717300017442],[128.39078164758052,36.09713838811869],[128.39074663966775,36.096769299374984],[128.39030806600636,36.09670659811183],[128.39097276857447,36.09625247621796]],[[128.39106319254898,36.089596710294046],[128.39111709307832,36.08986880314744],[128.3906999032332,36.089716752105566],[128.39106319254898,36.089596710294046]],[[128.39067663080718,36.09501922996907],[128.3910227420412,36.0949787393483],[128.3909853665996,36.095155960242145],[128.39067663080718,36.09501922996907]],[[128.39075427794225,36.09518250603495],[128.39043110397708,36.095627276421624],[128.39057202900244,36.09601250823377],[128.3900439062423,36.09584749183328],[128.39009634517487,36.09612728585108],[128.38953469108648,36.096136954365235],[128.38948682317542,36.09530859452195],[128.39005358409045,36.09529732970018],[128.38989185957215,36.09500119255162],[128.39024286285505,36.09495880454536],[128.39039953883696,36.09525757350488],[128.39075427794225,36.09518250603495]],[[128.38972181770157,36.092139535489494],[128.38952360407836,36.09202010419395],[128.38959981832983,36.09166777370681],[128.38921769195073,36.09188405179428],[128.3891277746255,36.09123984784083],[128.39052993754888,36.09152454856363],[128.39025669421727,36.09175703206738],[128.38984085343873,36.09160769077127],[128.38972181770157,36.092139535489494]],[[128.3898453662944,36.09106000594617],[128.38998044118244,36.090431023305435],[128.39032760132977,36.09090967203709],[128.3901520237411,36.09119430983859],[128.3898453662944,36.09106000594617]],[[128.39010626812342,36.09347569396113],[128.38980334647093,36.093341308006394],[128.39027659626007,36.093225700143],[128.39010626812342,36.09347569396113]],[[128.390242796764,36.09285453157169],[128.39020552427718,36.09303228500869],[128.38976976469584,36.092970161959606],[128.390242796764,36.09285453157169]],[[128.38974894275486,36.09214430778342],[128.3898457331018,36.09261459466375],[128.38962666044696,36.09258415681072],[128.38974894275486,36.09214430778342]],[[128.38899927848865,36.09079816047769],[128.38930230277677,36.0904348559309],[128.38980307313523,36.09123657714179],[128.38925958552028,36.091157234223004],[128.38899927848865,36.09079816047769]],[[128.38943522743872,36.09036104144233],[128.38977973785057,36.09031833562639],[128.38961066984808,36.090570223700745],[128.38943522743872,36.09036104144233]],[[128.38961604330476,36.096516454831374],[128.38974468491875,36.09671764199513],[128.38952558638843,36.09668720259171],[128.38961604330476,36.096516454831374]],[[128.38957905894407,36.096966867676336],[128.389504539517,36.096779131119675],[128.38972463379042,36.09680557057409],[128.38957905894407,36.096966867676336]],[[128.38924726666895,36.09433415987223],[128.3888749926184,36.09449231373008],[128.38891928281703,36.093764054861666],[128.38935713711265,36.09382627244235],[128.38924726666895,36.09433415987223]],[[128.3891714562288,36.09828505183557],[128.38915800385107,36.098004798405626],[128.38932610696688,36.09812379867382],[128.3891714562288,36.09828505183557]],[[128.38931206383882,36.09299434024547],[128.3892159957653,36.0934383633801],[128.3888873034031,36.09339293686731],[128.38931206383882,36.09299434024547]],[[128.38801898624013,36.09528154686254],[128.38819643830183,36.09503127277627],[128.38881240458372,36.0953032161896],[128.3893054772035,36.095102736594654],[128.3892099815007,36.095542623198604],[128.3888230969455,36.095765035247574],[128.38885493805012,36.09613321872375],[128.3877455943164,36.09606614273343],[128.38778194543866,36.09588112900669],[128.38750316795162,36.096122605191816],[128.38550860125636,36.096020833448854],[128.38541521271156,36.09536715288785],[128.38564167085326,36.094858848533576],[128.38764957465236,36.09495449931772],[128.38729835579193,36.094995980993936],[128.38722382950095,36.09535134077796],[128.38801898624013,36.09528154686254]],[[128.38929572120614,36.09363294350446],[128.38894001843147,36.09367368266321],[128.38897708626288,36.093497933846216],[128.38929572120614,36.09363294350446]],[[128.38546841214617,36.097202560268606],[128.38557006864323,36.09621244526737],[128.38736827377343,36.096193732475285],[128.38781432742553,36.09625843334673],[128.3877580968364,36.09652478334038],[128.38808433969368,36.09657574352931],[128.3880486150613,36.09674704826795],[128.38845141027952,36.09644740522778],[128.38839167412092,36.09670649690239],[128.38882866741997,36.09677048972674],[128.38863999938945,36.09664938123015],[128.38877998378268,36.09648898910754],[128.38928800409394,36.096744557775864],[128.38928277437518,36.0972902228868],[128.38904197494955,36.09734312543759],[128.38816953150194,36.09722354667801],[128.38708904744686,36.09752585534257],[128.38546841214617,36.097202560268606]],[[128.38631377669319,36.091228216188256],[128.38656657689668,36.09113788674779],[128.38643789740053,36.09066508769867],[128.38746314853944,36.09062780040174],[128.38833008406257,36.090751549024716],[128.38898218332042,36.091395677068306],[128.38890114869548,36.09174729066163],[128.3873144634781,36.09179566266684],[128.38633434032812,36.09165584383314],[128.38631377669319,36.091228216188256]],[[128.3889482027035,36.09935142740039],[128.38829867355724,36.10026164042345],[128.38808066048304,36.10023195728286],[128.38800352104292,36.100586385136715],[128.3878979246706,36.100021779112915],[128.3875720009245,36.09997569274878],[128.3874203668542,36.10068373769599],[128.38712464922355,36.09945388003038],[128.3889482027035,36.09935142740039]],[[128.38832854337392,36.094411465640825],[128.38811013300398,36.09437948185516],[128.3881159161287,36.09383960436812],[128.38880193217727,36.09429575919619],[128.3884681854073,36.0947952009991],[128.38781521647348,36.09470362789527],[128.38832854337392,36.094411465640825]],[[128.38879547276417,36.09328651632622],[128.388358987167,36.09322604251848],[128.38845494455742,36.09279011117138],[128.38878404882382,36.092829916925325],[128.38879547276417,36.09328651632622]],[[128.38798137058788,36.0975720248582],[128.3887476562152,36.09767321057452],[128.38858224696483,36.097921789869275],[128.38874185780776,36.0982210881974],[128.3883576788073,36.098440498187855],[128.3886628716814,36.09857619126841],[128.38804892888146,36.09830610441657],[128.38787769280984,36.09855591633074],[128.38756212273674,36.09850970273121],[128.38763616016118,36.097602413542965],[128.38783044361503,36.09827470235009],[128.38798137058788,36.0975720248582]],[[128.38872149679676,36.092079035036576],[128.38848242435304,36.09214624620415],[128.38851952215862,36.091977982984815],[128.38872149679676,36.092079035036576]],[[128.38788321108535,36.09334565221426],[128.38841068377505,36.09350864592787],[128.38826374063666,36.09366879698578],[128.38788321108535,36.09334565221426]],[[128.38793518087928,36.098842036385115],[128.38834987891104,36.098990509411976],[128.38831215472848,36.09916430916083],[128.38772655071116,36.099265445648356],[128.38721838160816,36.099008926904304],[128.38793518087928,36.098842036385115]],[[128.38829252331007,36.0919359367522],[128.3880763812228,36.09245316940067],[128.38729175934478,36.092433124123524],[128.38736865207153,36.09207888481361],[128.38829252331007,36.0919359367522]],[[128.38722614732447,36.09324707548947],[128.3863322050206,36.09321115997886],[128.3863662880914,36.09358148427041],[128.3855628614934,36.09364957183847],[128.38575532858894,36.09276293894531],[128.38778433941437,36.09277843004087],[128.38828879180974,36.0930346746969],[128.388231614506,36.09329907785287],[128.3880699164249,36.09300122101525],[128.38722614732447,36.09324707548947]],[[128.3879886690605,36.09619238966031],[128.38812433841053,36.09639392614678],[128.3879058468314,36.096363568645984],[128.3879886690605,36.09619238966031]],[[128.3878138957574,36.09424663912557],[128.38798110184362,36.094452772778524],[128.38776198500787,36.094422042222774],[128.3878138957574,36.09424663912557]],[[128.38737202148982,36.090157228756766],[128.3877144651279,36.089925156503924],[128.38787200856103,36.0903195686532],[128.38737202148982,36.090157228756766]],[[128.38772785190707,36.09458124961218],[128.38724824201765,36.09471431568335],[128.38734037113863,36.094356900343634],[128.38772785190707,36.09458124961218]],[[128.38661509356183,36.08931742069578],[128.38667255574538,36.08905181094939],[128.38734808927913,36.08905613735201],[128.38723439631127,36.08959110540825],[128.38661509356183,36.08931742069578]],[[128.386837590658,36.09246015629007],[128.38686562549475,36.09191286516564],[128.38722062725512,36.09224272167378],[128.386837590658,36.09246015629007]],[[128.3854425394963,36.094725709435494],[128.38565307083473,36.09375410864864],[128.38630708792974,36.09384799575414],[128.38627156766233,36.094024648657125],[128.38670569957858,36.09408546907607],[128.3866685759729,36.09426523334558],[128.38717579385204,36.09452389084414],[128.38712093009968,36.09478695816999],[128.3854425394963,36.094725709435494]],[[128.3863428482841,36.089004041498825],[128.38621234065465,36.089617353563476],[128.38549622044033,36.08979735955377],[128.38559749646544,36.08881332413544],[128.3863428482841,36.089004041498825]],[[128.38549012157628,36.10177956244031],[128.3855737107026,36.10087978789163],[128.38624835737383,36.10088468480759],[128.38602306964225,36.101400288153044],[128.38624156565706,36.10143228714554],[128.386254570624,36.10189077940946],[128.38549012157628,36.10177956244031]],[[128.38613681443223,36.091261899672354],[128.3861513572873,36.09144678315221],[128.38582306574583,36.091399838385016],[128.38613681443223,36.091261899672354]],[[128.38614096028846,36.090986838831725],[128.38590407382986,36.09104549123809],[128.38594102810382,36.0908720010256],[128.38614096028846,36.090986838831725]],[[128.3855234282511,36.0922722385622],[128.3856185313501,36.091832701455914],[128.38567192376834,36.09211008975728],[128.38599780198535,36.09215752491899],[128.3855234282511,36.0922722385622]],[[128.38191511442125,36.09174854920824],[128.38158781453976,36.09170804346131],[128.3818350507182,36.09119677249607],[128.38201175371137,36.09131265345537],[128.38191511442125,36.09174854920824]],[[128.38192643055515,36.090659464999845],[128.3818523844968,36.09101401794161],[128.38152385070728,36.09096860076273],[128.3817103157473,36.09062976422106],[128.38192643055515,36.090659464999845]],[[128.38140631557792,36.08994511818265],[128.38086104579526,36.089867278621995],[128.3813031096858,36.08938238581841],[128.3817620770272,36.089355653827546],[128.38140631557792,36.08994511818265]],[[128.37842759204744,36.10160216187977],[128.37858813949674,36.101893316824366],[128.37824064729395,36.101935386340266],[128.37842759204744,36.10160216187977]],[[128.37685756156785,36.10155473252326],[128.37701175052368,36.100845298229714],[128.3784713582992,36.10087076231109],[128.37846543558334,36.10141881841008],[128.37813747386886,36.10137205801661],[128.37806052983493,36.10172630550486],[128.37784276895633,36.101697230726586],[128.37800272433645,36.10199280795665],[128.37700696064016,36.101941992597276],[128.37685756156785,36.10155473252326]],[[128.37828926014,36.09736792704118],[128.37837715278434,36.097654540883916],[128.37807300603043,36.09751975533037],[128.37828926014,36.09736792704118]],[[128.37810109732396,36.10621565133497],[128.37806251389526,36.10639328223519],[128.3775176202825,36.10631549924638],[128.37810109732396,36.10621565133497]],[[128.3779275094354,36.10546172084601],[128.37768100798277,36.1056043899648],[128.37806850271772,36.10584469278172],[128.377574072364,36.10604876401098],[128.37751035168912,36.105308530973645],[128.37785595996306,36.10526657432512],[128.3779275094354,36.10546172084601]],[[128.37672035191974,36.10062047190731],[128.37675418431002,36.100990832987755],[128.37608085769244,36.10097974958792],[128.37617447702877,36.100548266161766],[128.37672035191974,36.10062047190731]],[[128.37657687924286,36.100325934680995],[128.37608552810158,36.10043743329464],[128.37618509409754,36.09999512087049],[128.3767472605154,36.099985410733716],[128.37657687924286,36.100325934680995]],[[128.37636793577798,36.10121480826524],[128.37660594379014,36.10115309769897],[128.3765681403202,36.10132930296252],[128.37636793577798,36.10121480826524]],[[128.37627943441845,36.09954942352653],[128.37653490263006,36.099404636702594],[128.37647739355893,36.099669568101824],[128.37627943441845,36.09954942352653]]],[[[128.39271203760475,36.126957744480315],[128.3935682358658,36.12719057089877],[128.39320541455155,36.12659155308619],[128.39253431392618,36.12632901803894],[128.39271203760475,36.126957744480315]]],[[[128.39355176119454,36.1574035685326],[128.39325945555242,36.15803701237702],[128.39336108153873,36.158776861685446],[128.39355176119454,36.1574035685326]]],[[[128.39093944149067,36.129253481945774],[128.39073362791385,36.12954705600217],[128.3911589871142,36.13021987200549],[128.39066875768304,36.13076624503417],[128.391911576833,36.1315642876257],[128.39326658360207,36.13171140559971],[128.39261310735597,36.13078870803606],[128.39093944149067,36.129253481945774]]],[[[128.39214300884956,36.10748953038394],[128.39197607300068,36.10773875270858],[128.39234402839506,36.1076089915827],[128.39239504559956,36.10789055404559],[128.39284793719267,36.10786621286979],[128.39285707551488,36.10731806213597],[128.39227153150995,36.10742389838404],[128.39209689745795,36.10666137288196],[128.3917315799229,36.106790934968934],[128.39180713175182,36.106437693289095],[128.3913253571785,36.107098292940265],[128.39101886351796,36.10696340720899],[128.39116682028808,36.10680183297647],[128.39081951705296,36.10684547786885],[128.39098961450478,36.10714214830015],[128.392000792494,36.10710063355852],[128.39214300884956,36.10748953038394]]],[[[128.39079775632618,36.10693173131381],[128.3900117823563,36.10691777762865],[128.38997758305086,36.10707990131879],[128.39061219082478,36.10727115189855],[128.39079775632618,36.10693173131381]]],[[[128.38937619447734,36.11504754868392],[128.3891778754651,36.11493250217633],[128.38913195222077,36.115660147856396],[128.39026299930757,36.115638234137],[128.39038527946914,36.1161136005095],[128.39048141763047,36.115669829180945],[128.39003247576642,36.115146608829214],[128.38991450357372,36.11412500075865],[128.38947512048716,36.114071848103634],[128.38937619447734,36.11504754868392]]],[[[128.39012688826477,36.08871934841241],[128.39026807059622,36.088557978114686],[128.39005276488408,36.0885364211734],[128.39012688826477,36.08871934841241]]],[[[128.38994175411256,36.090069505579784],[128.38974689502768,36.089949439096145],[128.38970978202184,36.090125408616494],[128.38994175411256,36.090069505579784]]],[[[128.38983300929678,36.10670536530134],[128.38957684485194,36.106849116104506],[128.3896140180256,36.106672891285136],[128.38946491973218,36.10683154908169],[128.38928522875,36.10663155250336],[128.38891295338897,36.10730102849771],[128.38958745911611,36.107307858620395],[128.38983300929678,36.10670536530134]]],[[[128.37754657276457,36.116565768960264],[128.37719744313787,36.116603910574725],[128.37752584664554,36.116655503644836],[128.37747020391524,36.11691445958862],[128.376736413433,36.1171753095484],[128.3764262939996,36.11704661208779],[128.37636865057948,36.11730563739279],[128.37605991586534,36.11717685819141],[128.37602047134956,36.117354103422876],[128.3764570637006,36.11741806368774],[128.37693756468977,36.1183116087396],[128.37717930909048,36.11825208764694],[128.3772568186564,36.11789881357394],[128.37690941733862,36.117938848506085],[128.37694750118345,36.11776161959423],[128.37771275279408,36.11786860695214],[128.37777143836283,36.117604877763],[128.378661885449,36.117640552063015],[128.37894457362464,36.11740688027325],[128.3793591403539,36.11755862966728],[128.3794813700536,36.117026610808615],[128.38002163394893,36.11710396520284],[128.37999625398118,36.11929873241536],[128.3798102714059,36.11963435911033],[128.38090154377696,36.119789280395075],[128.38094132712936,36.1201582871332],[128.3803126291811,36.12043916729753],[128.380893093326,36.12088583935502],[128.38112989503637,36.1208298465254],[128.3810538128546,36.121183986745876],[128.38125213285383,36.121311772375314],[128.38162988693506,36.12116530198513],[128.3816463858241,36.12053654121097],[128.38217249915036,36.120704034244326],[128.3826681331624,36.120499902749415],[128.3827304898129,36.119687194553435],[128.38309639710303,36.11955535923339],[128.3820939370998,36.119503936929085],[128.38262256490748,36.11967056640905],[128.3820171314243,36.11985881965084],[128.3819925855646,36.12049412922466],[128.38170593293387,36.12027129368191],[128.38133792961668,36.120401836961285],[128.38154203082436,36.1199711175364],[128.38107120800896,36.119540243760625],[128.3800686220426,36.11948827966974],[128.38006820665592,36.11793024383725],[128.3803137628932,36.11732897271269],[128.38082817570034,36.117035643735996],[128.38115397295763,36.11708252708071],[128.38085955085975,36.11740625522496],[128.38118429890662,36.11745218335688],[128.38126667962229,36.11709889031446],[128.38178989260746,36.117262401546846],[128.38250501675614,36.11709289147633],[128.38268469407225,36.117303704406325],[128.3825102313773,36.11809705556209],[128.38266732426243,36.11894336001546],[128.3828030957038,36.1183241393106],[128.38337905638926,36.118306353291395],[128.38320871415178,36.11801735926598],[128.3837722293041,36.11800281236265],[128.3842174228926,36.11751781298425],[128.38461794878506,36.11775928364382],[128.38454537622465,36.1175668984663],[128.38543866474214,36.11760356454105],[128.385382391584,36.11942313985419],[128.38446885505053,36.119477630324475],[128.38439150540947,36.11983242252552],[128.38477807776056,36.11961221680805],[128.3852953377562,36.11977920009695],[128.38522175463436,36.120683289871245],[128.38491511796695,36.12054785561658],[128.3847451227271,36.120796691420196],[128.38406845865433,36.12080135952847],[128.38389768346505,36.1215888464625],[128.38411471156243,36.12162365914837],[128.3840594170256,36.12188866486157],[128.38553692044525,36.12182496651941],[128.38578109454926,36.12158484586639],[128.38580873882498,36.12213894809175],[128.38613601756816,36.12218521712962],[128.38667105353025,36.12180217592429],[128.38650821775022,36.12150711262515],[128.38694549605918,36.12156893058714],[128.38792672881056,36.12069575638258],[128.38780121589735,36.120227331394325],[128.38679845147226,36.120175454544196],[128.38687417175927,36.119821518904885],[128.38634713822415,36.11965363637518],[128.38660445114894,36.119506719611955],[128.38685500721178,36.11835410798017],[128.3875294562123,36.118359027253895],[128.38751862461015,36.11945479894265],[128.38805561397535,36.1196248777491],[128.38908744755295,36.11949526894983],[128.38970145614374,36.11875537026593],[128.3893566402972,36.118253636732],[128.38822545505525,36.1182752376008],[128.38823138004926,36.117728141536396],[128.3891259926111,36.11776364456402],[128.38916293347788,36.117586538805554],[128.38830988586946,36.11737223368969],[128.38823808512956,36.117175348962796],[128.38829557078756,36.11691306284584],[128.3889514370682,36.1170062259627],[128.38859071151882,36.116588410585024],[128.38835352584286,36.11664660883759],[128.38855821382214,36.11621991141274],[128.38914506101773,36.11611812012685],[128.38896308607536,36.1159092693713],[128.38852409344813,36.115856812594785],[128.38868761659634,36.11614488945433],[128.38831108256863,36.11628442176338],[128.38824311826667,36.11663242933132],[128.38599964021685,36.11658446386132],[128.3858559603622,36.116197223458634],[128.38550968091133,36.11623990701542],[128.3859709617309,36.11566589021767],[128.38549621917562,36.11577942135108],[128.38557290062647,36.1154276557348],[128.3853737064148,36.11530716834937],[128.38536291286803,36.116402317548015],[128.3854328922348,36.116595674837235],[128.3856859522841,36.116480928410795],[128.3855908961728,36.11689166399755],[128.38541273511112,36.11668618189358],[128.38527837808562,36.117304697950814],[128.38319048848305,36.117556846463266],[128.3829014968622,36.11733150490167],[128.38307002809296,36.11708329947157],[128.3827438376958,36.11703267655635],[128.38282045246385,36.11668084401684],[128.3831105842837,36.11690487316698],[128.38368777578654,36.11680395984726],[128.3834789758833,36.116771133710245],[128.3833523226147,36.11629727464785],[128.3827712552623,36.11639757414063],[128.38280671667886,36.11621309072502],[128.38252347082903,36.117002986670656],[128.38028006090116,36.1169548439129],[128.3800537100071,36.11591842811334],[128.379931895801,36.11699912182655],[128.37803546000885,36.11690719634675],[128.37769370276575,36.11640215075493],[128.3778981468578,36.1159768364882],[128.3777201302324,36.11576964847089],[128.37797876101538,36.11562127329295],[128.37872280490325,36.11581892292314],[128.37870945209858,36.11536086697167],[128.38109829474112,36.11524503588437],[128.37807642717365,36.115178470467],[128.37876712017163,36.11509385259885],[128.37884314825845,36.11473999792754],[128.37798895703958,36.11452487610084],[128.3777178271214,36.1142090854435],[128.37775638705116,36.114035791364714],[128.3780852969724,36.114080479904125],[128.37801504952543,36.11388052840681],[128.37755689226245,36.11391495722064],[128.37744216043652,36.11444635026757],[128.3776393712895,36.11456053703323],[128.37725288792558,36.114786674453256],[128.3768357321132,36.11463135804299],[128.37722149277928,36.11441538607588],[128.3767638874788,36.11444015436985],[128.37690279849556,36.114277265972476],[128.37669489119492,36.114250946365885],[128.37641197937756,36.11503027078795],[128.37586626482198,36.114953377044344],[128.37590401956484,36.114776330541304],[128.37568457281202,36.114746171333884],[128.37573561593376,36.11502931873354],[128.37542735899353,36.114893225851276],[128.3757060592809,36.11520585740467],[128.3762444387539,36.11528252966223],[128.37629629740943,36.11556498524459],[128.37597091749348,36.1155173163019],[128.37600544966972,36.1153377493757],[128.37560048150277,36.1156481789005],[128.37476523527434,36.11534580370262],[128.37476775032434,36.116901319206825],[128.37577020348752,36.11695275108081],[128.37572101601523,36.116672229119956],[128.37639148846537,36.11667557545227],[128.376709080859,36.11626462827633],[128.377107345792,36.11650345780387],[128.3773129398367,36.116075493662166],[128.3766210203308,36.116159532489434],[128.37645716347615,36.115861089378065],[128.37670237355007,36.115256305084664],[128.37755732398514,36.11547107314372],[128.37754657276457,36.116565768960264]],[[128.3874673831007,36.11761885501471],[128.3875011193166,36.117447195459405],[128.3879328670085,36.11750150516368],[128.3874673831007,36.11761885501471]],[[128.38668928000004,36.117050245489025],[128.38736244834143,36.117054213589434],[128.3869705650354,36.1178212401305],[128.38664214181136,36.117774374540126],[128.38668928000004,36.117050245489025]],[[128.38570204575467,36.12001868498571],[128.3857449508537,36.1198426007258],[128.38630727401332,36.119832852232335],[128.38649029422803,36.12004270855181],[128.38570204575467,36.12001868498571]],[[128.3853925137648,36.12088995996035],[128.38543428505616,36.12126233199455],[128.3849970363306,36.12119831242173],[128.3853925137648,36.12088995996035]],[[128.38539831490547,36.121439427177584],[128.38535541963734,36.12161546251081],[128.38421641301005,36.121727595687084],[128.38427113862215,36.121462359558635],[128.38539831490547,36.121439427177584]],[[128.38435192878725,36.121015714740224],[128.38440234352288,36.12083976223087],[128.38482758513575,36.120900349832716],[128.38435192878725,36.121015714740224]],[[128.38254269743274,36.12003693189693],[128.3824847502533,36.12029133602081],[128.38226932067644,36.120258949362416],[128.382219246067,36.11998028173129],[128.38254269743274,36.12003693189693]],[[128.37859422461494,36.117447993047236],[128.37837526904318,36.11741667976397],[128.37845236027218,36.117061804824395],[128.37890910336716,36.11703726334431],[128.37859422461494,36.117447993047236]],[[128.37808132085303,36.11508646403409],[128.37802044374746,36.11489617309241],[128.37823704208475,36.114926277873764],[128.37808132085303,36.11508646403409]],[[128.37806049494034,36.11526659113531],[128.37726951090485,36.11524627458911],[128.37736493514316,36.11507200419806],[128.37806049494034,36.11526659113531]],[[128.37755068230007,36.11757521744309],[128.37740419064104,36.11774175501637],[128.37723616021316,36.11743739828689],[128.37755068230007,36.11757521744309]],[[128.3759238517933,36.11624243812734],[128.37570486854668,36.11621234487114],[128.37578139364237,36.11586149974742],[128.37610966787227,36.11590336686354],[128.3759238517933,36.11624243812734]],[[128.3756528207437,36.1159316871812],[128.37559567771817,36.11619607449918],[128.37480879516136,36.116174993599124],[128.37517711518302,36.11604351790868],[128.37523435177044,36.1157863306778],[128.3756528207437,36.1159316871812]],[[128.37551376004515,36.116548611608984],[128.37558873143325,36.11674413528283],[128.37537128596045,36.11671231541948],[128.37551376004515,36.116548611608984]],[[128.37506743732513,36.116761168086384],[128.3749524101085,36.11656403380034],[128.37527930596806,36.116609292817564],[128.37506743732513,36.116761168086384]]],[[[128.38936941115233,36.104164833175155],[128.38942665058124,36.10390026610818],[128.3890979310991,36.1038573074235],[128.38900274433826,36.10429709425678],[128.38936941115233,36.104164833175155]]],[[[128.38518789456168,36.10681466952967],[128.38524157174402,36.1076017420862],[128.3857874677449,36.10768011342852],[128.38583768616482,36.10796171521118],[128.38569247243896,36.10813105777608],[128.38572793107022,36.10794653825085],[128.38521850257928,36.107696749823816],[128.38524298519243,36.10915565596559],[128.3856055798165,36.10902523755546],[128.38555273758357,36.10929157218667],[128.38587592991558,36.10934129793936],[128.38618252096526,36.10847012226604],[128.38607773125858,36.10790474503142],[128.38833941667772,36.107861424997026],[128.38823999847352,36.1072985804539],[128.38867373726123,36.10736025888524],[128.388841778922,36.10711355952187],[128.38794831755516,36.10707400440397],[128.38814892746498,36.107194899469505],[128.38779312801498,36.10778373220215],[128.38642076225673,36.1078614914538],[128.3859882178887,36.10780023094868],[128.3862309676038,36.10719736272526],[128.38607077206632,36.1068970743735],[128.38518789456168,36.10681466952967]],[[128.38596715901176,36.1070650336737],[128.38599199721244,36.10725173676466],[128.38533526994462,36.10715807170704],[128.38596715901176,36.1070650336737]]],[[[128.3863731991416,36.11070870920863],[128.38560251273626,36.11113102240987],[128.38563599839193,36.111502469843664],[128.38600454945276,36.111370770982475],[128.3867296648783,36.11165682672829],[128.3868061224875,36.11130079590505],[128.38645925910095,36.11134197670345],[128.3866294054235,36.11109425308459],[128.38818563326993,36.111224253490676],[128.38777854065043,36.110981718717206],[128.38783452846877,36.110716545306396],[128.38761848572523,36.11068687488637],[128.38753907715386,36.11104102365939],[128.38748839109886,36.11075602828108],[128.3863731991416,36.11070870920863]]],[[[128.38688714376846,36.107288266402406],[128.38633756537024,36.10721732296129],[128.38630405262285,36.10738786064897],[128.38688714376846,36.107288266402406]]],[[[128.38607352028447,36.11467485510246],[128.3857478907164,36.11462717598842],[128.38584363552178,36.11418458225554],[128.38615865458885,36.11376866235502],[128.38635897595876,36.11388342765409],[128.38614268155055,36.11331097937465],[128.38592470735648,36.113281041766136],[128.38584321564178,36.11363525499566],[128.38581620675706,36.113265125046745],[128.3855980513313,36.113235161903305],[128.3852601432818,36.113737390904376],[128.38406184504205,36.11356334521824],[128.38400796486332,36.11328407772232],[128.38342745134554,36.11338165508636],[128.38391165323202,36.11372593410649],[128.38343013737088,36.11438450701446],[128.38392617710926,36.114184971565294],[128.38486768878255,36.11450329825959],[128.3851272605297,36.114354307596685],[128.38499147801687,36.114509077894745],[128.3855075848989,36.11468513683241],[128.38564564965625,36.11452263124767],[128.3856055233811,36.114790306383334],[128.38607352028447,36.11467485510246]]],[[[128.38578038446084,36.10511742354396],[128.38521603517202,36.10512989444784],[128.38524790696212,36.10549605966038],[128.3855236845333,36.10526155401023],[128.3851512157488,36.10594217792355],[128.3856071912055,36.105915795600495],[128.38578038446084,36.10511742354396]]],[[[128.38537753355638,36.1100911103032],[128.38531996977693,36.11035622249805],[128.38564806488694,36.11040461610638],[128.38537753355638,36.1100911103032]]],[[[128.38560038911086,36.10646270286211],[128.38537299837824,36.10643327484409],[128.3854366544173,36.10671550003898],[128.38560038911086,36.10646270286211]]],[[[128.38557859051545,36.11487983573547],[128.3853582122847,36.11485015924889],[128.38539338672268,36.1152253158945],[128.38557859051545,36.11487983573547]]],[[[128.38504336868354,36.084610465627264],[128.38480813824108,36.084674719677245],[128.3848388324281,36.0850365987529],[128.3850546220477,36.085069904152455],[128.38504336868354,36.084610465627264]]],[[[128.38453087318328,36.08453561576385],[128.38442083745798,36.084885190282506],[128.38472676080622,36.08501657119704],[128.38453087318328,36.08453561576385]]],[[[128.38467757368355,36.09928760920212],[128.38430923480107,36.09941729252484],[128.38461980260223,36.09955369707933],[128.38467757368355,36.09928760920212]]],[[[128.38465998615138,36.10092949581274],[128.38447749443273,36.10072983483295],[128.3844212162235,36.1009899010406],[128.38465998615138,36.10092949581274]]],[[[128.38427978419892,36.11981512786308],[128.3840937989788,36.11960707970986],[128.38434190784676,36.11955002052673],[128.38322721326634,36.119482486807215],[128.3831886388245,36.119660093600984],[128.38427978419892,36.11981512786308]]],[[[128.38222375798543,36.08457341067396],[128.38242170089651,36.08423559130242],[128.38274700877415,36.084283888417076],[128.38278040053078,36.08465068246742],[128.3828579545693,36.08429696142021],[128.38364108764222,36.084314884765845],[128.38369189491885,36.084049988324885],[128.38344282545808,36.084195836418786],[128.38362171382093,36.08385606419936],[128.38324079508126,36.084077245759545],[128.3832127907277,36.08370857653967],[128.38282317796072,36.08392666350209],[128.38298339139357,36.08422320263394],[128.38254896516307,36.08416000591972],[128.38285461928194,36.08374971144358],[128.38233930358777,36.08358316931945],[128.38213147657285,36.084009670299274],[128.38222375798543,36.08457341067396]]],[[[128.38224476863954,36.12401043741252],[128.3824253552692,36.12421748302462],[128.38317278886564,36.123899281498325],[128.3827623176019,36.123714856804824],[128.38281735410882,36.12344888777123],[128.38224476863954,36.12401043741252]]],[[[128.38199594365472,36.09917893026553],[128.38193853243723,36.09944331865496],[128.3826127481474,36.099452072794826],[128.38267062408923,36.09918499515348],[128.38199594365472,36.09917893026553]]],[[[128.38256952944317,36.14484486282098],[128.38188924825542,36.14481207539303],[128.38204346785287,36.14536052188278],[128.3823694162523,36.14536723414934],[128.38256952944317,36.14484486282098]]],[[[128.38131403789572,36.14226722884974],[128.38117810579732,36.142353364420345],[128.3819111390232,36.14477459161204],[128.3818227177067,36.143328699270086],[128.38218560335963,36.141910073899936],[128.38197278201454,36.14183380102586],[128.38176038869028,36.14106492178401],[128.38085994349927,36.14039945940847],[128.38045114658038,36.14055526192044],[128.38131403789572,36.14226722884974]]],[[[128.38132292274057,36.09350044261174],[128.3820577265907,36.093697987008184],[128.38209629092088,36.09351278978107],[128.38132292274057,36.09350044261174]]],[[[128.38087310677693,36.102307561746514],[128.38053362292237,36.10280827514413],[128.38122157544117,36.10272586723124],[128.38087310677693,36.102307561746514]]],[[[128.3798085703357,36.11496761793461],[128.38002798574965,36.11499098076179],[128.38027795229948,36.11384752825435],[128.38005967347573,36.11381277951552],[128.38011548012688,36.11355585072169],[128.38087412948576,36.11347354316858],[128.38061332354275,36.11334451318876],[128.3807690457521,36.113092892692926],[128.37853233681238,36.113047988288166],[128.3787752602621,36.11354571144575],[128.37902414195915,36.11339180788815],[128.37942400536275,36.11363199743823],[128.37941023663672,36.11317282702324],[128.38004628001227,36.113357181510914],[128.3798085703357,36.11496761793461]]],[[[128.37957915610963,36.10304171175586],[128.38049129592514,36.10298625727753],[128.38032627798268,36.103237344917126],[128.38054101476308,36.10327092952293],[128.38071041195838,36.10302246029238],[128.38000329249883,36.10273210790983],[128.37963692904725,36.10277571094229],[128.37957915610963,36.10304171175586]]],[[[128.3726045493308,36.12061930134741],[128.37254912031318,36.12088337013681],[128.3737318028582,36.12114558875692],[128.37356264133427,36.1208463232444],[128.37378687657355,36.120878048764524],[128.37374004275176,36.12059818465721],[128.37406620702333,36.120643010275614],[128.37412520016727,36.1203779636574],[128.37478020381795,36.12047107896802],[128.37541697742904,36.12065176152139],[128.37537974400797,36.12083011291261],[128.37605391382087,36.120836005477244],[128.37586766392604,36.12117466156562],[128.37628590102696,36.12132798142775],[128.376209913497,36.12168156348238],[128.37642067096118,36.12178012291065],[128.37532805311255,36.122106114299434],[128.37519459569722,36.12271707114598],[128.37413177453084,36.12294115519927],[128.37379142240297,36.12398671898249],[128.37469153040377,36.123478038127786],[128.37511949143112,36.12363036358325],[128.37513545239096,36.12300242699876],[128.37533719696845,36.12311146736741],[128.37530075962948,36.12274978444706],[128.37552275497185,36.12277231094269],[128.3753409441471,36.12256498214797],[128.37555902758257,36.12259495012444],[128.37563808255356,36.12223973735375],[128.3760932855972,36.12221293963292],[128.37615220688662,36.12194818312984],[128.37647961266458,36.12199444113111],[128.37653751495534,36.12172865804679],[128.37750017629935,36.12195764390293],[128.37777701865264,36.1217244890316],[128.37821841503677,36.12233419039913],[128.3789459176852,36.12253053761299],[128.37918764186674,36.12302977396353],[128.37953399381644,36.122982084446285],[128.37922200399623,36.123392781641755],[128.3798752501728,36.123487167661395],[128.37974282501412,36.124108877605615],[128.38031133026738,36.124097879130154],[128.380147073734,36.123800479059824],[128.380475957203,36.123846448559156],[128.38040840576198,36.12365469611127],[128.38066348475468,36.12350106190479],[128.38050717725474,36.12266036482581],[128.38025972384798,36.122719365553976],[128.3803390614873,36.122912413295765],[128.3800122068271,36.1228655540065],[128.38006952509807,36.1225987848457],[128.3796335874101,36.12253720333427],[128.37968955234916,36.122270471546884],[128.37901647157568,36.12226429327788],[128.37885278884497,36.121966422368075],[128.3786334695185,36.12193866256601],[128.3787745323736,36.122322957971974],[128.37844902618147,36.12227545440439],[128.3782496103525,36.12215456862028],[128.37832484865953,36.12180323332849],[128.3781056798519,36.121767412826934],[128.37827378496152,36.12151859362904],[128.37770998114613,36.12152811065148],[128.37775733331256,36.12126233844745],[128.3773774737885,36.121482650023054],[128.37637612429853,36.121431052848735],[128.3763451172359,36.12106141914623],[128.37703029747067,36.12097766627957],[128.37613235955249,36.1204876551614],[128.37689719159678,36.12059166768856],[128.3766860455745,36.12001252348809],[128.37730824663362,36.11973403575942],[128.37593811015955,36.11981352497352],[128.37578212056476,36.12052347071147],[128.37538464588854,36.12028289693584],[128.37570010131037,36.11986900145773],[128.37480300553503,36.11983426030379],[128.37509566069104,36.120059398227994],[128.37503659079223,36.12032481204449],[128.3743835048877,36.120231364298505],[128.3739309438304,36.119710020006536],[128.37323507740808,36.11979473006375],[128.37313980016202,36.12023643465008],[128.37187708563928,36.120332781310616],[128.37195141865269,36.12052505508342],[128.3726045493308,36.12061930134741]],[[128.37478774876462,36.12303640738609],[128.37471218579728,36.12338053430081],[128.37423469609845,36.12350442844855],[128.37433192268057,36.12306752534506],[128.37478774876462,36.12303640738609]],[[128.37277054214206,36.12036587299503],[128.3732301220895,36.12034133398605],[128.37317231754704,36.12060732717906],[128.37274323343755,36.1205460707559],[128.37277054214206,36.12036587299503]]],[[[128.3806402897547,36.083617586046074],[128.37916180027455,36.08367749588384],[128.37899187189873,36.083927322931935],[128.3796268274176,36.08410979853719],[128.3806402897547,36.083617586046074]]],[[[128.3804142014913,36.09190800584287],[128.3806012124725,36.091573137863854],[128.37971023242508,36.09153080083543],[128.37965179413342,36.09179916620977],[128.3804142014913,36.09190800584287]]],[[[128.37607765369617,36.09632168671323],[128.3767207883831,36.095954044348275],[128.37724787947963,36.09612102935853],[128.37730624618254,36.095853026502404],[128.37752401227402,36.09588798232173],[128.3773596996349,36.096137293558954],[128.378469194262,36.09619474722203],[128.37781513847978,36.096109061508365],[128.37779899870907,36.09566002395517],[128.37798730050937,36.09531160919881],[128.37864468947328,36.095406306732464],[128.37859795986014,36.094576397129394],[128.3797012837625,36.094733025072124],[128.37935999375895,36.09412980343422],[128.37898369341858,36.09435664712801],[128.37871337739958,36.09404307526928],[128.37965442007356,36.09381271608345],[128.37853308112304,36.093834706868755],[128.37843018828798,36.094826620125374],[128.37814530507512,36.09460254274612],[128.3778645422032,36.094836464591],[128.3773214380072,36.09475961339041],[128.37735469353538,36.09458061356678],[128.37661143148813,36.09438360788041],[128.37634652003834,36.09507683487239],[128.37532549882343,36.0951129645029],[128.37540302348754,36.09475214056956],[128.37508631457214,36.09517195635093],[128.3744678564047,36.09490035129968],[128.37462585151425,36.09574711637661],[128.37529663948726,36.095749914644614],[128.3754151519793,36.095219902615234],[128.37585122156258,36.09528137004668],[128.375863752758,36.09574003305883],[128.37540760301692,36.09576709074986],[128.37536996542232,36.09594538517969],[128.37592708850647,36.095932405403836],[128.37607765369617,36.09632168671323]],[[128.378391871075,36.09500589380303],[128.37789727500356,36.095207651091535],[128.37808357518267,36.09487357919505],[128.378391871075,36.09500589380303]],[[128.37767844271494,36.09517601446914],[128.37743733201074,36.095239745205205],[128.37745377989054,36.09569177657871],[128.3769265719947,36.095526637437594],[128.37693268336923,36.09497726793762],[128.37700412148604,36.09517164625114],[128.37733212565928,36.09521721240171],[128.37728530980473,36.094936775518015],[128.37767844271494,36.09517601446914]],[[128.37632787998004,36.09516705659143],[128.3761494298725,36.0955068795438],[128.37608965977157,36.09522494628068],[128.37632787998004,36.09516705659143]]],[[[128.37950139495928,36.09278514837635],[128.3794017334848,36.09294980122052],[128.37961695546232,36.092978919801325],[128.37950139495928,36.09278514837635]]],[[[128.37950226321587,36.10961867962253],[128.3778944437604,36.10975296623355],[128.379552745404,36.10990177070017],[128.37950226321587,36.10961867962253]]],[[[128.37928992459996,36.12359273447887],[128.3789907379897,36.12400082603783],[128.3795228101415,36.124075497229164],[128.37928992459996,36.12359273447887]]],[[[128.3788769904126,36.09196278250756],[128.3793230282987,36.09175158295641],[128.37888505684134,36.0916946681633],[128.3788769904126,36.09196278250756]]],[[[128.37800073357232,36.12413443418529],[128.3789955657881,36.12390916649507],[128.3789131116835,36.12325739679606],[128.3791769327911,36.12302078770659],[128.37885809281778,36.122975806460246],[128.37871803998445,36.12258764088331],[128.37853226910232,36.1229282914497],[128.37831269355559,36.12289777746717],[128.37819718518645,36.123436619273185],[128.37856178900728,36.12329950945696],[128.378427685737,36.12391876106339],[128.37707053835766,36.123909376954664],[128.37800073357232,36.12413443418529]],[[128.37889168543393,36.123348059743776],[128.3787772397149,36.12387811455259],[128.3785577977878,36.123847967176964],[128.37867173040652,36.12332545465851],[128.37889168543393,36.123348059743776]]],[[[128.3752499070071,36.07538644579221],[128.37519159196117,36.075557060505076],[128.37660614503116,36.0767456737797],[128.3765435383064,36.07691839299919],[128.37710394976685,36.07695929743126],[128.3772406993492,36.07722665539435],[128.37688552016076,36.07756404938864],[128.37723394222476,36.07755610570919],[128.37721644234608,36.077926144324174],[128.37751271381728,36.077432773857986],[128.37727530929908,36.07681122506775],[128.37645717571644,36.0765199701436],[128.37536250583648,36.07540962044581],[128.37534786985145,36.07512693432323],[128.37593967489207,36.0750813294531],[128.3769829663416,36.07570915672813],[128.37743659189744,36.076384008078],[128.37871102799113,36.07668991057451],[128.37849106107424,36.07729342077894],[128.3787045776915,36.07734184735901],[128.3790180512637,36.076477151006614],[128.3784601799038,36.07644005703707],[128.3775492206217,36.075749940666796],[128.377202133881,36.07576091291975],[128.3773677615466,36.07561187909344],[128.37438995278504,36.07301506000011],[128.37418586186465,36.0732419580039],[128.37437909427655,36.073665111955066],[128.37469941890456,36.073747592450296],[128.3744506613265,36.0737808277991],[128.37426231448072,36.074297662747355],[128.37454756815265,36.07446340133096],[128.37442339279636,36.07480594400324],[128.3752499070071,36.07538644579221]]],[[[128.37577988234543,36.109634437645965],[128.3753950751704,36.10985388228715],[128.37536097167683,36.10948672609747],[128.3752775833695,36.110386511099136],[128.37471250130986,36.11039798158539],[128.37463540673605,36.110751867840364],[128.37434927403072,36.11052837628509],[128.37377945878654,36.11053870357738],[128.37374203093202,36.110717988738514],[128.37441557673972,36.110720952020166],[128.3741382723187,36.11095379617857],[128.3747572618753,36.11122727735174],[128.37492877192653,36.11097755363964],[128.37758575032564,36.11117525752176],[128.37762919595454,36.11099701765827],[128.37898640481222,36.111007649588245],[128.37748568315232,36.11061191003043],[128.37744648865365,36.11078805629052],[128.37562123535778,36.110889755759466],[128.37571610602038,36.110447410979155],[128.37552922298065,36.110787798049365],[128.37531186454171,36.11075562555456],[128.37577988234543,36.109634437645965]]],[[[128.37556960587648,36.15966339783386],[128.37599504576073,36.160447842110976],[128.37545737757486,36.161181244942455],[128.37563058062514,36.161904108454706],[128.37692813942292,36.1617802814888],[128.37781063249858,36.16199287694032],[128.37796666548573,36.16150670866729],[128.37861293407693,36.16134455536299],[128.3786448821626,36.16059559299118],[128.37817006061744,36.16074401951342],[128.37642652152925,36.16050830162031],[128.3769340645288,36.15957244527191],[128.37754886153377,36.160161858742285],[128.37833833481506,36.1600792230274],[128.37855325986214,36.159878497212254],[128.37844768677772,36.159353392609354],[128.37783526445588,36.15946658274157],[128.3776250404604,36.159245826221614],[128.3768220230434,36.1592138215712],[128.37556960587648,36.15966339783386]]],[[[128.3780343337794,36.08854381183876],[128.37760503443155,36.088759627853925],[128.3782806609565,36.08876584539891],[128.3780343337794,36.08854381183876]]],[[[128.37802461319478,36.08680750422092],[128.37819610266277,36.08655850587744],[128.37785071295878,36.08660244458981],[128.37802461319478,36.08680750422092]]],[[[128.37745014214588,36.16364963798422],[128.37811701248987,36.16248883309681],[128.37664563991984,36.16207513038926],[128.37624648765896,36.16226510892778],[128.3755057012869,36.16214997835886],[128.37515341614238,36.16353801823797],[128.3756422891536,36.163593972345424],[128.37568959840738,36.16309862387075],[128.37592863825222,36.16327610274398],[128.37628266946868,36.162464367105265],[128.37648697714576,36.16308859345755],[128.37690406916133,36.16313407947377],[128.37745014214588,36.16364963798422]]],[[[128.37740255206646,36.12294749757983],[128.37778447406654,36.12273136236977],[128.37758571045615,36.12261202514854],[128.37740255206646,36.12294749757983]]],[[[128.37737724526187,36.09293779637393],[128.3777048714284,36.09298334793503],[128.3777407447763,36.092806379695844],[128.37737724526187,36.09293779637393]]],[[[128.37757154563153,36.10943327181785],[128.37744211156323,36.109779495601195],[128.37767680345905,36.10972183002957],[128.37757154563153,36.10943327181785]]],[[[128.37761950473597,36.11154752903032],[128.37739581407533,36.112059918586745],[128.37756983865827,36.11281777920748],[128.37761950473597,36.11154752903032]]],[[[128.37537254353208,36.1130541307434],[128.37573405849517,36.11301282812066],[128.37542151237798,36.11278896497534],[128.3746497649428,36.112768486565564],[128.37444568742538,36.11319322457238],[128.374659556963,36.1132275529875],[128.37487396214843,36.11380776910318],[128.37473987932765,36.11442786446924],[128.37611096439912,36.11434761117535],[128.37578542432027,36.11375291202413],[128.37603604982715,36.11314882739161],[128.37750863475205,36.113084642744305],[128.37537254353208,36.1130541307434]],[[128.3755003692911,36.11352932478249],[128.3755693597542,36.11372203979699],[128.37523750330854,36.1136745711011],[128.3755003692911,36.11352932478249]]],[[[128.3724527508518,36.07828386229392],[128.37229622386135,36.078710099996535],[128.37187040923303,36.078609689845564],[128.37166747796576,36.07884155812449],[128.37107296625635,36.07888841851761],[128.3706392791284,36.07944027131966],[128.3718092921295,36.07972130656779],[128.37207828982753,36.079316165190505],[128.3722245609563,36.07954152756751],[128.37371244217132,36.07989988746382],[128.37398696968594,36.079781875068434],[128.3738541793468,36.08077932217466],[128.37407709530905,36.08111453834936],[128.3745253247318,36.08084439625147],[128.37465029309752,36.08050146883376],[128.37440661290634,36.08053488392776],[128.37447059706352,36.080366770199724],[128.37540320568033,36.08002881344844],[128.3755533007479,36.08025104492793],[128.3760784305131,36.08009616413539],[128.37742492586597,36.08051489707778],[128.37748877842978,36.08034241097823],[128.3764245186248,36.08008581827411],[128.37665546855533,36.079765211927686],[128.37634310669446,36.07967992230474],[128.37663377995577,36.079196771486245],[128.37557985012623,36.07922438776897],[128.37502616888818,36.078525939702004],[128.37407232325154,36.07829510193965],[128.37405739711616,36.078009752594326],[128.37331624971205,36.0778300424944],[128.3724527508518,36.07828386229392]],[[128.3746055227318,36.0787086114852],[128.37445652899535,36.079136769634005],[128.3746977370987,36.07910290793362],[128.37507569639968,36.07966398906199],[128.37406370614417,36.079895157996404],[128.37406027155336,36.078633762174746],[128.3746055227318,36.0787086114852]]],[[[128.3773514129646,36.09301668171027],[128.37730372255223,36.09274286633872],[128.37706573675436,36.092801513974656],[128.37709965048816,36.093174509497985],[128.3773514129646,36.09301668171027]]],[[[128.37473366272158,36.08954074279193],[128.37465276845703,36.08989250439397],[128.37417844320075,36.09000938782936],[128.37422053139053,36.089287467558],[128.37383195825413,36.08849293916414],[128.3741498345229,36.08753868903444],[128.37389879249974,36.087132005761994],[128.37321268479158,36.087400655889546],[128.3726069363933,36.08685657679814],[128.3722604916793,36.086901021561665],[128.37192108414015,36.08794692706988],[128.37220914767238,36.08817429248374],[128.37211453748407,36.08861458380668],[128.37281925562468,36.088991957261264],[128.37319369798314,36.08987069392224],[128.37288588317912,36.09128848437978],[128.37317480239093,36.091514952473986],[128.37313291100162,36.09223868126981],[128.37400699279902,36.09291314383598],[128.3746930441014,36.09282846638024],[128.3745395112624,36.093539622259094],[128.37475852087658,36.09356736251834],[128.3748352121529,36.09321525676053],[128.37503406711267,36.093335514602664],[128.37455280791474,36.09399801910724],[128.37544797639913,36.09403367411703],[128.3752857649663,36.093736123343696],[128.37543619622807,36.09357538972393],[128.37596069555934,36.09374162710684],[128.3756810378585,36.09397537456421],[128.37679767448486,36.094043630693186],[128.37675815761156,36.092667017615554],[128.37719690479025,36.092725717281446],[128.3772522600815,36.09246073622445],[128.37690435609852,36.09250379479126],[128.37667435396594,36.092012430374815],[128.37683269101055,36.09176326795041],[128.37653235571412,36.091626179829575],[128.3765707125251,36.091449586159634],[128.37698945214245,36.09159985965613],[128.3770851299893,36.09115845146593],[128.37732517117792,36.091098702436284],[128.37701432309626,36.09096427305027],[128.37700714427635,36.08995812844526],[128.37489196447154,36.08983654864626],[128.37502983782576,36.08967553315159],[128.37473366272158,36.08954074279193]],[[128.37564639448857,36.091042904278055],[128.37606236513187,36.09119461413045],[128.37605731361325,36.09174268226904],[128.37644270407998,36.09152305517154],[128.37606998657228,36.09220209182669],[128.37665854629137,36.092103298191134],[128.37651898188457,36.0927223201949],[128.37573626484698,36.0927022394924],[128.375555263991,36.092492503008245],[128.37581398805392,36.09234614930955],[128.37568947950464,36.09187621352513],[128.37561395062966,36.09222704914695],[128.37528408752513,36.09218114171685],[128.37529574225684,36.0926393302987],[128.37440243903436,36.09260046525264],[128.37458903576092,36.0922651119427],[128.37422861193613,36.09221465451885],[128.37422602030387,36.09184791850544],[128.37376086358645,36.091411678898794],[128.37415805162456,36.090105907627695],[128.374376668335,36.0901321717307],[128.37430090624233,36.09048478909017],[128.37586919392766,36.09052819467236],[128.37564639448857,36.091042904278055]],[[128.37630492045653,36.09058776709311],[128.37635877899368,36.090869958613624],[128.3761398450048,36.09083898974552],[128.37630492045653,36.09058776709311]]],[[[128.3757793930098,36.1174109552617],[128.37592256299837,36.117249168935416],[128.37560058110677,36.117211152654164],[128.3757793930098,36.1174109552617]]],[[[128.3745898130675,36.161822250580194],[128.3750822457299,36.16138452096295],[128.37485630438687,36.160471711915235],[128.37510637796362,36.15983999524849],[128.37441637375366,36.160067230111316],[128.37481173833575,36.16049892417477],[128.37442508706857,36.16073113855173],[128.3739697424311,36.16050681490186],[128.37362716294126,36.16065493580093],[128.37371429591118,36.161386518818915],[128.37334496909827,36.161190309514666],[128.37335739915207,36.16181957838119],[128.37378497719047,36.16154867265069],[128.3745898130675,36.161822250580194]]],[[[128.37399582515567,36.12409941771931],[128.37488467735446,36.12414560703692],[128.374923181584,36.123967823410666],[128.37415915288886,36.12385990642337],[128.37399582515567,36.12409941771931]]],[[[128.37318788568143,36.16208860604813],[128.3729620573122,36.16242423482367],[128.37304735639043,36.16302349114527],[128.37414554595324,36.16330419260473],[128.37480849389544,36.16320003614114],[128.37490180801095,36.162295840553035],[128.3741261332762,36.162019623207755],[128.37318788568143,36.16208860604813]]],[[[128.37295316838248,36.085828549046376],[128.37446808839437,36.08478140324554],[128.37441380780965,36.08429941354126],[128.3732600961557,36.085244180662535],[128.3726323188938,36.08537510772989],[128.37227036989984,36.086038861714336],[128.37295316838248,36.085828549046376]],[[128.37306145313707,36.08547979494859],[128.37330162210893,36.085437065251426],[128.37323841256404,36.08560449325692],[128.37306145313707,36.08547979494859]]],[[[128.3710414247373,36.11068833660167],[128.37076498738443,36.11093050985186],[128.37380009928944,36.11099870921175],[128.37313758378178,36.11090213312885],[128.37321338617488,36.11054942951571],[128.37288716463138,36.11050162369871],[128.37294270327942,36.1102355949778],[128.37009316906622,36.11037993732353],[128.37016582467393,36.11057103782407],[128.3710414247373,36.11068833660167]],[[128.37276056736766,36.110578613298685],[128.372934280724,36.11078380474132],[128.37260836544777,36.11073679757774],[128.37276056736766,36.110578613298685]],[[128.3715155676337,36.11057992140679],[128.37127873996303,36.11063933613102],[128.371312790152,36.11046907989275],[128.3715155676337,36.11057992140679]]],[[[128.37374906167767,36.15222659448293],[128.37361419468536,36.15199537593825],[128.37331230104763,36.152029522482465],[128.37374906167767,36.15222659448293]]],[[[128.37232168387152,36.152005165044066],[128.37244715271754,36.15172104888211],[128.3728966852546,36.15182174697608],[128.3730574752615,36.15134948099605],[128.3721331420563,36.15131384737175],[128.37232168387152,36.152005165044066]]],[[[128.372767289868,36.160747672673104],[128.37105026693925,36.16131231496865],[128.3717704187797,36.16144161145234],[128.3729264127726,36.160994590610564],[128.372767289868,36.160747672673104]]],[[[128.37248213278815,36.16229149261929],[128.3728038695125,36.1616236231099],[128.37189776210383,36.16194270361664],[128.37195734579902,36.16226334582839],[128.37248213278815,36.16229149261929]]],[[[128.3704186739064,36.102640113894296],[128.37071141099398,36.102874829473244],[128.37048375435842,36.10338822381031],[128.3697757304208,36.10301589762259],[128.3691931384041,36.10311330494316],[128.36944203079761,36.103513887306924],[128.36941777719315,36.10414956831753],[128.37057144954733,36.104039287204415],[128.37085758186984,36.10425732481366],[128.37093504197094,36.103910594935826],[128.37139403807151,36.10388379074877],[128.37199212661724,36.10424452138251],[128.37185278486757,36.104409582741674],[128.3724311447347,36.104304285408745],[128.37271727239812,36.10452923749579],[128.37272871880657,36.103435125254414],[128.3723731244515,36.10246819013703],[128.37179009441527,36.10256858970524],[128.3718475298065,36.10230134815429],[128.37119557984911,36.10220928841266],[128.3704186739064,36.102640113894296]],[[128.3715143711468,36.10307290138187],[128.37178277817515,36.103116374733915],[128.37183141694354,36.103398015626766],[128.37139834477392,36.10333624652598],[128.3715143711468,36.10307290138187]]],[[[128.3726521937974,36.10223513857845],[128.37241386066748,36.10229238442261],[128.37261244503412,36.10241188555952],[128.3726521937974,36.10223513857845]]],[[[128.3715881874484,36.11287808698328],[128.371163150751,36.1127256973879],[128.37134862154028,36.112387939298],[128.3716571832151,36.112522342576355],[128.37169589797574,36.11234841139943],[128.37153679999662,36.11204484762437],[128.37136721606774,36.11230587881968],[128.37144645523873,36.111940876989465],[128.37122635059322,36.111913978247514],[128.37105346057385,36.112709877388475],[128.37081581157057,36.11276856409134],[128.37075159305758,36.11358066227652],[128.37051320898044,36.113640787917845],[128.37049825285573,36.11318200801407],[128.37024491292868,36.113327432870115],[128.37006358167304,36.113117423438396],[128.36981821292576,36.11372321038135],[128.36914990813085,36.113719636389874],[128.36921860053775,36.113363211919555],[128.369001579224,36.11333140413453],[128.36890745302685,36.113775916072264],[128.37167725338523,36.113989671412114],[128.37194190737853,36.11329592072422],[128.37137591910192,36.11330172670671],[128.3715881874484,36.11287808698328]],[[128.37129087851056,36.11317444886548],[128.37093886504795,36.1132430632694],[128.37089363436417,36.112881843964175],[128.37134278681725,36.112934801789116],[128.37129087851056,36.11317444886548]],[[128.37039271506606,36.113707561116755],[128.37003744830918,36.11375484806547],[128.37010890181293,36.11357823062085],[128.37039271506606,36.113707561116755]]],[[[128.35798568508594,36.14658389553682],[128.35787971311964,36.147248674353456],[128.35926225754662,36.14725440081265],[128.35940324231316,36.1473361767871],[128.35906953266783,36.14746501433617],[128.35933150342626,36.147921165555964],[128.36017766907185,36.147741700080466],[128.36022582197708,36.147238004219794],[128.36044422457135,36.147224954517725],[128.36047708916036,36.147996045179724],[128.36234994030747,36.14782864056734],[128.3624290097276,36.147441042971906],[128.36300741138746,36.147371955081894],[128.3635091642131,36.14773804382174],[128.36459657533325,36.147524621539176],[128.36500025062773,36.148871478397886],[128.3653006697502,36.14877716051279],[128.36555522497588,36.147787654998275],[128.36585443022176,36.1480539785446],[128.36583726546962,36.14838851536349],[128.3666188580308,36.148498237764905],[128.36697461307182,36.148929471477906],[128.3667359301824,36.149129532713985],[128.36698059600596,36.15069528793007],[128.36769551262444,36.15038266276065],[128.3674193989596,36.14931045445694],[128.3675866047312,36.14866885231864],[128.36797548797418,36.14969473895612],[128.36783852227086,36.14998670532531],[128.36807672009922,36.1510354062149],[128.37083460879336,36.15095769109962],[128.37116310446623,36.15243321239933],[128.37098875276436,36.15270981060233],[128.37173408912017,36.15291129971013],[128.37186704186396,36.15225048696507],[128.37159623337374,36.15007016788369],[128.37064510612228,36.14889669962687],[128.3694024709336,36.14787665734079],[128.3688333247131,36.146850573363274],[128.36833090797742,36.14677812807522],[128.36842956897695,36.146232289229744],[128.36766598573325,36.14663550664184],[128.368444952678,36.14687175833259],[128.36838211038443,36.14783141045132],[128.3675241237989,36.14787252928898],[128.36732432684676,36.14704712972458],[128.36683572371922,36.146962870470965],[128.36643098935048,36.146160705509985],[128.36650622837396,36.14571359946539],[128.36711384899817,36.14558161798149],[128.36646605504862,36.1455650014815],[128.36623156576482,36.14517627355973],[128.36554252656435,36.14601132860888],[128.3633033992391,36.146211099482365],[128.36347480664855,36.146906607039455],[128.36328387868,36.147028204561444],[128.36305216160795,36.147019647728555],[128.36300788000142,36.14620330227487],[128.36201205990503,36.14626282247665],[128.36227245161308,36.14635581663176],[128.36233228276578,36.14686748531611],[128.36214616570933,36.146942989199694],[128.3617420961777,36.146295531183966],[128.35798568508594,36.14658389553682]],[[128.3656424057921,36.14670308971917],[128.36589728418545,36.146846489664576],[128.36568937448902,36.14736825792534],[128.3656424057921,36.14670308971917]],[[128.36564606805146,36.146058786436356],[128.36558855545363,36.14656385635681],[128.3653577388566,36.14653127289489],[128.36564606805146,36.146058786436356]]],[[[128.37135722810896,36.11805935871116],[128.37147920768624,36.118536657506205],[128.37156188431044,36.1176321565658],[128.37032115715476,36.11763796601067],[128.3702632755935,36.117904278776436],[128.37135722810896,36.11805935871116]]],[[[128.35092519592564,36.08379002280301],[128.35054624038895,36.084640782178575],[128.35231876054894,36.08516486516743],[128.3524955806432,36.08501916032311],[128.35262362654493,36.085614500015616],[128.35333680360623,36.08588049650542],[128.35329710267436,36.086622154956146],[128.35270050351062,36.086667316337625],[128.3524726559474,36.08633088737152],[128.3509883197193,36.085970397569],[128.35075886957367,36.08563390937965],[128.3509302701465,36.08548742192469],[128.35021684797587,36.08522226080694],[128.3502832924654,36.085989114267875],[128.3498500251867,36.08654160741145],[128.3504105852335,36.08752686147936],[128.34964907407823,36.087716224418635],[128.3493961166095,36.08840671250455],[128.34993794388853,36.08882235956319],[128.34981313346424,36.08916627126558],[128.35030315338417,36.08909474749708],[128.35029111831676,36.08881092176528],[128.35092872012873,36.088965410849205],[128.35058047665575,36.08991523949604],[128.35110856564418,36.09004348658296],[128.3510593973837,36.09050088798525],[128.3516963403775,36.090655233873264],[128.35200884959943,36.090449320272796],[128.35360252568117,36.09083420933796],[128.35271260977498,36.09230911817365],[128.35190551014878,36.092304433045065],[128.3519186326731,36.092589764189604],[128.35092508096056,36.09244314116474],[128.35174476663957,36.09273568789514],[128.35207498786102,36.0930979292581],[128.3519813640708,36.0933559194496],[128.3524500417046,36.09365847898937],[128.3521965601599,36.09434647032541],[128.35228274222476,36.09474588316686],[128.3528237443956,36.09516243568072],[128.35265841213786,36.09624585732268],[128.35295808327714,36.096694151063765],[128.35365280441184,36.09733305663867],[128.35428725514438,36.09748701422463],[128.35438247923366,36.09722869886529],[128.35505353126104,36.09729458097213],[128.3551174325353,36.0971246490944],[128.35516275737527,36.097321973898936],[128.35550745239527,36.09731160981779],[128.35623872118552,36.09880475654851],[128.35780033798412,36.09927784482296],[128.35775090303048,36.09973224208776],[128.3574415713875,36.09993972780379],[128.35791856279616,36.100526279723546],[128.35782622031982,36.100786906205435],[128.35694288605188,36.1006681722238],[128.3566467370998,36.10115955334039],[128.35570049147535,36.101213926165435],[128.35547560382318,36.10181554196835],[128.35519247059588,36.101652124203234],[128.3552587467451,36.102421351402675],[128.3554575558352,36.10250320126278],[128.35498066118552,36.102543735000516],[128.35485347239992,36.102888753169374],[128.35450440644564,36.10289900475187],[128.35412894080736,36.10328223755817],[128.35457889678523,36.10395149667716],[128.35411366072896,36.104587655549985],[128.3529678281415,36.10487726472394],[128.35285117176304,36.10456818635819],[128.35302179886693,36.10437264655153],[128.3528790131875,36.10447772509585],[128.35255461643374,36.10440175699707],[128.35264569220746,36.104799996195055],[128.35186907705705,36.104706337967386],[128.3517755980001,36.104961816359705],[128.35217321459936,36.10544012860336],[128.35197161449608,36.10566254634227],[128.35182830939337,36.10544340657554],[128.3515504152069,36.10557056700738],[128.35180741850357,36.10582001357682],[128.35152293631512,36.1065980393358],[128.3537353684889,36.10562695917381],[128.3538589867065,36.10528172127014],[128.35368280640904,36.10514453288504],[128.35622722656458,36.103877863369824],[128.35656778579224,36.10358332120669],[128.35665408803703,36.10304231304398],[128.357248767636,36.1029986772783],[128.35707762951202,36.10314412984641],[128.35719495267554,36.103455203556614],[128.35751495436142,36.103531672979344],[128.3577664691011,36.10284261788159],[128.35755306809426,36.102792234895205],[128.3577995048459,36.10275229344189],[128.358155501389,36.102091785488994],[128.3578407699155,36.10200894999223],[128.35803807997732,36.101780901221716],[128.35783905046551,36.10106786526749],[128.35811347080644,36.10095109020349],[128.35826439423803,36.10023602283479],[128.35979160707674,36.09985336698538],[128.3602918407827,36.10006488823564],[128.36045885766225,36.09991903366747],[128.36014281460115,36.099842319745086],[128.359949769116,36.099421407790814],[128.36055484861973,36.09965959474099],[128.3606528649934,36.09940225491566],[128.36127874092915,36.09926998020097],[128.3613578721963,36.096849398981064],[128.36216403434557,36.09685242193833],[128.36226378588617,36.09753776851497],[128.36247437936524,36.097583832592605],[128.36339089596393,36.09761853256718],[128.36455893603411,36.09696258821681],[128.3651580945922,36.09691779046708],[128.36593807671218,36.09729575775734],[128.3662106040264,36.09783062550157],[128.36684593652654,36.097982488537426],[128.37043377490946,36.098004636326095],[128.3705583129836,36.09323721209963],[128.37021792011043,36.093534448214925],[128.3696501870674,36.09349094266993],[128.3689415646412,36.093225655202325],[128.368812387501,36.092629784037634],[128.36712251018892,36.0925033963221],[128.3669312329827,36.09302111318445],[128.36711038782482,36.09316378594708],[128.3668450072552,36.09356195940192],[128.36696717256714,36.09387408773794],[128.36618891455595,36.09378260198343],[128.36587654934954,36.09304934029242],[128.36486090535834,36.092991572713274],[128.36399476738276,36.09250126694368],[128.35908499918443,36.09140649498103],[128.3591406872343,36.09123445896912],[128.36069330723396,36.091701173013384],[128.36086182176754,36.091554871924956],[128.35877251622554,36.09095522572508],[128.3587888725451,36.09058553511928],[128.35827988780403,36.09008372272629],[128.35829956540042,36.089711476678204],[128.3587519109279,36.08784910196482],[128.3589959257493,36.08781321940864],[128.35955772653804,36.08691532896326],[128.35990743635332,36.08690284643382],[128.3604070318544,36.08617956927843],[128.36111863291026,36.08644671587857],[128.3612636038638,36.08732603453377],[128.36197043679653,36.087593967890676],[128.36156765914066,36.08805812792776],[128.3618687621812,36.08813580871901],[128.36168970767866,36.08836902537438],[128.36214546705764,36.08838448833641],[128.36202721203736,36.08807568215504],[128.36249198594876,36.08837570572801],[128.36304672959002,36.0881377019304],[128.3631801243185,36.08873058823916],[128.3643142829906,36.08909800709996],[128.36473086118644,36.08891468286258],[128.36522843090484,36.08819118773877],[128.36607874519785,36.08839676177716],[128.366451532696,36.08896018209342],[128.36626814244326,36.0894739017494],[128.36665647818805,36.08966387611106],[128.37034530754875,36.08876964656884],[128.37021646124336,36.08817095758573],[128.37062654794212,36.08705197851617],[128.37098311233984,36.086396756347646],[128.37137603707725,36.086288681825934],[128.3706973838095,36.08622521563717],[128.37072147448964,36.08679204976089],[128.3702332197601,36.08686314546625],[128.3698722682707,36.087527956876805],[128.3680027330301,36.087264286266326],[128.3672426808413,36.087738275720525],[128.36641786532078,36.08715968283013],[128.36648739166452,36.08633406152501],[128.36563943161744,36.086128636392445],[128.3655826269256,36.08564420729479],[128.36516051301268,36.08554252124138],[128.3647857614666,36.08592281246323],[128.3646701888383,36.08655216246692],[128.3641414661172,36.086424492365346],[128.3641282489639,36.086137875161995],[128.36353066599213,36.08618644219374],[128.36447105401598,36.086787851259196],[128.3644046434276,36.086955451194676],[128.36388125437847,36.087114135446846],[128.36282301781034,36.08685793079162],[128.36253509173707,36.08669420114225],[128.3625474323398,36.086039366691445],[128.3633506448509,36.08604565243048],[128.36369574171692,36.08574962198509],[128.36398102658669,36.08591463693897],[128.36383060897447,36.085691151928735],[128.3640513619924,36.08508678164781],[128.36298747401727,36.08482950248417],[128.36310184822193,36.08419920593357],[128.3622424429865,36.08370876777638],[128.36224867940444,36.083051809055064],[128.3620360112292,36.083002197337315],[128.36172136043166,36.08386458039138],[128.3623262171099,36.08410607796146],[128.3620310584842,36.08459583038669],[128.36225279928908,36.08493698010417],[128.36200299420116,36.08562009665264],[128.36140501117274,36.08566952990795],[128.36106085039145,36.0859624495848],[128.36046093031825,36.08572218739397],[128.35909241894603,36.08407645397788],[128.35836650810975,36.08352371306942],[128.35801724302718,36.08353408538142],[128.35803080997056,36.083174442219715],[128.3579658570266,36.08333363501535],[128.35733362033088,36.083180659323034],[128.35784905323092,36.083030396076296],[128.3566838831754,36.081801641890486],[128.35618384248463,36.081586801511456],[128.35677923663135,36.0824808596839],[128.3560048241055,36.08332862621067],[128.35487980549712,36.08324752246388],[128.35481725214643,36.08341993720832],[128.35506017842127,36.08338743177522],[128.35461099819426,36.08459078978008],[128.35398488391718,36.08443919730023],[128.35349747284923,36.08385239880221],[128.35282247654968,36.08350117434124],[128.35208488182005,36.08360450436218],[128.35119243194205,36.08320033350988],[128.350958895915,36.08351711535509],[128.3503290557158,36.083649239474],[128.35092519592564,36.08379002280301]],[[128.36602980666842,36.08666849597506],[128.3659677074686,36.08648988922833],[128.3663170117302,36.08647889320169],[128.36602980666842,36.08666849597506]],[[128.36377160711984,36.08774469763431],[128.36423051133178,36.08748030063133],[128.36474678717437,36.08760490666794],[128.36377160711984,36.08774469763431]],[[128.36376052309043,36.0884030969673],[128.3635941238384,36.08855084146625],[128.36347260591018,36.08824058696193],[128.36376052309043,36.0884030969673]],[[128.3625221522564,36.095253717319196],[128.3625787532342,36.09573093251535],[128.36232039089236,36.095480872428624],[128.3625221522564,36.095253717319196]],[[128.3623477589476,36.086270137006736],[128.36214080375532,36.08650335887582],[128.36185211371236,36.08634371119741],[128.36205445483483,36.08610820740763],[128.3623477589476,36.086270137006736]],[[128.36163524005025,36.096724069122324],[128.3611636998928,36.09641740843081],[128.36091465294132,36.092039581589646],[128.36169506399162,36.09213270764773],[128.36181345600139,36.09244573510206],[128.36217519623185,36.09619750460671],[128.36201708417292,36.09662693759248],[128.36163524005025,36.096724069122324]],[[128.3621350439668,36.09360737571515],[128.3619688535319,36.09360260197998],[128.3620587082931,36.093356430484384],[128.3621350439668,36.09360737571515]],[[128.36146891222208,36.086438296406314],[128.36172624916628,36.08668732426058],[128.36153651612042,36.08720267898627],[128.36146891222208,36.086438296406314]],[[128.35508159213265,36.091851056557445],[128.3554971221787,36.091668074290915],[128.35634426349685,36.091873069047985],[128.3577078538412,36.091639379047216],[128.35887627934756,36.09192104897303],[128.35898801764966,36.092886318048805],[128.36011400886906,36.09297171411097],[128.36035941560388,36.09387829130121],[128.36006467342685,36.09437070307612],[128.35939957665994,36.094307497265795],[128.358503319352,36.094838893131445],[128.35681913942727,36.094996144577465],[128.35576238704664,36.09474091255162],[128.35561727002553,36.093860172843],[128.35444996485043,36.09357748028636],[128.3543516743678,36.09383549706005],[128.35403571531404,36.09375997412182],[128.3537242135864,36.09302412507271],[128.3534778692948,36.0930627727434],[128.35352271692435,36.0932592432973],[128.35294696655862,36.092931835016536],[128.35342312018884,36.09257918228399],[128.35337206821976,36.092094762396066],[128.35496635687366,36.09247996201678],[128.35508159213265,36.091851056557445]],[[128.35599316249184,36.085584807726825],[128.35690668718655,36.08561561143955],[128.35712460436054,36.085022210178714],[128.35763955537732,36.08457218884974],[128.3579569650321,36.08464706990313],[128.35820968368202,36.08396003450328],[128.3579884934978,36.083624483120964],[128.3588162970866,36.08419863911964],[128.3591279808604,36.084930179811494],[128.35976624657357,36.08508514676382],[128.35970095798345,36.08525658117075],[128.3593830256128,36.085180592400576],[128.35928951391267,36.08543836714288],[128.35969318914107,36.085914465500316],[128.35934388770215,36.08686259349529],[128.35881566012952,36.08767326996322],[128.35832600742444,36.087745723591134],[128.35813468589515,36.08826690709322],[128.3561031434835,36.087489801723386],[128.3561985418254,36.0872307302488],[128.355698987285,36.08701208544448],[128.35599316249184,36.085584807726825]],[[128.35968503731775,36.0963473089221],[128.3593679136835,36.096271057395434],[128.35946018305907,36.096018300137445],[128.35968503731775,36.0963473089221]],[[128.3582286846019,36.095899912909],[128.35824032336868,36.09618564321941],[128.35799585978614,36.096220776185426],[128.35714372150383,36.096015892723635],[128.35737060351022,36.095783476476825],[128.3582286846019,36.095899912909]],[[128.35798804544672,36.096876794481275],[128.3575405362545,36.097145513911066],[128.35698211990328,36.09710392548883],[128.35671997218805,36.096849058967585],[128.35704118315908,36.09664329240783],[128.35798804544672,36.096876794481275]],[[128.357609563208,36.08418775819659],[128.35726461575152,36.08400880199356],[128.35735616406473,36.08375799247029],[128.35782670048835,36.08405186877501],[128.357609563208,36.08418775819659]],[[128.35724593221227,36.102053010349344],[128.3576789798342,36.10150391558356],[128.3576271958142,36.10196102648091],[128.35724593221227,36.102053010349344]],[[128.3570006325148,36.09861265487889],[128.35626055870213,36.098433659162616],[128.35588570416843,36.0978732497976],[128.3556515512681,36.09724920531561],[128.35592667050463,36.0971301421546],[128.3559149319191,36.09685040755137],[128.3560327706941,36.09715796887122],[128.35709444122466,36.09741334958],[128.35696899682287,36.0977583575493],[128.35728722660568,36.097836272657254],[128.35722439661004,36.09800943490086],[128.3576072651943,36.09791337791694],[128.35758467372133,36.098284360601],[128.3570006325148,36.09861265487889]],[[128.35699215302105,36.1027445709493],[128.35707499169527,36.10220441270869],[128.35753163401543,36.10222016212763],[128.35699215302105,36.1027445709493]],[[128.35700737267544,36.08376153199986],[128.356367634763,36.083605218800706],[128.35660214511503,36.08337443962563],[128.35700737267544,36.08376153199986]],[[128.35655346471816,36.08468295937456],[128.35681852394495,36.08427936147165],[128.3566513339253,36.08536600084117],[128.35587448859854,36.085272510562724],[128.35634051875243,36.08463423193906],[128.35655346471816,36.08468295937456]],[[128.35592646773725,36.08386960866676],[128.35577301628118,36.083645181415136],[128.35507345603142,36.08366820029842],[128.35533155773592,36.08335455750983],[128.35594418623444,36.08350286538212],[128.35592646773725,36.08386960866676]],[[128.35563776735748,36.087192766941776],[128.35538992234336,36.08722449927232],[128.35558737261266,36.08699049616868],[128.35563776735748,36.087192766941776]],[[128.35553121015573,36.08433789723007],[128.35552904487537,36.084624561541574],[128.35495479962685,36.084298054578],[128.3551563376202,36.08415855173446],[128.35553121015573,36.08433789723007]],[[128.35451763002882,36.09528278226933],[128.35436371870352,36.094121383352785],[128.35468137858535,36.09419731061037],[128.35448183468324,36.09443134304027],[128.35487428642685,36.09462142882219],[128.3550715494964,36.09504415831905],[128.35549479927832,36.09514662441064],[128.3549951357012,36.09587017270716],[128.35451763002882,36.09528278226933]],[[128.35532909559177,36.086173377907556],[128.35544290938927,36.08676668884752],[128.35505999516943,36.0868634489234],[128.35532909559177,36.086173377907556]],[[128.35335494186333,36.08551199351087],[128.35373787968877,36.085412902625265],[128.35409758352208,36.08474927166614],[128.35444640006912,36.08473995936097],[128.35435362170412,36.08594421437513],[128.3538901761102,36.08657590486095],[128.35350835167685,36.08667523691437],[128.35335494186333,36.08551199351087]],[[128.35318251768777,36.08755403062923],[128.35300036060315,36.08805551822102],[128.35403242897175,36.088399232496094],[128.35390586488876,36.08874403682047],[128.35249032169986,36.08849688089193],[128.35271208842042,36.087894589309364],[128.35318251768777,36.08755403062923]],[[128.3539303612064,36.09467428823331],[128.35386639866317,36.094846553425185],[128.353439020669,36.09474344948267],[128.3539303612064,36.09467428823331]],[[128.3529729717701,36.094442044780074],[128.35306533238932,36.094189594750695],[128.35363837798272,36.094510155145336],[128.3529729717701,36.094442044780074]],[[128.35349525264735,36.09616734551121],[128.35350981174668,36.096451164118704],[128.35332837743243,36.096312252615874],[128.35349525264735,36.09616734551121]],[[128.35300109412296,36.088996848258816],[128.35290706573747,36.0892553610267],[128.35241833721537,36.089326208665746],[128.35257216790976,36.08890517854966],[128.35300109412296,36.088996848258816]],[[128.35278907991503,36.10502421728559],[128.35297458669186,36.10515876856836],[128.35259449760693,36.10525499953403],[128.35278907991503,36.10502421728559]],[[128.35277183277876,36.09403788290076],[128.35282303470595,36.09421851182953],[128.35257786848229,36.09425416520562],[128.35277183277876,36.09403788290076]],[[128.35199228125296,36.08480460454724],[128.35206824825886,36.084270396569295],[128.35239460958445,36.08433658730704],[128.35199228125296,36.08480460454724]],[[128.3520421971022,36.08782465587781],[128.35183028312483,36.08776989162736],[128.35193253694496,36.087509395221815],[128.3521375327787,36.08756418210084],[128.3520421971022,36.08782465587781]],[[128.35184605274767,36.08646588745729],[128.3518583068716,36.08674625322173],[128.3516468537233,36.08669435145897],[128.35184605274767,36.08646588745729]],[[128.35071576684965,36.0871270546226],[128.35143146698238,36.087582462285745],[128.35066515208337,36.0874911499894],[128.35071576684965,36.0871270546226]],[[128.35107550458162,36.08414449071227],[128.3510376919245,36.083920670179815],[128.35136094507075,36.0839923309005],[128.35107550458162,36.08414449071227]],[[128.35049366521238,36.086133183697704],[128.35102834945783,36.086169321697234],[128.350644771788,36.08626521109079],[128.35045570340705,36.086782141951744],[128.3506823859857,36.08711797972382],[128.35028610885496,36.086929342813995],[128.35049366521238,36.086133183697704]]],[[[128.35306890092028,36.104337983305044],[128.35336672484678,36.10440916353857],[128.35335808621656,36.10412516665501],[128.35306890092028,36.104337983305044]]],[[[128.3708548310449,36.16137561714356],[128.36933987057458,36.16192841431187],[128.36963678793327,36.16202305275287],[128.36945502385458,36.16223727077777],[128.37027178491326,36.162242820920504],[128.3706164717591,36.16210934139005],[128.3708548310449,36.16137561714356]]],[[[128.36989847442834,36.15143621689866],[128.36998302018202,36.1518648182508],[128.37085063763504,36.15153670819453],[128.36989847442834,36.15143621689866]]],[[[128.37066204330588,36.10149231557357],[128.37050298140792,36.101744199585234],[128.37072373860522,36.10177490344087],[128.37066204330588,36.10149231557357]]],[[[128.36226270615936,36.10542510270258],[128.3624675514656,36.105198457002246],[128.36257878364856,36.105511197492206],[128.36224154373005,36.10580129598404],[128.36309064566242,36.10600909318719],[128.3634795684973,36.10779771126231],[128.36329047430343,36.10831123987549],[128.36343974720083,36.108536255793815],[128.362753864669,36.1088419408456],[128.36277294162457,36.10940560331097],[128.36315414854678,36.10931247858115],[128.36314197220304,36.109031188808785],[128.36353708845328,36.109218603898114],[128.36349727211493,36.10902141578226],[128.36416380183212,36.109087033959966],[128.3643971862478,36.10876963799152],[128.36457685035188,36.108907726685814],[128.36516677597783,36.108578296671254],[128.36583242042326,36.108645332286784],[128.36623860256825,36.1081772214491],[128.36604062166725,36.10775487179026],[128.36621169235073,36.10760939203211],[128.3659964530129,36.10755541549652],[128.3661668080991,36.1074099944252],[128.36577541934372,36.10722045028751],[128.36634685523035,36.10566516926464],[128.36631563136078,36.10481348861563],[128.36652625755247,36.10486300168951],[128.36683984030003,36.104002350924],[128.36718301248885,36.10370881520218],[128.3684289460704,36.103160906286405],[128.36799956333064,36.103057183707875],[128.36844438726266,36.10278961923306],[128.36809083623984,36.10270320543067],[128.36746716154605,36.10292971663695],[128.36748658862078,36.102558184314255],[128.3676996770506,36.10260900335159],[128.36799731453073,36.10211738310455],[128.37016602882937,36.102170370820836],[128.3693467142137,36.10253976524365],[128.36952632514678,36.10267449687566],[128.37035844935062,36.10231559981487],[128.37045628513124,36.10045305909509],[128.37022587830938,36.10077667132475],[128.37030214132633,36.101835309675245],[128.3701304628014,36.10197380840152],[128.36387946806335,36.101967670254524],[128.36306090941125,36.101675892141365],[128.36312970928148,36.10085089622646],[128.362922519579,36.10079445501429],[128.3627188192568,36.101027337903474],[128.36297254441462,36.101279362412285],[128.3628053211513,36.101428504723096],[128.36276483132127,36.10122520858218],[128.36266574587782,36.10148536922646],[128.36287835227012,36.10153869617728],[128.36264419695667,36.101856010217546],[128.3611828071389,36.102068667100944],[128.36111845679193,36.10224014804336],[128.3626563693219,36.102141989597094],[128.36278434639095,36.102737791260495],[128.3626175580215,36.10288410150083],[128.36279653669857,36.10302681208956],[128.362641128328,36.10345296257119],[128.36301968161254,36.10335788823657],[128.3630610441635,36.10355717744822],[128.36340573734714,36.103266507035514],[128.36316378467714,36.10329580269798],[128.36336449930718,36.10306740727869],[128.36310776203243,36.10281248570662],[128.3632638422239,36.102383271204715],[128.3631124720834,36.10215957360875],[128.3644974572567,36.10249552791607],[128.3651261209886,36.102362462285434],[128.3649023809092,36.10296562646964],[128.3651160901554,36.10301922517843],[128.365022925617,36.10327796395993],[128.3662987980739,36.103586666197565],[128.36635238427,36.104070504727034],[128.36622681588315,36.10441486904544],[128.36573696090952,36.10448641876291],[128.36551610986447,36.105088129872755],[128.36572689470236,36.105141467875164],[128.3654917387951,36.10545954718195],[128.36340116901366,36.10486157222672],[128.36363179253087,36.104539597024285],[128.36314147778288,36.10461291225239],[128.36267211533837,36.10430929463822],[128.36226270615936,36.10542510270258]],[[128.3668343769359,36.10368701458336],[128.36655549427087,36.10383219406884],[128.3666812865277,36.103492202001505],[128.3668343769359,36.10368701458336]],[[128.36575326728294,36.105073410570505],[128.3658106708514,36.10459934722469],[128.36616045719123,36.10458642087295],[128.36594154817553,36.105190437008055],[128.36575326728294,36.105073410570505]],[[128.36538735171243,36.102333144951615],[128.365551314359,36.10246533682639],[128.36531729170338,36.10249986574365],[128.36538735171243,36.102333144951615]],[[128.36492675098702,36.107016335963536],[128.36516878651318,36.10698264817993],[128.365105590391,36.10715289600141],[128.36492675098702,36.107016335963536]],[[128.3642186944892,36.10515255181219],[128.36395437701816,36.1055578616015],[128.36449796543303,36.105972221127566],[128.36388483623236,36.1063844040648],[128.36474431731463,36.106877578181916],[128.36420111810685,36.107404217196596],[128.36364087492908,36.1073586868939],[128.36350882258165,36.10676381424611],[128.36384613878658,36.106473223849555],[128.36342698743442,36.10637063583508],[128.36308830609866,36.10506469792383],[128.3642186944892,36.10515255181219]],[[128.36394565405905,36.10809807706138],[128.36440673257283,36.108112237792206],[128.36434105590283,36.108284707769954],[128.36394565405905,36.10809807706138]]],[[[128.36473269774808,36.11015992245625],[128.36516415897998,36.11021937355219],[128.36522316155262,36.11018607949167],[128.36543423937738,36.110534694505816],[128.36528791062034,36.11069562504602],[128.3645246638828,36.110587303475384],[128.36501283477187,36.11093130854896],[128.36464616308226,36.11106449685246],[128.36424888932632,36.110822383134725],[128.36420603061237,36.11099912849553],[128.3645362601618,36.11104664920743],[128.3641230093224,36.11191086705185],[128.36408095264835,36.11262504382549],[128.36463969875,36.11161104686903],[128.36485684999883,36.11164091182395],[128.36476240803393,36.11208377191668],[128.36493172016213,36.11183633490292],[128.36525733893714,36.111881528915504],[128.3646689497481,36.11152220834221],[128.36491591329437,36.11137486552518],[128.36484259315475,36.11119075583808],[128.36601708949803,36.110984106390795],[128.36637557758675,36.11140327244298],[128.36654371752175,36.11115028113086],[128.36721781179546,36.111154986107906],[128.36703777498843,36.11094707298676],[128.36736697826012,36.11099367482271],[128.36775984988813,36.110224335199675],[128.3677012500619,36.10893955863706],[128.36736784782,36.109438645664035],[128.36756629980894,36.10956058320713],[128.36738019945076,36.10989745344795],[128.3676685441813,36.11011506848578],[128.3668234488539,36.1103692155089],[128.3669668732237,36.11075384455235],[128.366531424918,36.11069135548278],[128.36638855930443,36.11030711872197],[128.3662020756298,36.11064250735829],[128.36574400437564,36.110670061938585],[128.36600354172157,36.110523382769685],[128.366079401607,36.1101705664303],[128.36587948204843,36.11005060944403],[128.3659318650005,36.11033095822214],[128.36526006526822,36.11016525540748],[128.366066766857,36.10971004862054],[128.36473269774808,36.11015992245625]]],[[[128.36648138555768,36.15158420046135],[128.3664740819139,36.15196488516423],[128.3675657518389,36.152051186393024],[128.36754955554918,36.1514790614357],[128.36648138555768,36.15158420046135]]],[[[128.36658699439502,36.09143408475837],[128.36677667117607,36.09091699430824],[128.36594562653232,36.09033861572671],[128.3657350032469,36.09028949398607],[128.36505105545444,36.090874154516996],[128.36452790891272,36.09084347601016],[128.3636235234303,36.090343338688406],[128.36171578424523,36.08988061690011],[128.36172132457156,36.08922431551747],[128.36150854086844,36.08917346531918],[128.36137625007217,36.090173997630515],[128.36172057104085,36.091763148950974],[128.36193249139208,36.091812580184545],[128.36205533566465,36.09146902036761],[128.3620697653808,36.09175168224889],[128.3639188228687,36.09238823448361],[128.36726354329437,36.092443608440945],[128.36658699439502,36.09143408475837]]],[[[128.3668393406984,36.13212771084],[128.36697010565933,36.13243363513298],[128.36705120123503,36.13210951108121],[128.3668393406984,36.13212771084]]],[[[128.36656416787878,36.11005459276498],[128.36682635299215,36.11036607885214],[128.3670421238251,36.10985114839285],[128.36656416787878,36.11005459276498]]],[[[128.36673755529736,36.131632812034916],[128.36676104322493,36.131391914766034],[128.3665156429306,36.13141852401165],[128.36673755529736,36.131632812034916]]],[[[128.36516240897168,36.186234247462444],[128.36588350196695,36.18536984397527],[128.36562524701912,36.184945344568206],[128.36484892687486,36.184513150689845],[128.36367843021776,36.185653704998],[128.36360386919327,36.18617423216317],[128.36372160723923,36.186395040334155],[128.36516240897168,36.186234247462444]]],[[[128.36585763945547,36.15043739024363],[128.3651846363145,36.14965872716402],[128.3649575551705,36.149685462773235],[128.36507845705927,36.15111932926631],[128.36578542693687,36.15106020447111],[128.36585763945547,36.15043739024363]]],[[[128.3648653207935,36.15192196107666],[128.3649592159814,36.152114799096736],[128.36564014379334,36.15204705705124],[128.3648653207935,36.15192196107666]]],[[[128.35946572645003,36.183360286433455],[128.3591277331875,36.18355744939996],[128.35915326293122,36.183254767767224],[128.35876365121058,36.183176715497886],[128.35768030167054,36.18456382305649],[128.357507971799,36.1844824647433],[128.35760958401028,36.18420502434714],[128.35797080316968,36.18379082579939],[128.35775859787773,36.183649692391015],[128.3559892937806,36.18319583976246],[128.3556759048609,36.1838626071334],[128.3538212585441,36.18363669693152],[128.35366434874288,36.18344743851531],[128.35344426409702,36.183781976364095],[128.3541470834268,36.18444402374151],[128.35329502453206,36.18522339335278],[128.35278158570856,36.18520440564117],[128.35202059339775,36.18629044733094],[128.35189669589099,36.18683740925051],[128.3522579417283,36.187293627745795],[128.35209383260107,36.187681300077315],[128.35290065441785,36.18701628918363],[128.35330760162387,36.1873395809807],[128.35291074604368,36.18813286178155],[128.3542433461238,36.18820744604614],[128.3547433007001,36.18870470783088],[128.35553460843124,36.18836380505269],[128.35586544511563,36.1873716856132],[128.355362890024,36.187084851541684],[128.35599670985468,36.1871432204915],[128.3567762542494,36.18573522560319],[128.35592759080552,36.18513396589313],[128.35673506312227,36.18539261845233],[128.35734232288743,36.184713159038445],[128.3575444359751,36.1847523463899],[128.3573941747741,36.185612791146994],[128.35535330583158,36.18894935600597],[128.35849955507354,36.18995054136825],[128.35893867187286,36.18941742241734],[128.35813653845045,36.189057099150254],[128.3591748412314,36.18908795295679],[128.35941966644634,36.18876164860251],[128.35877015275508,36.18820849465185],[128.35950207245205,36.187931564088075],[128.35963046977045,36.1882437809937],[128.36035302934476,36.18764495246033],[128.36069353276864,36.18693686480578],[128.3600541257748,36.18708499032404],[128.35989212529662,36.186611001221976],[128.36063472357907,36.1865183115097],[128.36084601462073,36.18669804893431],[128.36166589095188,36.18588457746069],[128.3620627671128,36.18577951832604],[128.36130986817741,36.18710000096626],[128.36060694197195,36.18774603477174],[128.36059738978068,36.18804863124772],[128.3613167580522,36.18838512093992],[128.36205091542865,36.18836987201337],[128.36214643300022,36.189385459556696],[128.36256780514609,36.18938012966348],[128.36293777300895,36.19018565751418],[128.36334344437373,36.19015260474594],[128.3640656998636,36.18908666454509],[128.3634088141339,36.188549053606756],[128.36308464424246,36.18683580165076],[128.36267703224922,36.18644442628168],[128.36321214201251,36.18531522657914],[128.3643776854148,36.18440392063012],[128.36340101804976,36.18434942696655],[128.36295100554713,36.18403915736812],[128.35946572645003,36.183360286433455]],[[128.357028817074,36.18841344898328],[128.35668287728888,36.18875594987409],[128.35628300040833,36.18866684215838],[128.35644954152508,36.18835024477815],[128.357028817074,36.18841344898328]],[[128.35469734924527,36.18690519220552],[128.3551078218438,36.18688651407682],[128.35485546991092,36.18707732383248],[128.35469734924527,36.18690519220552]]],[[[128.36230602454256,36.12948508201849],[128.36228895790669,36.12973071043288],[128.36425543486,36.12954804905307],[128.36411569350176,36.12937729092699],[128.36262721276208,36.129470297876146],[128.36363631235264,36.12940482030591],[128.3628531119969,36.12927195507754],[128.3617033796645,36.129472330435135],[128.36230602454256,36.12948508201849]]],[[[128.36216232084743,36.14950599618316],[128.36214679302867,36.14999802388283],[128.36298604577564,36.150099412824524],[128.36313520139964,36.15076047195697],[128.36343769057834,36.15073768686195],[128.36361765961274,36.150405940852536],[128.36321270960173,36.15020893788697],[128.36318521396623,36.14943307717684],[128.36216232084743,36.14950599618316]]],[[[128.36032074944794,36.196752449249665],[128.36110585883364,36.1967437676213],[128.36227102448314,36.19612200468767],[128.36032074944794,36.196752449249665]]],[[[128.36106216595834,36.15056496390074],[128.36068968603877,36.150431448334686],[128.36062704625803,36.15079747412654],[128.36097761417832,36.150976566798775],[128.3621181735238,36.15090587147922],[128.36217269501623,36.15040498726929],[128.36106216595834,36.15056496390074]]],[[[128.35803130325812,36.148496864753184],[128.35825923826997,36.14904317250011],[128.3579329486713,36.149236607058064],[128.35825149865883,36.14964559782723],[128.3590404857789,36.14954100978387],[128.35914351419294,36.149250664824216],[128.3594619297665,36.14959910396541],[128.35940559305257,36.150308328179015],[128.36191690043833,36.1501394891497],[128.36188115816648,36.14959960331653],[128.36132587696846,36.14947309522116],[128.36173997318528,36.14932219660257],[128.36163685390528,36.14888834633358],[128.36090970410476,36.149079069890064],[128.36053479459582,36.14894764697106],[128.36022352366055,36.1487520059068],[128.3602996795147,36.14827811505036],[128.3597744764641,36.148165215562095],[128.35921833526248,36.1484960208923],[128.3594703139301,36.1487842867955],[128.35858842773362,36.1489661018225],[128.35897443441422,36.14854490120018],[128.35885571407306,36.1482817739416],[128.35803130325812,36.148496864753184]]],[[[128.3614194593948,36.08783518425569],[128.36125234486073,36.08797930297235],[128.3615024715911,36.088233391926664],[128.3614194593948,36.08783518425569]]],[[[128.3575365303192,36.13278811976181],[128.35672445086462,36.13388114932942],[128.3566749590073,36.136663408892574],[128.3572700953205,36.13666757888454],[128.35725995680446,36.13612222850408],[128.3574825544141,36.13602520320693],[128.357564515625,36.136619171338886],[128.35806107497518,36.13736758597922],[128.35780691040912,36.13830341527136],[128.35871875919437,36.13907058657576],[128.3591181296289,36.13872383856073],[128.35991318981885,36.13910654215361],[128.3597936356206,36.13828373258098],[128.35935310562843,36.138201902443285],[128.35979383661424,36.13805507630366],[128.35967949610907,36.1378025500777],[128.35856520539826,36.13740252712909],[128.35883456313567,36.13718664633461],[128.3582404708049,36.136719883499886],[128.35823696243975,36.13594371676267],[128.35764952111722,36.13603186672689],[128.3581901718276,36.13553062533182],[128.3579951008032,36.13515565190687],[128.35811586753076,36.13452854820613],[128.35750914044925,36.13434417925076],[128.35863122419534,36.13205282902863],[128.36066628676602,36.130582881796535],[128.3604957214556,36.13038478626114],[128.36072949285432,36.13016877293725],[128.36063363750327,36.12972993997825],[128.3598826062841,36.12973063380816],[128.3595451242613,36.13000114129081],[128.35961477552075,36.13031539511164],[128.35868746495098,36.13081427962109],[128.35769135037125,36.13209771294897],[128.3575365303192,36.13278811976181]]],[[[128.358816155452,36.12949525383964],[128.3598588096716,36.12953880159536],[128.3597105476702,36.12927177061883],[128.358816155452,36.12949525383964]]],[[[128.35224863243945,36.133702154837124],[128.35153380165974,36.135286724585484],[128.35181319696684,36.1356856049405],[128.35194297759236,36.136818153084995],[128.3523970942811,36.13678338900589],[128.35288486292933,36.137084458673385],[128.35365488134315,36.13669211566886],[128.35367233226253,36.136478752003065],[128.35328366903187,36.13630278954216],[128.35356030794247,36.13479598505717],[128.35395310212795,36.13442662974279],[128.35347617541893,36.134438429704666],[128.35353315274318,36.13411038521499],[128.35418759308072,36.1332946420127],[128.35445985777318,36.133340929992386],[128.35467534703315,36.13270070890468],[128.35502461022585,36.13267203409278],[128.35614448176594,36.13160837362459],[128.35734789141947,36.131525698128485],[128.35706564740312,36.131139377824205],[128.35753233721658,36.13135453273681],[128.35947069260175,36.12958306329766],[128.35866203701227,36.12961721662906],[128.3579864408229,36.129280826941944],[128.35543440065825,36.13012750403885],[128.3536798752697,36.13164978467904],[128.35224863243945,36.133702154837124]]],[[[128.35917431903238,36.1503113069282],[128.35916837772362,36.14992145215792],[128.35838992050577,36.14987575943498],[128.35839336964324,36.15019253089889],[128.35917431903238,36.1503113069282]]],[[[128.35860884715922,36.104830499509085],[128.35762778698844,36.10449938579869],[128.35726350434553,36.105160696063315],[128.35776036585054,36.10537850605328],[128.35838921202034,36.10524830228403],[128.35866512039047,36.105783739415536],[128.35903796631666,36.104744538543294],[128.35860884715922,36.104830499509085]]],[[[128.35664306464972,36.11403762485562],[128.35637855856913,36.11435892413263],[128.35589478457874,36.11444758531071],[128.35568096522746,36.11440100061654],[128.35584333367407,36.113879843743945],[128.3555205920243,36.11381006891697],[128.35521708568578,36.11477131284794],[128.35489433601654,36.11470636116194],[128.35508619873244,36.114839149877554],[128.35475909786206,36.11514297055501],[128.35456742765044,36.11612514738986],[128.35510549806716,36.11623518477571],[128.3555969281274,36.11466577450977],[128.35729203684926,36.1147342164308],[128.35799558258225,36.11432057588983],[128.35664306464972,36.11403762485562]]],[[[128.3542320300412,36.19243434839244],[128.35472169555743,36.192940254367365],[128.3551697516408,36.19278511155034],[128.3562356637304,36.193193445711664],[128.35654228284704,36.19252484748333],[128.3561997238339,36.19147288110612],[128.35576567303653,36.191261418259245],[128.3562423086823,36.19134507999292],[128.35670428803436,36.19089025866492],[128.3574990549305,36.190647048995395],[128.35779306213365,36.1901231936287],[128.35508038713218,36.18918979988949],[128.35431854483718,36.19061704495026],[128.35565308112558,36.19117422597451],[128.3554294404012,36.19157489194064],[128.35502489429504,36.19152298117019],[128.35446646335959,36.19190684612937],[128.35452228230892,36.191045327160914],[128.3538877776399,36.1910470403009],[128.35322715914822,36.19147059581167],[128.3531033490042,36.191803662170095],[128.35424892272016,36.191737456473575],[128.3542320300412,36.19243434839244]]],[[[128.35754588620333,36.147232233644964],[128.357640542382,36.14683772891115],[128.35739476196656,36.14687446557667],[128.35754588620333,36.147232233644964]]],[[[128.3566986730668,36.1472045729979],[128.3564872192656,36.14795301301546],[128.35730340767475,36.14661626740036],[128.356558451521,36.14678708744832],[128.3566986730668,36.1472045729979]]],[[[128.3510365972991,36.075911891466006],[128.3511370682956,36.075749960215994],[128.35084580042752,36.07562756300527],[128.3500992847748,36.07561583787182],[128.35029897823728,36.07530267305544],[128.350113145989,36.07480865312939],[128.35026513111066,36.074573464840846],[128.35086179072493,36.07482147437774],[128.35092434014402,36.073932280073294],[128.35157508841556,36.07350095167917],[128.35217093122338,36.073544852831105],[128.3527784175582,36.07298985375569],[128.353667700523,36.073160700613755],[128.35468485922925,36.07273972562419],[128.35615579656138,36.072784852441345],[128.357160348576,36.072392579051275],[128.35657882098045,36.07113810486032],[128.35603868832334,36.07101319404347],[128.35588680128876,36.071251674013226],[128.35529090671838,36.071204816099915],[128.35569419975621,36.07096781416349],[128.35584282381802,36.07112949419416],[128.35589558319063,36.070850108176096],[128.35603959847995,36.07101164008346],[128.3562496743089,36.07029113316737],[128.3551776586922,36.06902627524327],[128.35351107543124,36.06791910595272],[128.35331070362608,36.068235855975104],[128.35316210192107,36.06807957658356],[128.35281340676534,36.068239273487364],[128.35295660025568,36.06859851993624],[128.35359811251465,36.06876684985199],[128.35389220068444,36.06830103293643],[128.35409303515735,36.06836184413545],[128.35576097348493,36.06988135199086],[128.35590233013716,36.0704472759461],[128.35344863281287,36.071544708440015],[128.35280734801896,36.07137789377858],[128.3530124674309,36.071057014378034],[128.35216942956956,36.07100650129977],[128.35226934052417,36.07084352554509],[128.35177974527954,36.0706403128417],[128.35207902128852,36.07035750797417],[128.3516775507048,36.070597830484765],[128.35138454038557,36.07047469248664],[128.350979073192,36.070714682869415],[128.35031123929275,36.07194889653878],[128.34962363465607,36.07166220736968],[128.349471539029,36.07190073400296],[128.35039642837566,36.072799553414534],[128.34988263018118,36.07379694161825],[128.34898207952475,36.074030765430415],[128.3480470390555,36.07373892501962],[128.34768992119095,36.074298943039146],[128.3493680530986,36.07480295040853],[128.3493626137795,36.07520945787175],[128.34970499101976,36.07524914553233],[128.3496450323287,36.07593745759452],[128.3502384340333,36.07598175882372],[128.35141189797133,36.077084152817136],[128.3514995927404,36.07773158691916],[128.35199543948303,36.07773508798563],[128.35199773931194,36.07813836383717],[128.35238436398996,36.07810257374537],[128.35228592413455,36.078263139458564],[128.35287304221194,36.07871322773742],[128.35356635986486,36.07900444751653],[128.35283212118983,36.07818802251362],[128.3529841942542,36.07794952993275],[128.35274638816895,36.07754263643119],[128.3529992603764,36.07714178394619],[128.3531973918812,36.0772261890843],[128.3529511333091,36.07742502264398],[128.35318886141692,36.07762669901516],[128.35369480742793,36.077232158897786],[128.35398921404038,36.07735586349481],[128.3544511657921,36.07643600317123],[128.35435782540387,36.0761906789368],[128.3548089217106,36.07567021896358],[128.3540220969346,36.07554259929088],[128.35437386873033,36.07518588459098],[128.35418103774012,36.07510124931734],[128.35462773057517,36.07498607276549],[128.3547845273055,36.07454501117065],[128.355530798466,36.07455166896143],[128.3557856017354,36.07395395989894],[128.3555546172467,36.07332865351247],[128.3557549967579,36.07302438792796],[128.35520873371516,36.07290050079312],[128.3549485676969,36.07370176317409],[128.35469908727597,36.0736975763589],[128.3538799093035,36.07517695537982],[128.35333498943112,36.07505167917971],[128.35297328055594,36.07580894743664],[128.3522202299871,36.076404140166645],[128.35133173333378,36.07623678317566],[128.3510365972991,36.075911891466006]],[[128.35093322942154,36.0760719872158],[128.35084084908618,36.07582832631987],[128.3510365972991,36.075911891466006],[128.35093322942154,36.0760719872158]],[[128.35641044679193,36.07177800779242],[128.35642858458027,36.07158288933966],[128.3566208161746,36.07166240217766],[128.35641044679193,36.07177800779242]],[[128.356333567173,36.07214835177131],[128.35661201367142,36.072269429144285],[128.35645911045907,36.07250868173776],[128.3561656974172,36.07238543414884],[128.356333567173,36.07214835177131]],[[128.35550295650827,36.073216767664015],[128.35530611431398,36.07313910943969],[128.3554096180132,36.07297821722835],[128.35550295650827,36.073216767664015]],[[128.35519283589534,36.07390464411626],[128.3553852600814,36.07418585796177],[128.3548416854152,36.07405915637603],[128.35519283589534,36.07390464411626]],[[128.35448995648085,36.07187935901032],[128.3546599128427,36.071644618138336],[128.35497632093117,36.07188535955178],[128.35448995648085,36.07187935901032]],[[128.35398985387206,36.071675043527655],[128.353502837247,36.07187569515705],[128.35374649031758,36.071470922366764],[128.35398985387206,36.071675043527655]],[[128.35358994605514,36.068151252358355],[128.35380582379193,36.06824707576715],[128.35365389421688,36.06848278608625],[128.35330554442174,36.068441724394724],[128.35358994605514,36.068151252358355]],[[128.35263508525082,36.0726249020295],[128.3524466623834,36.07203908614363],[128.35324280380908,36.07186565164539],[128.3531392830225,36.07222722906507],[128.35347636807265,36.07267917752194],[128.35263508525082,36.0726249020295]],[[128.3528032033121,36.07685742623373],[128.3524637223766,36.07681629283142],[128.35257005236696,36.076651554815356],[128.3528032033121,36.07685742623373]],[[128.35177828997814,36.07279036503984],[128.35228412702503,36.0727817483809],[128.352474948833,36.073069209497625],[128.3523350826007,36.073301947851625],[128.35183381108246,36.07329798193308],[128.35177828997814,36.07279036503984]],[[128.35217493175188,36.07141602692622],[128.3521553545321,36.071612225303994],[128.3519593401172,36.07152771863472],[128.35217493175188,36.07141602692622]]],[[[128.32379511100865,36.120548754892766],[128.32382278302137,36.12116693673626],[128.32404250729422,36.121254786191265],[128.324143486023,36.12098344190189],[128.32417670902217,36.121523390011156],[128.32349899463463,36.121460629361906],[128.3237488981215,36.121799374187255],[128.32378817918135,36.12243782764884],[128.32356705621862,36.12254419189185],[128.3244863083951,36.123047680635864],[128.32774596814724,36.12363080630087],[128.3301342704009,36.12435233357188],[128.3331234371568,36.12432461750524],[128.3351327811449,36.12474700527021],[128.3334528005692,36.124220344186625],[128.33213193263072,36.12426512706237],[128.33131920432834,36.12385514968523],[128.3293397698835,36.12401679612164],[128.32906955072627,36.1233168620687],[128.32940539114352,36.12329743164797],[128.32927878634675,36.123035049530785],[128.329599277216,36.122931569231525],[128.32883494767415,36.12305100541517],[128.32858486671145,36.122709326765715],[128.32712425700598,36.12239227766861],[128.32688128436422,36.12213805430985],[128.32721972283665,36.12212502551364],[128.32720367472078,36.12194711625343],[128.32630215954444,36.12170916060812],[128.32592402845066,36.12108990430863],[128.3256046114059,36.12119256537817],[128.32546705749039,36.12093193843711],[128.32379511100865,36.120548754892766]],[[128.32696371489405,36.12339634495702],[128.32704276448047,36.1229448491541],[128.328046895986,36.12308439031466],[128.32818436503436,36.12334378857075],[128.32786836306272,36.12363643596757],[128.32696371489405,36.12339634495702]],[[128.32673239823546,36.12331573038379],[128.32650268632213,36.123237184627506],[128.3267204323488,36.12314010261073],[128.32673239823546,36.12331573038379]],[[128.3253751371656,36.12112302974767],[128.32541878902242,36.12183632179126],[128.32631917251328,36.12207329455882],[128.32634135164756,36.12233760234711],[128.3255716252375,36.122463359316036],[128.32442562412857,36.121962261118],[128.32447385707587,36.12098420474292],[128.3253751371656,36.12112302974767]],[[128.32539495855895,36.12319515757332],[128.32525492950197,36.12283662818231],[128.3255931967219,36.12281916142099],[128.32539495855895,36.12319515757332]]],[[[128.33533322346906,36.12480984240843],[128.33607435829634,36.1251988598613],[128.33576190931308,36.125395836702474],[128.33471619750293,36.124800613111965],[128.333384574548,36.124760242261395],[128.33337600644256,36.124589121062364],[128.33115635320013,36.12467636113897],[128.329246207806,36.12438854658346],[128.3292376446808,36.12421158464284],[128.3277647525821,36.12381339715611],[128.32541287883848,36.12354507052722],[128.32540254271507,36.12337096736309],[128.32427697350337,36.12314912085913],[128.32403922355283,36.12288140694641],[128.32350483456472,36.123270327927486],[128.32353094585645,36.12371116513049],[128.32377402102503,36.12388650285167],[128.32453931671546,36.12395265111932],[128.32497743246157,36.12374888021189],[128.32499605538808,36.12392957644565],[128.32755109250473,36.124006254969025],[128.3283723517521,36.12460516779005],[128.3293602782962,36.124565529731846],[128.3298342377355,36.125002380888105],[128.32975296664424,36.12544407539304],[128.33025671818646,36.126250274383075],[128.32998477177009,36.12555730346592],[128.33031884380907,36.12542917919007],[128.32997321284222,36.12535246658257],[128.33005393335606,36.12489935280472],[128.32981852023556,36.12472910829571],[128.3305969482838,36.1247860091219],[128.33083683687858,36.12505432479997],[128.33083055338292,36.12486714129645],[128.33372060360344,36.12493149500417],[128.33394433384888,36.12501975541154],[128.33386245693842,36.12537485037039],[128.33419508647705,36.125365635895626],[128.33447795157988,36.12633774291752],[128.33502817581868,36.12632267890128],[128.33501682721953,36.12605312858413],[128.33577927215495,36.12583754475682],[128.33536232991923,36.12612154740136],[128.3363386059169,36.12600185128961],[128.33670225489692,36.126521124540254],[128.3367104392685,36.1263451920832],[128.33726102021907,36.12632283487393],[128.33699713885088,36.12569779628995],[128.33656344953826,36.1258020586186],[128.33620581827566,36.12545471640474],[128.3361722506312,36.12492421517651],[128.33649241314242,36.124639904674176],[128.33714582818007,36.124523204265664],[128.3376185456713,36.12486518352495],[128.3386060023653,36.12482530230846],[128.34079013924008,36.123935010267125],[128.3404618316204,36.12421098320335],[128.34070102834664,36.12446680939542],[128.34016356078095,36.124674733765396],[128.33997156122777,36.125213347221774],[128.3418735443682,36.127310029126356],[128.3416608954117,36.127500350219094],[128.3413244641769,36.12733446296346],[128.34123268618316,36.127695996692],[128.34058007685337,36.12790268653624],[128.34020914235404,36.127379688895935],[128.33998264366534,36.12738597466677],[128.34030841980595,36.12709359729722],[128.34065796451944,36.127266106406296],[128.34062898273146,36.12690766855543],[128.33975373310756,36.12703417261098],[128.33960266909787,36.12659667518438],[128.33927067088234,36.12651169725513],[128.33926157073654,36.12633167198899],[128.3399322445982,36.126394542336996],[128.339806066627,36.126216101889895],[128.33914961157785,36.12624124734784],[128.33900979901657,36.125900737270705],[128.33877986139842,36.125893700686326],[128.3388753773785,36.12562274630264],[128.33800878971283,36.12593510788461],[128.3380284090826,36.12611368283316],[128.3385662828696,36.12591509830495],[128.33858865614923,36.12626774335089],[128.33891914013762,36.12625857484284],[128.34037196216485,36.12808413877524],[128.3405917471045,36.128090860540226],[128.34037540638403,36.12827361418959],[128.34050201027696,36.128533252565255],[128.339660062055,36.1293895633339],[128.33942245873308,36.129122059524924],[128.33876987303918,36.129238599341086],[128.33854460297556,36.12905978298119],[128.33852506997647,36.128884189070526],[128.3389757430947,36.12895522372389],[128.33884393021984,36.12869138586065],[128.33928072806364,36.128589219732376],[128.33893157878194,36.12832553493693],[128.33861188511833,36.12843136076218],[128.33847263016057,36.12816845990606],[128.33793021613093,36.12818757713499],[128.3377892674578,36.12775238036464],[128.3381277945993,36.127820520270404],[128.3381076993771,36.12755075184055],[128.3375654802933,36.1276559338896],[128.337315759482,36.1273973921946],[128.3365665966948,36.127703502148336],[128.33655143071763,36.12752307229669],[128.33610832453172,36.127537027744296],[128.335743397712,36.12701831312233],[128.33555469088606,36.127570056681044],[128.33598497866868,36.12745693351621],[128.33710639045393,36.1293912469441],[128.33680457717256,36.12985957584584],[128.33602413479127,36.12980038826622],[128.3360404090575,36.13006998605253],[128.3357033863674,36.129993419572806],[128.33607330497748,36.13070041622378],[128.33526495989418,36.13019617873573],[128.335882254288,36.13124585572172],[128.33550959968878,36.13153557113437],[128.33545067870486,36.131356180560914],[128.33501202170459,36.13137294546177],[128.33480392362887,36.13183345440639],[128.33504003366502,36.13200056740182],[128.33472207889247,36.13228857383602],[128.33395950323012,36.132409457580366],[128.3338308784295,36.132146281574414],[128.33304790354862,36.13198642688208],[128.33242266010987,36.13092937921462],[128.33262588374185,36.130487286476686],[128.3324882449035,36.13021751644788],[128.33180460890105,36.12987385649439],[128.3310792173241,36.129007264892806],[128.32847305450554,36.12992870030792],[128.32895051252177,36.13053598350599],[128.3292485127407,36.129802947956016],[128.3302216708512,36.12957604979452],[128.33109518513382,36.13098995037068],[128.33032701893967,36.13120580238229],[128.3306901671502,36.13163349477882],[128.33036040646112,36.131827357292586],[128.32958016372353,36.13168301574003],[128.32928302850056,36.13052232128561],[128.32896219388175,36.13053696048316],[128.32917371213088,36.130623815175184],[128.32907794605657,36.130888245923266],[128.32721963467327,36.13132445895595],[128.32752857315492,36.13085798155177],[128.32740683016968,36.130598354590255],[128.3280504268992,36.130388919058284],[128.328043033785,36.130212963384864],[128.32827724838842,36.13038096345824],[128.32825356605454,36.130111542933975],[128.32727883800305,36.130428805288986],[128.32717666092213,36.130785514776626],[128.32674184636636,36.13062473989066],[128.3244570526005,36.131622359138646],[128.32468259993018,36.13178712155761],[128.326204541157,36.13109755169038],[128.32705682872884,36.13215219358838],[128.3275933506015,36.131945284151314],[128.3276006598963,36.13211923659692],[128.3272664136938,36.132141462495476],[128.32731363501142,36.13286124788009],[128.32753161840725,36.13266076131114],[128.32799288423845,36.13301476220443],[128.32832279324927,36.13281528409257],[128.3288675473963,36.132889072645206],[128.32899564871514,36.133239275681454],[128.32868771367595,36.133432485937874],[128.3260613716964,36.13254569064681],[128.32541587692214,36.13275169068466],[128.32994141993208,36.13392247340201],[128.33168960400832,36.13358525749036],[128.33193918351344,36.13393522554914],[128.33174642540973,36.134301117483126],[128.33208351438233,36.13447539474292],[128.33284365458155,36.13416839088847],[128.3324889918501,36.13390283580845],[128.33247070576147,36.133457396420624],[128.3334520617729,36.13324179438605],[128.3360508810878,36.13196518449973],[128.33650088237115,36.13212079436325],[128.33636364892325,36.13168204021034],[128.33669405811918,36.131666644460275],[128.33668060924686,36.13140067392707],[128.33732739849626,36.131281252523465],[128.33840838369514,36.130516554064116],[128.33909299736214,36.1308467839926],[128.3396219729103,36.13037170676284],[128.33948553097187,36.13011277051458],[128.3392642890675,36.13020446198303],[128.3393588650203,36.129853103879384],[128.34000517673326,36.129373434364226],[128.34055463626314,36.129348103760954],[128.3409190737014,36.129875695610245],[128.34190092326574,36.12947720901168],[128.34210718272917,36.12919554493576],[128.34145683368192,36.12949119537149],[128.34087594479928,36.12897945566675],[128.3423708756559,36.12810670804264],[128.34281856010895,36.1281780942612],[128.34302058311923,36.12772086587414],[128.3448467423642,36.12665141127838],[128.35090937779285,36.1240638015208],[128.351134867746,36.12414145811321],[128.35093579486764,36.124423795645896],[128.3514708044693,36.12430860047418],[128.3517284046942,36.12475286972297],[128.34977602167265,36.12554986706714],[128.3502267840932,36.125709944970936],[128.35187078490358,36.12528293402572],[128.35254074750148,36.12354518556205],[128.35491258612294,36.12227039213395],[128.35585772977075,36.12142143849186],[128.35625791127583,36.12059701558096],[128.35678410620287,36.120124703788775],[128.35711880441752,36.120109342270574],[128.35667182992742,36.119952396569516],[128.35645506130902,36.12023051695228],[128.35601183112638,36.1202428772435],[128.35552043367687,36.1195420778488],[128.3552990618503,36.119553870042175],[128.3554315414885,36.11990315968102],[128.35521909800872,36.12000596928042],[128.3547165429415,36.11921127515788],[128.35429533645302,36.119322009534464],[128.3535980558939,36.118813142664344],[128.35338991666524,36.119268538391495],[128.35295646638681,36.119382203556135],[128.35301543959633,36.12036333217647],[128.3521449998985,36.12058298633781],[128.3521601318692,36.120940538601985],[128.35183694343863,36.121044842036696],[128.35155667859988,36.120243611779934],[128.3511381324428,36.12044050081182],[128.35066520757485,36.12009255234514],[128.3504628949233,36.120376889947515],[128.35068143102598,36.12037080500547],[128.35057360159936,36.120554086053886],[128.3508152359488,36.12072607301923],[128.35051216248368,36.121277330602375],[128.3501807235436,36.121291933178945],[128.3498339024631,36.12111976970342],[128.3500312747619,36.12066673802214],[128.34949018438786,36.12086275327163],[128.34922786560801,36.12025011899755],[128.34797038881004,36.11966572188494],[128.34782959597453,36.11922243737691],[128.34714466246166,36.118798334027616],[128.34704780306532,36.118979831431],[128.34750277060513,36.119235390937966],[128.34751401811755,36.1195016339057],[128.34643814503502,36.12018575009534],[128.34670362702303,36.12079926889604],[128.34583339779434,36.12101451529564],[128.34571346081904,36.12084198539686],[128.34635252652882,36.12054439624708],[128.3454472102354,36.120223209408834],[128.34502091639416,36.120599625204825],[128.34526620011545,36.12086569387427],[128.34518996714937,36.12131420713119],[128.34616233750077,36.12109827161728],[128.34641557176994,36.12161826603944],[128.34662194593395,36.12134542046588],[128.34639991061394,36.12135159413304],[128.3462837066399,36.120998402177804],[128.34725445633035,36.1206889432545],[128.34739591088544,36.12113439084791],[128.34804876956056,36.121019864038054],[128.34831191265332,36.121551696660724],[128.34885028732987,36.12134653105763],[128.34854147861998,36.121711351401636],[128.34898301123823,36.121706182024106],[128.34901060890311,36.122057289099246],[128.34856935161827,36.122170420909676],[128.34822577924646,36.12199431609636],[128.3482054833343,36.12173081551505],[128.3473279944738,36.121860226440646],[128.34733923546273,36.12212621346645],[128.34711316920547,36.12214257793981],[128.34723824136893,36.122311903615085],[128.34648089572119,36.122523086092905],[128.34657029733776,36.122252481927795],[128.3461270397559,36.122264806954384],[128.34644361711977,36.121984161887895],[128.34601205730414,36.12200171945303],[128.34457441828812,36.122423239753196],[128.34579522959694,36.12237189720353],[128.34504422781114,36.12258246768153],[128.3454779661512,36.12265518229314],[128.3452719137955,36.122842659236895],[128.3443951633584,36.12296917399576],[128.34450276003315,36.122793488609254],[128.34428146654733,36.12278668357205],[128.34345842066804,36.123097709701575],[128.34304898825323,36.122838737467596],[128.34298380572443,36.12176492363658],[128.34340617769297,36.12138151028172],[128.34338572063672,36.12111730671357],[128.3429448598895,36.12112955426945],[128.34301962893548,36.12049296388816],[128.34275097003638,36.11970485208655],[128.34292827566162,36.1190531237158],[128.34270686672784,36.11907165790129],[128.3426731035963,36.12032655604705],[128.34235655764707,36.12061487855197],[128.34082855569304,36.120944761878334],[128.33967734238115,36.12045114625437],[128.33978426288445,36.120259814325934],[128.34000716256824,36.12034646338611],[128.3399446201559,36.11961549878392],[128.33924617344076,36.1192865307754],[128.33951805547136,36.1191532100227],[128.34017979731652,36.117061603159804],[128.3404958960894,36.11711932375392],[128.3406335464373,36.11669125911739],[128.34042396035665,36.116643781545505],[128.34045133371126,36.1161884876757],[128.34491467893724,36.11729596135838],[128.34467114166625,36.11808244917312],[128.34566517386224,36.11819262965949],[128.34596570799113,36.117974901585995],[128.34618151925878,36.11727800954],[128.34713980410558,36.11746452948847],[128.3483701331776,36.11652118503749],[128.34858523246155,36.11656652300879],[128.3484024909031,36.11680198441139],[128.34871553399623,36.116868895757506],[128.3490183225159,36.116283566364174],[128.3503657464626,36.11563052032579],[128.3502823507659,36.11663286764059],[128.350474074055,36.116767409915205],[128.34934463487775,36.11672823465649],[128.34866701319132,36.11704018455077],[128.35000838543843,36.11713588334216],[128.35011832058686,36.11753132750911],[128.3507357444978,36.1177454501645],[128.35021235384502,36.11941688926009],[128.35137793457153,36.118255841448345],[128.35145796029846,36.11799504561318],[128.35086566836094,36.11768618050691],[128.35126797874278,36.11675121934135],[128.35111893193033,36.11652783578146],[128.35152248564057,36.11596063210706],[128.35138919488904,36.11565642677378],[128.3523628775726,36.11511033409968],[128.35220381762218,36.11489426768657],[128.35260651365084,36.11469666643689],[128.3519864455509,36.11484893573452],[128.35216908537438,36.114979567801555],[128.351742173308,36.115262379551254],[128.35134171310645,36.11508911138255],[128.34972027598644,36.11549815472421],[128.34856115074913,36.11591034832134],[128.3484756084461,36.116170357413864],[128.34797170802662,36.11560246104409],[128.34742378865562,36.11660263498362],[128.34626433612848,36.11701332515573],[128.34509145336855,36.116782212840526],[128.34499856332647,36.117031892082224],[128.34435075564875,36.11689999851285],[128.3448385674514,36.11680924256877],[128.34456878100627,36.11620134443991],[128.3439286955686,36.11606999102258],[128.34341386386953,36.11623973043472],[128.34317222818797,36.11590915270782],[128.34250223095654,36.11586492213695],[128.34153238089405,36.11529195554609],[128.3413165816621,36.11525288643053],[128.34109757114496,36.11594814168327],[128.34018715083087,36.11557555937704],[128.33991904668073,36.1153324257392],[128.33999695489956,36.11506885463228],[128.33956809238856,36.11498233889039],[128.3395154062866,36.11441088698278],[128.33989449338512,36.11393498082974],[128.33946716194563,36.11384355522898],[128.33962900633762,36.113324440055266],[128.33931491747524,36.112139361759766],[128.33944981128045,36.11170221755227],[128.3390719243611,36.11143394815072],[128.33934494136048,36.111307409807736],[128.33964269490238,36.11035053413031],[128.33943471288302,36.109560392570536],[128.33959575364614,36.10977953543725],[128.3398613766707,36.109648803619145],[128.33956979161115,36.10912518889311],[128.33924904427175,36.10905669746064],[128.33927686758003,36.10860175145153],[128.33900997571067,36.10872772100293],[128.3393585354623,36.10796407100673],[128.33855421428552,36.10798515532004],[128.33842664492514,36.10769826834704],[128.3388007200855,36.107920444444375],[128.33906429803244,36.107810108469785],[128.33802259897575,36.107127914008885],[128.33764045484065,36.10649532302484],[128.33710998461234,36.10638232589921],[128.3371910748653,36.10574933534025],[128.33686910661876,36.105682039643874],[128.33724982429462,36.10557326411253],[128.33732691150652,36.10531246731122],[128.33711455246268,36.105271132351504],[128.33702951024378,36.1055309490545],[128.33686760595432,36.105308913094035],[128.33727829537582,36.10511420992549],[128.337437857301,36.104595163061845],[128.3372523453525,36.10445730821874],[128.33752468072197,36.10432893075951],[128.3377123593401,36.103718502828556],[128.33750070106512,36.10367660106832],[128.33698250073834,36.1042213504751],[128.33692913739048,36.10402201779664],[128.33660918578403,36.10395791487332],[128.33655543192697,36.10413168895847],[128.33649162226723,36.10393738549706],[128.33574587666007,36.10378052789404],[128.33562471804558,36.104135649311964],[128.33564012761937,36.103755266513296],[128.33507889344673,36.10373058888633],[128.33507574160203,36.10336001283699],[128.33421411320128,36.10318234094402],[128.334160663309,36.10372902968108],[128.33434753001902,36.103862904776975],[128.33407674701849,36.104361207512426],[128.33434696363716,36.10460144891744],[128.33387950825067,36.105715254784364],[128.3340469798515,36.10593355618716],[128.3338318132734,36.105897005607154],[128.33393247304167,36.10628523423568],[128.33339202036856,36.1065471069894],[128.33319830131828,36.107154334262304],[128.33365229042317,36.10715663155086],[128.33376737173356,36.106811073363865],[128.3335743666819,36.10667949794714],[128.3338756676157,36.106462205018445],[128.33398885419126,36.10694705694053],[128.3337368723156,36.107266461908985],[128.33328238789022,36.107271952726144],[128.33273565840202,36.107900444716904],[128.33237875887275,36.10903285678091],[128.33294590278595,36.109428508370684],[128.3328108842076,36.10986131694319],[128.33345222360694,36.109998235247616],[128.33331693231116,36.11043339322508],[128.33387915765704,36.110458390191205],[128.3344502966919,36.11011272397128],[128.3348507773089,36.110289019332406],[128.33471417972623,36.111097206557126],[128.33546591250763,36.11125033444554],[128.33570621942437,36.111582672538376],[128.33554103022104,36.11210281492465],[128.3358360886236,36.112259817286066],[128.3357834117991,36.112805453704524],[128.33698899508667,36.11333511704576],[128.33701615546562,36.11435977984162],[128.33604512246217,36.114162811268486],[128.33563712663977,36.11472761418996],[128.3350193530339,36.114505929237275],[128.33547997300684,36.11376945911303],[128.33516215456225,36.11332589986376],[128.33477777006365,36.11417764761895],[128.33456262590082,36.114135770828355],[128.3343430025873,36.1144591553858],[128.33307627478735,36.11484974727974],[128.33264770079174,36.11476265284947],[128.33256310653974,36.115021021228515],[128.3318845598385,36.115345675117],[128.3311890880032,36.11539016998331],[128.33067158986876,36.115932084754476],[128.33005558041623,36.11608769499538],[128.32980939085547,36.11649969895214],[128.33077346172882,36.1167003322287],[128.33123803949832,36.11596022151697],[128.3321079452952,36.11539463001801],[128.3331789478618,36.115613783485635],[128.33339873835249,36.11528957373751],[128.3340410245029,36.1154200932005],[128.33409824387186,36.115249609740864],[128.33468796523877,36.115556393119846],[128.3349014737861,36.11522965808613],[128.33595388458122,36.11553622701817],[128.33610490749615,36.115393610415644],[128.33595442660533,36.11516628638714],[128.33660191593404,36.115296688993276],[128.33661208948317,36.11566456445604],[128.33681814870187,36.11570423107135],[128.3365755487791,36.11576141138575],[128.33635304989582,36.116454572365484],[128.3379484306438,36.11613537902469],[128.33902142114465,36.11635537419528],[128.3387166390606,36.11843056657899],[128.33903638837674,36.118499846942846],[128.33868712698805,36.11851989212386],[128.3384975116086,36.119130700724455],[128.33868844093365,36.11926095256912],[128.3385460505629,36.119697032191006],[128.33894806544976,36.11987652194236],[128.338872199678,36.120124518445344],[128.3385470938354,36.12004818128291],[128.33833661087766,36.12033026068594],[128.33847494515504,36.12266199475234],[128.33594221845024,36.12484214077538],[128.33550217773163,36.12486280827975],[128.33533322346906,36.12480984240843]],[[128.33839400307943,36.10767888123275],[128.33806930934298,36.10769729691384],[128.33812841647136,36.107521140216136],[128.33839400307943,36.10767888123275]],[[128.35548827960622,36.120897945299625],[128.35527620190643,36.12081599956325],[128.35523585987715,36.120368890512836],[128.3557798655515,36.12016092684027],[128.3559278552247,36.12060886179203],[128.3555211479947,36.12134412591283],[128.35498654208772,36.12173328836476],[128.3549578262551,36.121197672247376],[128.35548827960622,36.120897945299625]],[[128.3551612332239,36.12091127647092],[128.35462720205533,36.121119983351505],[128.35424751229428,36.12049892855305],[128.3550132325811,36.12037588613004],[128.3551612332239,36.12091127647092]],[[128.35488417717465,36.12191025836004],[128.35467535540369,36.12202057668866],[128.35466072105956,36.121833784928256],[128.35488417717465,36.12191025836004]],[[128.35475221258397,36.12146949510603],[128.35476994078283,36.12173898173784],[128.35443741217966,36.12175292627412],[128.35441918944997,36.121482970274776],[128.35475221258397,36.12146949510603]],[[128.35412676583735,36.12032354807483],[128.3541082132012,36.1200536290251],[128.35444231535266,36.120127881896316],[128.35412676583735,36.12032354807483]],[[128.35439149322806,36.12103253151803],[128.35418471078785,36.12122411218694],[128.35404815734336,36.12095601384811],[128.35439149322806,36.12103253151803]],[[128.35316074472445,36.12180358208887],[128.35387308768503,36.12168390103709],[128.35407527760387,36.12140575723447],[128.35388517940538,36.12194763018112],[128.35413660718623,36.122305008740554],[128.35359554608948,36.122507986314886],[128.3531207758025,36.12206515911807],[128.35316074472445,36.12180358208887]],[[128.35370992208453,36.1207969329327],[128.35394516412822,36.120956110275735],[128.35360733332158,36.120973904408764],[128.35370992208453,36.1207969329327]],[[128.35292989255748,36.12163037169913],[128.35285344604142,36.12136576657319],[128.35384347402297,36.12114245174142],[128.35385879085007,36.12140753130979],[128.35342556192265,36.121701464812965],[128.35292989255748,36.12163037169913]],[[128.3533643942424,36.12062063879918],[128.35323902379406,36.12036108386763],[128.35357429625316,36.12034348101982],[128.3533643942424,36.12062063879918]],[[128.35338229842446,36.12080523110827],[128.35318140174232,36.121172371792746],[128.35304456446795,36.1208206120054],[128.35338229842446,36.12080523110827]],[[128.35230532844636,36.1231016904214],[128.35229113244432,36.12292162309873],[128.35293561813666,36.12271474906848],[128.35291103451408,36.12226588332691],[128.35312932703997,36.12225450605914],[128.3531555449575,36.122794892654674],[128.35230532844636,36.1231016904214]],[[128.3521364412414,36.12229878171211],[128.3521221470814,36.122122476800044],[128.3525578905132,36.1220081641586],[128.35265249762517,36.12164252230392],[128.35289990041778,36.122084181980675],[128.3521364412414,36.12229878171211]],[[128.35281808528438,36.12063621825921],[128.3525014760515,36.120931554458544],[128.35225302458224,36.12066936736471],[128.35281808528438,36.12063621825921]],[[128.35221039672274,36.12356243270409],[128.3523285892342,36.12382223541952],[128.35211826977945,36.12383356093173],[128.35221039672274,36.12356243270409]],[[128.35158829454298,36.122411492083344],[128.35160062305178,36.122677093198384],[128.35127827203996,36.122783914313715],[128.35158829454298,36.122411492083344]],[[128.3510914880279,36.12152852982602],[128.35096257840428,36.12135132761828],[128.35140318663795,36.12133221486023],[128.3510914880279,36.12152852982602]],[[128.35095531855282,36.12306745275698],[128.3512049301375,36.123503464267664],[128.3508769965205,36.123523455967444],[128.35056384034715,36.123887487864366],[128.35030898032988,36.123360740012934],[128.3507573230499,36.12343349604953],[128.35095531855282,36.12306745275698]],[[128.35095052575016,36.12297288280312],[128.35039485990697,36.12308774789302],[128.35050261642033,36.12290446876352],[128.35028104133426,36.122910638171206],[128.35026991723794,36.122647657335335],[128.350812794576,36.12252837731732],[128.35095052575016,36.12297288280312]],[[128.3502966018385,36.12318743270185],[128.3501876583712,36.12336713701224],[128.34953400602075,36.12339336821963],[128.3494077260725,36.123170412978595],[128.34962646082022,36.12293658566783],[128.3502966018385,36.12318743270185]],[[128.3494508967033,36.123764600361135],[128.35021688290743,36.12372598769319],[128.35023784582418,36.12398979926174],[128.3494825318162,36.12429770870025],[128.34968705304553,36.123934077509126],[128.3494508967033,36.123764600361135]],[[128.34988498930394,36.12184348583709],[128.35021064815626,36.121742165079326],[128.35022035327538,36.12191777676466],[128.34988498930394,36.12184348583709]],[[128.34975241470656,36.12157611352675],[128.3491856203305,36.1212444012535],[128.349493369963,36.12104919089782],[128.34986037878474,36.121394669118544],[128.34975241470656,36.12157611352675]],[[128.34967977368748,36.12221481689681],[128.34969905768992,36.122482162493554],[128.3487937511896,36.12234146781812],[128.34967977368748,36.12221481689681]],[[128.34886506329255,36.12333079962365],[128.34929031965768,36.12313127816505],[128.3495474827406,36.12356871297553],[128.34911911515718,36.1237773359093],[128.34886506329255,36.12333079962365]],[[128.34926138403426,36.12259546824815],[128.34948114397343,36.12258328715677],[128.34939345177983,36.12294541807719],[128.34926138403426,36.12259546824815]],[[128.3493366307313,36.123856106978266],[128.3494679086646,36.124115381291084],[128.34924427632413,36.12402868266552],[128.3493366307313,36.123856106978266]],[[128.3491619310109,36.12115059553001],[128.34862461648208,36.12126528076528],[128.34861297025247,36.12108882746134],[128.34904810924104,36.12097523817812],[128.3491619310109,36.12115059553001]],[[128.34892945436172,36.12441036349184],[128.34867871416827,36.124057480906075],[128.34912820998485,36.1240432539682],[128.34892945436172,36.12441036349184]],[[128.34856389774797,36.120273838580374],[128.3490462929828,36.12088538356831],[128.34861479217346,36.120998592148226],[128.34835428313133,36.12055661933722],[128.34747687214715,36.12067960705079],[128.34856389774797,36.120273838580374]],[[128.34866439030358,36.12388057212802],[128.34821581407505,36.123626314413436],[128.34817810255262,36.123004291947126],[128.34793972404887,36.12291686107554],[128.34850997351617,36.12308170702843],[128.34899606076058,36.12377881654722],[128.34866439030358,36.12388057212802]],[[128.3477205690207,36.12455013191526],[128.34827859482397,36.12470515788241],[128.3479658163551,36.125079129197466],[128.34718272255202,36.12492582977343],[128.3477205690207,36.12455013191526]],[[128.3482568462022,36.12082257438575],[128.34782549812655,36.12093703459789],[128.3478114345967,36.12075628923162],[128.3482568462022,36.12082257438575]],[[128.34697648321475,36.12322536083549],[128.34752336331724,36.1232908570327],[128.3477332884552,36.123013637886146],[128.34774950632683,36.12337254917801],[128.34797595464275,36.12336624939475],[128.34788287000345,36.12363944078929],[128.34822284833245,36.1237249035773],[128.34813937954038,36.12426606564991],[128.34758148286807,36.12419363948591],[128.34734572488765,36.12401294530966],[128.34744184319695,36.12383971322382],[128.3472227941153,36.12384580622716],[128.3473132189181,36.12348254041043],[128.34697648321475,36.12322536083549]],[[128.34679192540568,36.12413726265851],[128.34735687698995,36.12420649793244],[128.34748568506328,36.124461893074155],[128.34705612251855,36.12466623267616],[128.34679192540568,36.12413726265851]],[[128.3470633434262,36.12303970732392],[128.3468372605701,36.12286989636342],[128.34716415526026,36.12285783570288],[128.3470633434262,36.12303970732392]],[[128.34666922005894,36.12396742517814],[128.34632732782794,36.12361188031728],[128.34642269139806,36.12333777143087],[128.3468610620845,36.123320825099086],[128.34710252047586,36.12367273556738],[128.34712141891234,36.123938415637994],[128.34666922005894,36.12396742517814]],[[128.3461206252156,36.12578556978644],[128.34599332895328,36.12552476196656],[128.3461991109508,36.12524310618641],[128.3463254730602,36.1254219035899],[128.34698531040794,36.12539204623042],[128.3461206252156,36.12578556978644]],[[128.34669447871292,36.12431862754206],[128.34682862472758,36.12467289760592],[128.34640639365583,36.124970343647874],[128.34615581121568,36.12461314199304],[128.34638706312944,36.12452042878281],[128.34614162730162,36.124432982696],[128.34669447871292,36.12431862754206]],[[128.3459310438452,36.12444409577023],[128.34576088261454,36.1235453188899],[128.34656986029265,36.12414855102951],[128.3459310438452,36.12444409577023]],[[128.34575587703793,36.12526326331955],[128.34561503152545,36.12481746930588],[128.3461713270219,36.12488091842276],[128.34575587703793,36.12526326331955]],[[128.3446834008398,36.12593642662589],[128.34577696681419,36.12553178909536],[128.3454715154839,36.12617069465371],[128.34492881932076,36.12628529699917],[128.3446834008398,36.12593642662589]],[[128.34532282237566,36.12365351153287],[128.3452215356366,36.12382959985385],[128.34568901446073,36.12418611234248],[128.34560047527322,36.12462922279879],[128.3452688372868,36.124550128181156],[128.3453597249254,36.124195253591935],[128.34490138622382,36.12402329581539],[128.3448843124425,36.12376211044143],[128.34532282237566,36.12365351153287]],[[128.34565705498204,36.12535190665936],[128.34532172234296,36.12537002169887],[128.34529927509172,36.12519025880762],[128.34565705498204,36.12535190665936]],[[128.34512759144846,36.11771123605433],[128.34533373210618,36.11755814054068],[128.34559015675026,36.11771244865881],[128.34512759144846,36.11771123605433]],[[128.3452801058393,36.124736737351434],[128.34472637709328,36.124764014334744],[128.34422157456936,36.12387777526627],[128.34502835396256,36.124298282617666],[128.3452801058393,36.124736737351434]],[[128.34487270595088,36.12366780863371],[128.34474667661578,36.123405674844165],[128.34519605269605,36.12338459376222],[128.34487270595088,36.12366780863371]],[[128.34467753095606,36.12583702576509],[128.3443289055079,36.12557877292533],[128.34430639167064,36.125224259079],[128.34498025073103,36.12538184360276],[128.3450022618872,36.12564337174644],[128.34467753095606,36.12583702576509]],[[128.3440879734084,36.1251439480446],[128.34370933733538,36.12452717322329],[128.3443709554771,36.124502258508784],[128.34462677114516,36.124854510253286],[128.34461848279904,36.12503411732487],[128.3440879734084,36.1251439480446]],[[128.3446029884377,36.12647740420638],[128.34439120877178,36.126660349004396],[128.3439458522681,36.1265989901586],[128.34396300467955,36.12695351821268],[128.3435298135105,36.126967389828145],[128.34291977639165,36.1261805320205],[128.34300902347337,36.12573849070479],[128.34334340447273,36.1258060415201],[128.3429762572076,36.12510392117342],[128.34331780562349,36.12536292605669],[128.34342151423286,36.12517515863792],[128.34386219558877,36.12524808764941],[128.3446029884377,36.12647740420638]],[[128.3438596534165,36.11624048633844],[128.34432766837946,36.11624062438167],[128.34435377441116,36.11652541599519],[128.3438596534165,36.11624048633844]],[[128.34326035359499,36.11648763085905],[128.34397726166378,36.11663562518678],[128.34403333182865,36.11682930240128],[128.34317185379737,36.116654492514336],[128.34326035359499,36.11648763085905]],[[128.34367889281782,36.12398941685188],[128.34334649505877,36.124004438522725],[128.3433315819164,36.12382438070791],[128.34367889281782,36.12398941685188]],[[128.34262689106052,36.12592318302656],[128.3428269339849,36.12645213454904],[128.34341691845938,36.127005678581114],[128.34245431511428,36.12764719065602],[128.34090141622062,36.125906288491585],[128.34122043111654,36.12571310603645],[128.3417087278409,36.126324236637856],[128.34215229984162,36.12630667148521],[128.34203833048642,36.12613686109148],[128.34262689106052,36.12592318302656]],[[128.34291920262984,36.116044598796805],[128.3430335197228,36.1163503066705],[128.3426040767275,36.11625867103294],[128.34291920262984,36.116044598796805]],[[128.34278173064047,36.1257392684516],[128.34196655989192,36.12513667307756],[128.34182243458298,36.12460737913271],[128.34215182890546,36.124593615441036],[128.3424322264586,36.12539335078018],[128.3427540067238,36.12529046252786],[128.34278173064047,36.1257392684516]],[[128.34120409699355,36.12183609802786],[128.3415716072859,36.12218010494117],[128.34268931135136,36.12240669688784],[128.34272147906796,36.12293886806423],[128.34142595429702,36.12344048458266],[128.34103590164062,36.12274196380974],[128.34038313347196,36.12285851313413],[128.34035837527748,36.12250232287551],[128.33956217806647,36.12225285824203],[128.34011338967636,36.12195928634835],[128.3404400796425,36.122042728524846],[128.34042865151625,36.12177168100994],[128.34120409699355,36.12183609802786]],[[128.34248769175895,36.12088278014264],[128.34240058222323,36.12124862781424],[128.34226023212494,36.120889966633335],[128.34248769175895,36.12088278014264]],[[128.34233846581435,36.12395740650517],[128.34235895341587,36.12431284862731],[128.34191749078843,36.124239381172515],[128.34233846581435,36.12395740650517]],[[128.342332672259,36.1257640542387],[128.34212710270583,36.125937723967205],[128.3421085838984,36.125677344680916],[128.342332672259,36.1257640542387]],[[128.34166694339245,36.127592088664066],[128.34199876070934,36.127394483015394],[128.34224482434493,36.12783227329648],[128.34180552627544,36.12794525850488],[128.34166694339245,36.127592088664066]],[[128.3418732348586,36.12559336154696],[128.3417491330336,36.12515407065018],[128.34196922130675,36.12532661117229],[128.3418732348586,36.12559336154696]],[[128.34179085421476,36.12595575054626],[128.3419158790445,36.12613296237317],[128.34169425938524,36.12614956428293],[128.34179085421476,36.12595575054626]],[[128.34188034934505,36.12370114052229],[128.34154887808984,36.123803979042314],[128.34144017456453,36.12362930321449],[128.34188034934505,36.12370114052229]],[[128.34051578620094,36.12150499222009],[128.34106614739653,36.12120732171987],[128.3418459499198,36.121359669502866],[128.34186000799744,36.12153371037028],[128.341525918051,36.121553075825375],[128.3416537676675,36.12181542442116],[128.34051578620094,36.12150499222009]],[[128.34177391224858,36.12561742449886],[128.34157973978603,36.12596211440952],[128.341215461603,36.12544302727558],[128.34177391224858,36.12561742449886]],[[128.34112417818437,36.127887258330745],[128.34146101743036,36.127778985461376],[128.34170502963667,36.1281234465588],[128.34112417818437,36.127887258330745]],[[128.34146043158262,36.12480081846585],[128.34152012751022,36.125068731608195],[128.3410749371214,36.12499566329849],[128.34146043158262,36.12480081846585]],[[128.34143205047033,36.12380893536555],[128.341225466599,36.12391106087639],[128.34121964354355,36.12373090248196],[128.34143205047033,36.12380893536555]],[[128.3408215909341,36.12283889265226],[128.34119872150808,36.1235417509272],[128.33935235756613,36.12434535259211],[128.3390316993843,36.124354249261856],[128.3386573485669,36.123912059882656],[128.33909773129062,36.123543356218335],[128.3395563493482,36.12388397322945],[128.33931667613632,36.123437109338695],[128.33997079092657,36.12341554973147],[128.3408215909341,36.12283889265226]],[[128.3407596319828,36.1253718099837],[128.34095831761215,36.125000095987644],[128.34109196736063,36.125354184497716],[128.3407596319828,36.1253718099837]],[[128.34062498209198,36.12853318997617],[128.34084951841334,36.12870056170549],[128.3405208000202,36.128722101124595],[128.34062498209198,36.12853318997617]],[[128.3396230334782,36.1231631070946],[128.3394968717532,36.12298526344605],[128.33993363877866,36.12287586386484],[128.3396230334782,36.1231631070946]],[[128.33949370628946,36.12280562749667],[128.3395889250649,36.122532690943345],[128.33991078286485,36.12251646037726],[128.33949370628946,36.12280562749667]],[[128.33951030672876,36.116188052397945],[128.33930678265517,36.11613909477082],[128.33939965299422,36.11588070773578],[128.33951030672876,36.116188052397945]],[[128.33949213605857,36.1188720840991],[128.33922644769606,36.118628418037055],[128.33945186513137,36.118291870963176],[128.33949213605857,36.1188720840991]],[[128.33891857132122,36.120754390708754],[128.33868631723,36.120667210675904],[128.338667485204,36.12022033679573],[128.33944917486144,36.12019092296017],[128.33889690983554,36.12039573226305],[128.33891857132122,36.120754390708754]],[[128.33892339873063,36.122639438140546],[128.339250408465,36.1225410723565],[128.33940759632213,36.123351919895946],[128.3391920113372,36.12335790088442],[128.33917020967112,36.123087248605344],[128.33861814626772,36.12319218569273],[128.33892339873063,36.122639438140546]],[[128.33934797351543,36.11679951887053],[128.339286968709,36.11734203774961],[128.33901803635072,36.11747101753289],[128.33934797351543,36.11679951887053]],[[128.33896296512984,36.123274209090745],[128.33908519368669,36.12344869096787],[128.33865178888274,36.12356129310934],[128.33896296512984,36.123274209090745]],[[128.33886874036958,36.109911927975034],[128.33869525194277,36.10979373391867],[128.3385690119456,36.11012300510637],[128.33821983952325,36.11014572578284],[128.3383423169451,36.10963892885728],[128.33811607453762,36.109016921928195],[128.3388721979838,36.10916396354438],[128.33886874036958,36.109911927975034]],[[128.3380348027306,36.124487496509566],[128.33801251504113,36.12412766188551],[128.33832287140032,36.123843573244635],[128.33867010839083,36.12401126698991],[128.3388233172558,36.12454134387615],[128.33849425863292,36.12473962364446],[128.33760417988034,36.124683764367745],[128.3380348027306,36.124487496509566]],[[128.33826919945227,36.10820398689616],[128.33865734384395,36.10837916886375],[128.33860676767995,36.108552274720765],[128.33820237273542,36.108375422581624],[128.33826919945227,36.10820398689616]],[[128.33851948088605,36.128888667115184],[128.33830490622805,36.12889093257867],[128.3381587987932,36.12827222667792],[128.33861325540698,36.12852532430998],[128.33851948088605,36.128888667115184]],[[128.33786323089623,36.12358847005604],[128.3383938460368,36.123118364906],[128.33841744338127,36.12347407206639],[128.33810052043168,36.123757866648816],[128.33786323089623,36.12358847005604]],[[128.3382817218381,36.11359892839385],[128.3380686322591,36.11355371338104],[128.33809600151318,36.11309688060229],[128.33833739369626,36.11305467962198],[128.3382817218381,36.11359892839385]],[[128.3377836888806,36.12936881033417],[128.33813346531176,36.12971269421191],[128.33732861502062,36.12938894234868],[128.3377836888806,36.12936881033417]],[[128.3372322706501,36.114778368733965],[128.33805900880918,36.11466849703056],[128.3378441896372,36.11499639396366],[128.3372322706501,36.114778368733965]],[[128.33721910725328,36.115892428471525],[128.338000977285,36.11558903786336],[128.3378637687604,36.11602372532819],[128.33721910725328,36.115892428471525]],[[128.3379488924055,36.12864161818645],[128.33798041934082,36.1290865907588],[128.33721424542276,36.12921073775521],[128.33695719217138,36.128771161875044],[128.33729230620824,36.12857733154388],[128.3367245405053,36.12850338192752],[128.33657152740005,36.12788875196449],[128.33733226949653,36.12767297982872],[128.337701951059,36.128204343273296],[128.33760166669524,36.128466099745474],[128.3379488924055,36.12864161818645]],[[128.33769933906413,36.10743630054342],[128.33752616468982,36.107218828405955],[128.33796341151947,36.107304963692386],[128.33769933906413,36.10743630054342]],[[128.3376178636318,36.11504260074133],[128.33781738138842,36.11508495831596],[128.33770769050545,36.11543367946467],[128.3374909122785,36.1153891264249],[128.3376178636318,36.11504260074133]],[[128.33722870226694,36.12415434464482],[128.33765535140253,36.12378468127073],[128.3376936384292,36.124409935290835],[128.33737328067454,36.12451356825864],[128.33722870226694,36.12415434464482]],[[128.33727909297494,36.114618040390276],[128.3370384316783,36.114644187207766],[128.33709015836905,36.11447157989396],[128.33727909297494,36.114618040390276]],[[128.33649035260493,36.1052308310291],[128.33660100567494,36.10581274459887],[128.33630457409052,36.10565885003946],[128.33649035260493,36.1052308310291]],[[128.33610442729648,36.1077561280959],[128.33623285315664,36.10880248671787],[128.33555358053957,36.108382847518406],[128.33584409181762,36.10817417044854],[128.33575184842022,36.10777818379837],[128.33610442729648,36.1077561280959]],[[128.3360609817881,36.1071028376785],[128.33618173896815,36.10750378767919],[128.3358350214235,36.107517354471476],[128.33584022420385,36.10714242302608],[128.3360609817881,36.1071028376785]],[[128.33574142015803,36.10453062108388],[128.3357976818933,36.10472027720424],[128.33558005975885,36.10467299657184],[128.33574142015803,36.10453062108388]],[[128.33554524183523,36.12575905209155],[128.33543119369364,36.12558365447241],[128.3357696638124,36.1255717256488],[128.33554524183523,36.12575905209155]],[[128.33512089091099,36.11518785881265],[128.33521435048502,36.11500609602144],[128.33550623136887,36.115164112684354],[128.33512089091099,36.11518785881265]],[[128.33540258454065,36.10780006183341],[128.3352129419088,36.10804240579948],[128.3350703491549,36.10773861510685],[128.33540258454065,36.10780006183341]],[[128.3349580984747,36.105194956281494],[128.3351803772685,36.10524127867928],[128.33498195515972,36.10584928212732],[128.3349580984747,36.105194956281494]],[[128.33454763312977,36.10613656370886],[128.33517241311804,36.10598447382884],[128.33508674189682,36.106246717573576],[128.33454763312977,36.10613656370886]],[[128.33435249564477,36.104578777630195],[128.33453469905842,36.10436417569398],[128.3350716988924,36.10446913655586],[128.3350437563068,36.10493523684515],[128.33482637328848,36.10489120440134],[128.3349358487059,36.104538369509065],[128.33435249564477,36.104578777630195]],[[128.33504505902812,36.106421948756285],[128.33506087424112,36.106703872419295],[128.33487054895105,36.106577664366846],[128.33504505902812,36.106421948756285]],[[128.3348530462613,36.115028551220085],[128.3348017441028,36.11520206901626],[128.33436845837053,36.11512067984387],[128.3348530462613,36.115028551220085]],[[128.33484125770582,36.10777357763505],[128.33462043978295,36.10810379058904],[128.3344909205628,36.107798288274026],[128.33484125770582,36.10777357763505]],[[128.3342066391362,36.107363179740446],[128.33421921160743,36.10755307980787],[128.33386714258808,36.107575519880115],[128.3342066391362,36.107363179740446]],[[128.33410382580044,36.107713993218645],[128.33411232117302,36.10790269782118],[128.33388556358094,36.10785855460041],[128.33410382580044,36.107713993218645]],[[128.3339214939783,36.108140191309346],[128.33394518332707,36.10842548333918],[128.33367958427516,36.1081845389558],[128.3339214939783,36.108140191309346]],[[128.3326092350689,36.13408231855645],[128.3322883923816,36.13418501354463],[128.33215412835006,36.13383527388953],[128.3326092350689,36.13408231855645]],[[128.332601823296,36.132014115328275],[128.33235559885873,36.13166310731979],[128.3325775026078,36.13164951476711],[128.332601823296,36.132014115328275]],[[128.3313622125418,36.129991443937406],[128.3315015673987,36.13033864809817],[128.33171241477405,36.13033281095054],[128.33174835115625,36.130870627588315],[128.33208487264827,36.13086131059471],[128.33211793907546,36.13139773517113],[128.332441193217,36.13138878460497],[128.33224935138776,36.131756349644576],[128.33170241921863,36.131778535911685],[128.33143563611608,36.131166778332876],[128.331215378254,36.13116002526799],[128.3316426265541,36.130885594219826],[128.33130955519812,36.13080054486558],[128.33140452515633,36.13062687138802],[128.33092728729287,36.13019026703298],[128.3313622125418,36.129991443937406]],[[128.332207665381,36.13284064653807],[128.3322226736219,36.133197364819566],[128.3320063615766,36.13330202403093],[128.331552881168,36.13312948308566],[128.3316541241648,36.132768186556426],[128.33176791296043,36.13295010747593],[128.332207665381,36.13284064653807]],[[128.33160659040655,36.13196643912529],[128.33195819015043,36.13239449743128],[128.33141929046502,36.132692714722474],[128.33128007386043,36.13234045895196],[128.33160659040655,36.13196643912529]],[[128.3309141746161,36.13172064912096],[128.33159380015434,36.13186690724331],[128.33115450772203,36.13198130263197],[128.3309141746161,36.13172064912096]],[[128.33057539213056,36.13335736592343],[128.33156154417168,36.13322806147685],[128.33157548940383,36.13340711141074],[128.33057539213056,36.13335736592343]],[[128.3311300464621,36.13135029498241],[128.331327746352,36.13124897211935],[128.33134200670014,36.13142852147791],[128.3311300464621,36.13135029498241]],[[128.33009899249626,36.13292324991999],[128.3305471583114,36.132996748195296],[128.3302924468061,36.13246776783723],[128.3308413706541,36.132358101270015],[128.3308577645221,36.13262411017348],[128.33119289020738,36.13261483455631],[128.33120403743757,36.132879847375484],[128.33078465956154,36.13325544411731],[128.33024188918426,36.133370175910045],[128.33009899249626,36.13292324991999]],[[128.33079169409524,36.1297402236234],[128.3307100789616,36.13011112753603],[128.33057512830644,36.12974775553096],[128.33079169409524,36.1297402236234]],[[128.33072000258747,36.132084692582154],[128.33029247377783,36.13237762658691],[128.3298055599963,36.13186175755896],[128.33072000258747,36.132084692582154]],[[128.33058262170726,36.13353685196124],[128.3302574501807,36.133641699180245],[128.33024024333554,36.13346918341264],[128.33058262170726,36.13353685196124]],[[128.3299236353441,36.133651835373314],[128.3300158247406,36.133466662013845],[128.3301477386313,36.13373180072295],[128.3299236353441,36.133651835373314]],[[128.3295390077292,36.13285918183926],[128.32989459353092,36.13320130268365],[128.3297936856967,36.13347711111007],[128.3292587269998,36.133596631397815],[128.32902222775257,36.13350969374756],[128.3295390077292,36.13285918183926]],[[128.3296084664186,36.132227114024055],[128.32962562231762,36.13240290253485],[128.32918215352265,36.13242138378907],[128.3290425369273,36.132067315743996],[128.3296084664186,36.132227114024055]],[[128.3293227349826,36.1311529819019],[128.32947140631515,36.131774120788776],[128.32892855697557,36.13189126337601],[128.32880300130904,36.1317094765138],[128.32865266459882,36.13108945303423],[128.3293227349826,36.1311529819019]],[[128.32829296483538,36.13236522908003],[128.32873753049188,36.13243836049204],[128.32861226875852,36.13227014945784],[128.32893880236836,36.13216760842884],[128.32908815473868,36.13278558523556],[128.32785422284883,36.13274463051662],[128.32829296483538,36.13236522908003]],[[128.3289325131963,36.13016709086592],[128.3288064624954,36.13000604374673],[128.32902878753663,36.12998973800094],[128.3289325131963,36.13016709086592]],[[128.32870452276381,36.131898557627956],[128.32803863124417,36.13183510678081],[128.32823709830964,36.131733776867506],[128.328122952117,36.13156235740165],[128.3276931366007,36.13175999584496],[128.32744444738285,36.13149953240766],[128.32855148032422,36.13127523585824],[128.32846019186653,36.131635444598146],[128.3286796659616,36.1316293746854],[128.32870452276381,36.131898557627956]],[[128.32848025464062,36.13199682588402],[128.32848838689907,36.1321763841255],[128.3279518707004,36.13238028318486],[128.3280402743071,36.132015806678545],[128.32848025464062,36.13199682588402]],[[128.32706746296884,36.13088164906446],[128.32731445508907,36.13104964818423],[128.32698615171708,36.131161723118126],[128.32706746296884,36.13088164906446]],[[128.32663598399824,36.130985554782086],[128.32686508822962,36.13098124509405],[128.32688682068473,36.13133417359149],[128.32666689402814,36.13135449945196],[128.32663598399824,36.130985554782086]]],[[[128.35618713875888,36.148017697368076],[128.35525067461904,36.146774688285085],[128.35082466848553,36.14707533696336],[128.3508086670853,36.14842574701731],[128.3519407444742,36.14850410753545],[128.35187670298473,36.1491953509483],[128.35215741808702,36.14926479917442],[128.3521009673881,36.148503003435444],[128.35618713875888,36.148017697368076]]],[[[128.35599685412993,36.14494119392044],[128.3557382308238,36.145046555194725],[128.35610138110985,36.145229979035314],[128.35599685412993,36.14494119392044]]],[[[128.35535951877011,36.19820258577917],[128.35574444967614,36.19785211088511],[128.3555710590305,36.197639886165646],[128.35521144204182,36.197677708982575],[128.35535951877011,36.19820258577917]]],[[[128.35503198255577,36.14231380557083],[128.35476811312293,36.142763544141545],[128.35482996715302,36.14321626566695],[128.35554797028186,36.14349629303259],[128.3552936047615,36.142748936960864],[128.3554250947187,36.14256156708871],[128.35503198255577,36.14231380557083]]],[[[128.35468458159144,36.197622677690475],[128.3551208846559,36.196668262735514],[128.35476619470754,36.19651690700847],[128.35342235781332,36.19692264900921],[128.3532730200733,36.19742256569617],[128.35368217685144,36.19770632332275],[128.35362528953897,36.19728183206622],[128.35468458159144,36.197622677690475]]],[[[128.35480616161647,36.19841450583914],[128.3548578587185,36.198188638820895],[128.3543576517367,36.198194300761045],[128.35480616161647,36.19841450583914]]],[[[128.3417074014526,36.20095830459494],[128.34045807329426,36.20132452012892],[128.33937446623545,36.201317207581496],[128.34125558239435,36.20148739341503],[128.34196603092414,36.202045520799345],[128.34298467252148,36.2020668052628],[128.34435487791092,36.20172586176444],[128.34522732024362,36.20082892447859],[128.34607182259887,36.20054180534429],[128.3472392555426,36.20041598759442],[128.34916742343626,36.20072430739534],[128.35110933419045,36.19954620636267],[128.3532205724614,36.198870751134876],[128.3547730931088,36.19875641903566],[128.35361063861356,36.19793713620816],[128.3531300069069,36.19809142158475],[128.35341828706407,36.19781484441199],[128.35258438286138,36.19705206560743],[128.34927421610436,36.19840902248174],[128.34936190741868,36.1989096049733],[128.34906806190884,36.19924246815735],[128.34889773506515,36.19922635491326],[128.34891480904767,36.19848105609748],[128.34755070412515,36.198740923420566],[128.34737394912548,36.199186368479204],[128.34647908312292,36.19904510218212],[128.34494990550877,36.19994409828184],[128.34411415463578,36.19959475624858],[128.34233367450213,36.20036688358123],[128.3417074014526,36.20095830459494]],[[128.352272156366,36.1983505320947],[128.3518896107203,36.19842206020652],[128.35182905714504,36.19802816850071],[128.352272156366,36.1983505320947]]],[[[128.3532645925764,36.190129303627906],[128.35469511315878,36.18918649455197],[128.35279743965552,36.18834046583744],[128.35224177687886,36.18984981682163],[128.3532645925764,36.190129303627906]]],[[[128.35381726747116,36.1417209908196],[128.35336093685675,36.14111724283034],[128.35370864163357,36.141092203644675],[128.3535460602452,36.14035744710387],[128.35400285375934,36.140053685524386],[128.3538322264018,36.13976289974766],[128.3535161022001,36.14025956286066],[128.35328299612166,36.14018568559295],[128.35253195180638,36.137538708450656],[128.3514516526223,36.13703098983532],[128.35134883634734,36.13821559764226],[128.35165085210681,36.13910512649105],[128.35326457302295,36.141959183043284],[128.35381726747116,36.1417209908196]]],[[[128.35289051967015,36.196926774915916],[128.35315714847795,36.196501284571184],[128.35347781760632,36.196506625499715],[128.35324394479068,36.196347861217234],[128.35357146577047,36.19542420886358],[128.3524168368305,36.1952425286679],[128.3529403400088,36.19559668611709],[128.35202648032072,36.1967541022894],[128.3520527492868,36.19703501317053],[128.35289051967015,36.196926774915916]]],[[[128.35205724269073,36.19184356655347],[128.35309122442035,36.19091449025446],[128.35289874924126,36.19055196330597],[128.35226286636242,36.19045190541909],[128.35205065238205,36.19011023589181],[128.3516958114439,36.190632235123076],[128.35205724269073,36.19184356655347]]],[[[128.3510700357869,36.13718751671767],[128.35084022278429,36.13719802118977],[128.35090130689014,36.1374767050657],[128.3510700357869,36.13718751671767]]],[[[128.3493071377337,36.19295595729002],[128.3500690680174,36.19276967298949],[128.3502159036591,36.19214486371833],[128.34963168239918,36.19222951014675],[128.34985502091664,36.19167458322947],[128.34962362235927,36.19141386057868],[128.3492571078865,36.191375214710675],[128.34912074239975,36.19104442743054],[128.34851558177962,36.191076184475335],[128.34813096015026,36.191652684733874],[128.34770072478062,36.19172280530097],[128.34772885276075,36.19203278592623],[128.3481646686616,36.19260392570695],[128.3484598234394,36.192461059872244],[128.3493071377337,36.19295595729002]]],[[[128.3491633310544,36.190972237326214],[128.34946331580497,36.19099080047097],[128.3498175932603,36.19039880809971],[128.3497181352912,36.19022667605263],[128.3491633310544,36.190972237326214]]],[[[128.34884307368523,36.19832428535715],[128.34819687877314,36.19797794813019],[128.34802002592718,36.19850770385803],[128.34884307368523,36.19832428535715]]],[[[128.34465215656522,36.19765049035699],[128.34366912940533,36.198271746778595],[128.3434289735845,36.19883225044958],[128.3429031211911,36.19889652291007],[128.34278286223207,36.199427548300264],[128.34710942629482,36.19861769707066],[128.34687863993355,36.198436574562066],[128.34787460915018,36.19785514640854],[128.3475385697992,36.19758528338866],[128.34779916919535,36.19671483558877],[128.34812850260153,36.19671625984837],[128.34855969015373,36.195971402708466],[128.34799652869657,36.194868764875025],[128.34645239695098,36.19427348353136],[128.34545943180188,36.19516505792686],[128.34465215656522,36.19765049035699]]],[[[128.34732028000724,36.19437427387547],[128.34837746167162,36.19293953818452],[128.34731959745764,36.192712702372965],[128.34719881654556,36.19241777000167],[128.34689502375625,36.19246833723112],[128.34751023584857,36.19316758863265],[128.3474653190524,36.19349177528001],[128.34665936025266,36.19366554695833],[128.34687362749054,36.194228196542085],[128.34732028000724,36.19437427387547]]],[[[128.34714538182703,36.117553465085166],[128.34760859911788,36.11785172754831],[128.34774383038595,36.11741442136426],[128.34714538182703,36.117553465085166]]],[[[128.34556508390793,36.11668506710416],[128.34575547971946,36.116444810990224],[128.34486659376282,36.11636162374303],[128.34500117437983,36.116661257336446],[128.34556508390793,36.11668506710416]]],[[[128.34024052644747,36.21641740489093],[128.33775197404523,36.21642699368444],[128.33743402650686,36.216649711616775],[128.3369496379392,36.216323290992236],[128.33470038802113,36.21582375753438],[128.33444235056118,36.21584086714399],[128.33435547729414,36.21652493783332],[128.3336603598813,36.2166020872396],[128.3334309779665,36.21590635428406],[128.33306861591296,36.216068832662344],[128.33315376028355,36.21644027109004],[128.33195907548554,36.216732478803735],[128.33204501805798,36.21694297435411],[128.33099586810923,36.21709790720741],[128.3330878019559,36.2170546715462],[128.33307290736388,36.21752113003373],[128.33333480818638,36.217662905678026],[128.33357818710317,36.217027674131785],[128.3338650739733,36.21714698020584],[128.3340492971643,36.21778613827983],[128.33452033332458,36.217350698426124],[128.33623439439293,36.21741524765528],[128.33631151478042,36.21706153950194],[128.33703811173294,36.21766699282984],[128.33719925868095,36.219602256205384],[128.33719715355753,36.21746058953862],[128.33687879846352,36.21708440161135],[128.3372083848565,36.21714942766594],[128.33746877854057,36.217616268906],[128.33920750331154,36.217570464140685],[128.3398568381111,36.2174911350423],[128.33999786039797,36.216844180137336],[128.3403520846245,36.21668366525985],[128.34054349175548,36.21726982374472],[128.341809320948,36.21739512449768],[128.34218705198887,36.21679999802836],[128.342526700881,36.21691512707001],[128.34438828851327,36.216261647086924],[128.34412983514054,36.215612172728086],[128.34024052644747,36.21641740489093]],[[128.33506013899708,36.21677015056987],[128.33485598810017,36.21664912356347],[128.33490871667584,36.216163783216125],[128.3350948867484,36.2161347506209],[128.33523620770782,36.21642234067418],[128.33506013899708,36.21677015056987]]],[[[128.3433243544916,36.157707722490066],[128.34429888108858,36.1581385302262],[128.34401488117442,36.1576248336129],[128.3433243544916,36.157707722490066]]],[[[128.34295939972364,36.1601195493047],[128.34372099168343,36.16017256855917],[128.3439383830731,36.15965324358104],[128.3424692693854,36.15978381920178],[128.34295939972364,36.1601195493047]]],[[[128.3436500867946,36.1255329689606],[128.34342644861667,36.12544580084794],[128.343442840919,36.12562540765918],[128.3436500867946,36.1255329689606]]],[[[128.3417128282477,36.157678051582664],[128.3420021355379,36.15784428455045],[128.3428772659672,36.15776790807062],[128.3417128282477,36.157678051582664]]],[[[128.33727179873915,36.22129950352613],[128.33809772303107,36.22143224967825],[128.33852806779734,36.222130334525865],[128.33849804025,36.22249633814596],[128.34027053901696,36.22292544203643],[128.3414349852252,36.222732166795566],[128.34047370548697,36.221796759425196],[128.3386014377546,36.221209011259106],[128.33753988514934,36.221174131376564],[128.33724434256914,36.219693174256165],[128.33727179873915,36.22129950352613]],[[128.33909559509877,36.2221664292154],[128.33895128918587,36.22198292551411],[128.33919731092544,36.22194622207505],[128.33909559509877,36.2221664292154]]],[[[128.34105259519578,36.21797929987934],[128.3407205459064,36.21777848359597],[128.34097319709633,36.218430752636394],[128.34105259519578,36.21797929987934]]],[[[128.33882962491631,36.155745317320026],[128.33761147510901,36.15572537971448],[128.33694485383214,36.15610577895822],[128.3371084973844,36.1566567563995],[128.33930123311072,36.15812257167139],[128.3396045333573,36.157739097072],[128.33951783826006,36.157541966145445],[128.33943864869917,36.15778600973423],[128.33913810874503,36.157605897923894],[128.33950837916365,36.157521757697864],[128.33955867394693,36.15701870252406],[128.33882962491631,36.155745317320026]]],[[[128.3392628969457,36.20144857376258],[128.33876420537987,36.20154455944497],[128.33764412340395,36.20289464041739],[128.33684709731284,36.20301863450508],[128.33655273968637,36.204263343875326],[128.3361412383382,36.20410038615861],[128.33560501638632,36.20435076718464],[128.33525948297708,36.205255073789004],[128.33433804447,36.20589329153451],[128.33437195272938,36.20694318189196],[128.3349445735343,36.206678603059665],[128.3392628969457,36.20144857376258]]],[[[128.3384083774598,36.271094416452605],[128.33797530389597,36.270964095166825],[128.33735929304294,36.27166961075035],[128.33758700704692,36.271877748885906],[128.33845556864688,36.27168151029372],[128.3384083774598,36.271094416452605]]],[[[128.3376133536476,36.23863957411493],[128.33836608262695,36.23842926073773],[128.33756313373655,36.23847113451575],[128.3376133536476,36.23863957411493]]],[[[128.33749405087548,36.2179840009252],[128.33764290932754,36.21842297485759],[128.33778442600547,36.218355149959514],[128.33749405087548,36.2179840009252]]],[[[128.33730168747965,36.22165203134281],[128.3369440088928,36.22169234769468],[128.33749707312688,36.2218775103571],[128.33730168747965,36.22165203134281]]],[[[128.33514281161973,36.27027219477294],[128.33540453237683,36.27105874073749],[128.33596264571213,36.270385565228686],[128.33743908510112,36.27063814597278],[128.33724429794955,36.26995648615162],[128.33651880492496,36.26926584868769],[128.3364259834966,36.26822652434864],[128.3361429309468,36.267920779188444],[128.33572540967558,36.26811506788568],[128.3358643977182,36.26916956659726],[128.33514281161973,36.27027219477294]]],[[[128.33660982144602,36.12301714322435],[128.3367480596766,36.12335785876076],[128.33719363250825,36.1234332901158],[128.33660982144602,36.12301714322435]]],[[[128.33675190235715,36.267258578616186],[128.33694024666076,36.26721558390335],[128.33712503834133,36.26678340279739],[128.33675190235715,36.267258578616186]]],[[[128.33581923496027,36.23955859227578],[128.3369518791443,36.23920317644251],[128.3365459438071,36.23876641916149],[128.33618709915467,36.238778567001404],[128.33581923496027,36.23955859227578]]],[[[128.33694096744193,36.13219571688883],[128.3365096901881,36.132308387899506],[128.33652606166697,36.132488368007294],[128.33694096744193,36.13219571688883]]],[[[128.32822658066266,36.136635666030095],[128.3283354294798,36.13716811218561],[128.32877119779937,36.13711031427008],[128.33153063126926,36.137926337835346],[128.33165838938118,36.13854791544046],[128.33060752605564,36.13886660907146],[128.3300142482494,36.13931815473092],[128.33006919724644,36.139583358569915],[128.33207809368085,36.13894811107121],[128.3321492307696,36.140947516934744],[128.33172649202092,36.14273928844893],[128.33063236050415,36.14343572036782],[128.33066703885797,36.14361325380747],[128.3298091895409,36.14382046515243],[128.32969753125502,36.1432876756072],[128.32922550554133,36.14316331454184],[128.32866359251062,36.1426084580422],[128.32832818252788,36.14429606146148],[128.32850993372497,36.144635209573174],[128.32964376055227,36.144665183881706],[128.32982747626227,36.14500514074595],[128.32911461696332,36.145377739349414],[128.32905819717158,36.14620456258387],[128.32832742860964,36.146486101672956],[128.3283827074346,36.14674872057453],[128.32853219724385,36.14691475472783],[128.32929333805174,36.146812973089865],[128.32940645263372,36.14734503732945],[128.33020888471376,36.14742041903951],[128.33018857361228,36.14787959193146],[128.32988115218953,36.14801108347398],[128.3307768572259,36.14798369869644],[128.3305145268754,36.1483839621115],[128.33077502072766,36.14853254749534],[128.33079112848174,36.14916793122373],[128.33097420368955,36.14896046242564],[128.331448279879,36.149080387655],[128.33099381168827,36.14850340147379],[128.3311404812676,36.1481158637144],[128.331595036325,36.14814673522606],[128.3317417143986,36.14775932010472],[128.33118229357288,36.14719764773066],[128.3316316749988,36.14722525508466],[128.33170889443602,36.14703494038544],[128.33117587070157,36.14664587725521],[128.33112312146525,36.14583650631249],[128.33132469968533,36.14571319302138],[128.3311056874205,36.144652457990134],[128.3314903619231,36.143777557320334],[128.33180017150886,36.14364381840274],[128.3317284001282,36.143291450942264],[128.33223927561824,36.142487750699395],[128.3324611966174,36.141362201896264],[128.3333852726811,36.14151315927683],[128.33415777831257,36.141956835915],[128.3342120789574,36.14222190693573],[128.3346698742479,36.14225312391339],[128.3347766662775,36.14332617833169],[128.33567179769472,36.14385221332335],[128.33600042171125,36.143809510972986],[128.33656646891905,36.14437261809511],[128.33689796744451,36.14432669296081],[128.33665891890905,36.14426798967006],[128.3362658705949,36.14290837687304],[128.33626203562326,36.142677587286165],[128.3368980120373,36.14268229705225],[128.33649601942122,36.14237184584392],[128.33669738801535,36.14225258029587],[128.33654843819818,36.14208865172557],[128.33625651337056,36.14231226019221],[128.3364937441982,36.141824884764446],[128.33614850930118,36.141778691829046],[128.3360926601082,36.14151346959341],[128.33492227241962,36.14075773237738],[128.33461008662957,36.140885451014434],[128.33465197515602,36.14052318286224],[128.33408610394267,36.140503694760945],[128.33404965514592,36.140326610361974],[128.3343978983624,36.14037107186357],[128.3343395898171,36.14010374850199],[128.3338125816937,36.14026670408363],[128.333720221593,36.13982376300262],[128.33321076149093,36.13952641940142],[128.3337392243186,36.13936033951895],[128.33352148050557,36.13829721665817],[128.33418908264696,36.13829833245179],[128.3343830012414,36.13808952467831],[128.3338336390731,36.136522734391754],[128.3342881472721,36.136548553298375],[128.3344224010161,36.13607014355029],[128.33556914145865,36.135645184058],[128.33538660128968,36.13530755817424],[128.33631749707436,36.13435766210916],[128.33520485299854,36.13441698920114],[128.333664505733,36.13526756176808],[128.32822658066266,36.136635666030095]],[[128.33602312334654,36.141705099980506],[128.33569248212493,36.14174966584449],[128.33565447057632,36.141572533346796],[128.33602312334654,36.141705099980506]],[[128.3355644355224,36.14222137410686],[128.33571289572117,36.14238640966585],[128.33549071477032,36.14241606605151],[128.3355644355224,36.14222137410686]],[[128.33364847700338,36.140567993408624],[128.33344599433585,36.14068244171128],[128.33341025489176,36.14050452616012],[128.33364847700338,36.140567993408624]],[[128.333392914749,36.13877056246767],[128.33317336296014,36.13880089620415],[128.33307973376805,36.13835699353238],[128.3332730692653,36.13814696036183],[128.333392914749,36.13877056246767]],[[128.33244214161894,36.14017797200226],[128.33235123796302,36.13973415475338],[128.33268386119926,36.13968504429049],[128.33244214161894,36.14017797200226]],[[128.33244520618993,36.13634136767647],[128.33249883256954,36.13606462345116],[128.3326456205264,36.1362201513827],[128.33244520618993,36.13634136767647]],[[128.33087944884608,36.146846947469044],[128.3305558262285,36.146916978485805],[128.33050047190468,36.14665058934596],[128.3308344066428,36.14660832595856],[128.33087944884608,36.146846947469044]],[[128.33066730290233,36.14525793658434],[128.32984506814893,36.14509482392152],[128.3303727183528,36.144928329686046],[128.33066730290233,36.14525793658434]],[[128.32966944410404,36.14703579194746],[128.32989672182163,36.14700623284565],[128.32995185677805,36.147271570357674],[128.32973292211406,36.147300706113825],[128.32966944410404,36.14703579194746]],[[128.32937121878408,36.143336561866704],[128.32929901078026,36.14352185699201],[128.3291344019019,36.143272200989095],[128.32937121878408,36.143336561866704]],[[128.3288033596385,36.14386244713216],[128.32906269699438,36.14401265518816],[128.32873270829378,36.144056681051474],[128.3288033596385,36.14386244713216]]],[[[128.3361741883164,36.222183211080946],[128.33637941967868,36.2224933850946],[128.3366136313218,36.222420023200414],[128.33641905633593,36.22206740018119],[128.3361741883164,36.222183211080946]]],[[[128.3288780147236,36.241375137860146],[128.32949384794298,36.241608765022875],[128.3319139952466,36.241764192139954],[128.3346202191769,36.24287750649028],[128.33506574670542,36.24335059383794],[128.33605486763545,36.24141053690822],[128.3288780147236,36.241375137860146]]],[[[128.33474057735353,36.219309720854845],[128.33576249267935,36.218720994490226],[128.33556948579337,36.21788665065602],[128.33518500363363,36.21811018766092],[128.33467222150972,36.21904251546632],[128.33474057735353,36.219309720854845]]],[[[128.3354170910034,36.26450463296255],[128.3349767293535,36.26454066887919],[128.33466934181703,36.265379693840295],[128.33572732657132,36.266234964632346],[128.3354170910034,36.26450463296255]]],[[[128.33338058320552,36.13387770374836],[128.33343013973032,36.134686344660544],[128.3340945885024,36.13456658794777],[128.3337346532334,36.1342230666869],[128.3338216276273,36.13385688190263],[128.33438428710733,36.133924982188724],[128.33458310896182,36.133560034123974],[128.33512793524727,36.13335152332807],[128.33535470268467,36.1335200653659],[128.33554485978024,36.13297734383257],[128.33338058320552,36.13387770374836]]],[[[128.33443345247647,36.209028785641834],[128.33418944448522,36.20990992765829],[128.33441964533364,36.21019885927624],[128.33464963094852,36.2097400858078],[128.3354490192186,36.209285059223475],[128.33466472363526,36.20934005467801],[128.33443345247647,36.209028785641834]]],[[[128.3343975114915,36.134098532884565],[128.3343010914349,36.13429223184995],[128.33452272692006,36.13427675073106],[128.3343975114915,36.134098532884565]]],[[[128.333271894789,36.229369997260726],[128.33367067927526,36.22980211757068],[128.33387971808457,36.229502302261444],[128.33379039557005,36.228973506063376],[128.333271894789,36.229369997260726]]],[[[128.3326813406733,36.21890477633055],[128.33358672731487,36.21851426785684],[128.33356813971687,36.21790897385624],[128.33206022849714,36.2181807746705],[128.33188306620556,36.21858628677818],[128.33223522358276,36.218532748306046],[128.3326813406733,36.21890477633055]]],[[[128.33233089255796,36.20554535872342],[128.33328040729023,36.206002142588325],[128.3332822584441,36.205806149076224],[128.33233089255796,36.20554535872342]]],[[[128.33105789689643,36.2300469728177],[128.33279860359383,36.23016774914078],[128.33316324919366,36.22982483794525],[128.33284841339275,36.22902156514775],[128.33105789689643,36.2300469728177]]],[[[128.3291566166503,36.24893555242474],[128.33054563958623,36.248757642612674],[128.330714554778,36.24790136042783],[128.33180481449256,36.24662977720707],[128.33135683579323,36.246348749055656],[128.3316872697602,36.24600069201033],[128.33241990549323,36.24592152185359],[128.33313995334245,36.245063534517804],[128.3330474261261,36.24485401659643],[128.33257492817037,36.24457649651266],[128.328851882183,36.24497072356476],[128.32872013353386,36.248648179710905],[128.32810792287026,36.24865819705363],[128.3281169295601,36.24887195421046],[128.32877595876283,36.24919150784124],[128.3291566166503,36.24893555242474]],[[128.3298558712226,36.248078549153995],[128.33022825115376,36.24833733424045],[128.33014260765194,36.24864200301989],[128.32931499466537,36.248666742827794],[128.32931136208634,36.24818887187968],[128.3298558712226,36.248078549153995]]],[[[128.3305788109232,36.22950033932796],[128.32834954170872,36.230186601387636],[128.33062224404873,36.229584360754096],[128.33141101574748,36.229675853851845],[128.33277070381962,36.22873219831276],[128.33264732269504,36.22842716767288],[128.3305788109232,36.22950033932796]]],[[[128.3322588538211,36.20428266480091],[128.33164134310505,36.20416301968116],[128.33230769718432,36.20447449859791],[128.3322588538211,36.20428266480091]]],[[[128.3310369312154,36.25624876360161],[128.33007387900065,36.25575617371493],[128.32946361801987,36.25624422906463],[128.33044230916667,36.25831640585894],[128.33117357237685,36.258987074161695],[128.33143942233622,36.258915717887284],[128.331944294815,36.25799877083816],[128.3310369312154,36.25624876360161]]],[[[128.33091004862126,36.15016628460718],[128.33102658254026,36.14922973909402],[128.33073674291518,36.1494534949103],[128.33053460199363,36.15011894451256],[128.33091004862126,36.15016628460718]]],[[[128.3312247888709,36.150205970229855],[128.3319242549384,36.150294165960965],[128.3318855576554,36.15011673730913],[128.3312247888709,36.150205970229855]]],[[[128.3304666964635,36.240109264072096],[128.33096852517247,36.24022963058921],[128.33082866307305,36.240000208874335],[128.3304666964635,36.240109264072096]]],[[[128.32957705466248,36.216933967353654],[128.32990786298973,36.21698299960338],[128.3289193648051,36.21726837052266],[128.32883384527128,36.21778075507031],[128.32903362685556,36.21789392813365],[128.33054740036516,36.21772781323868],[128.33080583280034,36.2170723014642],[128.33069414797436,36.216139857000414],[128.33025575707256,36.21562752886426],[128.32957705466248,36.216933967353654]]],[[[128.33077264725003,36.21899249257571],[128.33067959166334,36.21807630298803],[128.3283523210331,36.21839376264959],[128.32728052523115,36.218272849884904],[128.32709954601083,36.218917411558124],[128.3260612341429,36.21958538054238],[128.3260155176239,36.22002367462027],[128.32735685621464,36.22000092901645],[128.32761143281323,36.21975621043908],[128.32819196573135,36.21997251511138],[128.3284162824234,36.219666283713224],[128.32890690068282,36.219598741488284],[128.32910736233103,36.21915386955953],[128.32946915909062,36.21946180386016],[128.33077264725003,36.21899249257571]]],[[[128.32729232150734,36.23209069900345],[128.32692859572938,36.23161017545173],[128.32596099668575,36.23143215247747],[128.32576989154592,36.23182619340053],[128.3260772857803,36.231647116494955],[128.3262685822834,36.23181045510016],[128.32598056832725,36.232056722849656],[128.32577751583324,36.23185107638982],[128.32562339586568,36.232092434105],[128.3255398086547,36.232600364111654],[128.32581661379552,36.2327952847368],[128.3256661647545,36.232974966633996],[128.32515410820116,36.23280903226839],[128.32462520909525,36.23320139332369],[128.32554318994534,36.233551893360556],[128.32595125610345,36.2328715271319],[128.32636525139844,36.23282564591658],[128.3264455628562,36.2339919698482],[128.32738497039134,36.23383440068334],[128.32828873223173,36.2329709731732],[128.3279665426594,36.232308326583755],[128.32905685403804,36.23124307636727],[128.32936416913628,36.23051695849268],[128.3303241066079,36.22991811788287],[128.3284335529404,36.23080666556571],[128.32814845660727,36.23109856331232],[128.32865397568565,36.23112099568522],[128.3286414440683,36.2313349009045],[128.32729232150734,36.23209069900345]],[[128.3268766280701,36.23301714982077],[128.32694971703611,36.232826270972936],[128.32748003929473,36.232743198886574],[128.32744982411094,36.23322373029627],[128.3268766280701,36.23301714982077]],[[128.3267695572718,36.232138694913274],[128.3265622574039,36.23231955816175],[128.32665454535834,36.23191468907261],[128.3267695572718,36.232138694913274]]],[[[128.32995857579533,36.252658013228945],[128.3291313893227,36.25281430676055],[128.3293349190458,36.25379944749708],[128.32919899645853,36.25549384522653],[128.3296711648864,36.255123903770354],[128.32962839243893,36.25444855788413],[128.3301792506257,36.25289348962274],[128.32995857579533,36.252658013228945]]],[[[128.32949525523884,36.25171287253475],[128.32987711166146,36.2516866470484],[128.32992922067396,36.25137114795711],[128.32939101282355,36.25140602485962],[128.32949525523884,36.25171287253475]]],[[[128.3294778346246,36.23162873986743],[128.32962340625554,36.23123253924482],[128.32915832613236,36.231561150968844],[128.3294778346246,36.23162873986743]]],[[[128.3286181564759,36.23250453411523],[128.3292745560662,36.23179712668052],[128.32891554463194,36.23176358073777],[128.3286181564759,36.23250453411523]]],[[[128.3269088706173,36.12808987239736],[128.32669829170226,36.12810103641118],[128.32527417442606,36.12861222689045],[128.32552843283523,36.129132307835924],[128.32477549592426,36.12935688266673],[128.32476707973763,36.12953720380333],[128.32454826914613,36.12945010107783],[128.32457508504478,36.12989538138425],[128.32435385075766,36.13008982672168],[128.32346573808925,36.12994359101811],[128.32362410897494,36.13074831805675],[128.32342458388274,36.130939802123486],[128.32852515451071,36.12901812799894],[128.32848149393308,36.12830034793003],[128.32870511593862,36.128289896664484],[128.32856577069282,36.12792866066554],[128.32714900325684,36.12853760152682],[128.3269088706173,36.12808987239736]],[[128.32749730679888,36.12869620794684],[128.32727387643138,36.1286208861377],[128.32792405277127,36.12831956130212],[128.32749730679888,36.12869620794684]],[[128.32606734994366,36.12893635017314],[128.32594909837783,36.128762825609584],[128.32617083555724,36.128753542578615],[128.32606734994366,36.12893635017314]]],[[[128.32785144402,36.23156130002598],[128.32806348816533,36.231069641507375],[128.32710174169748,36.23162647827089],[128.32785144402,36.23156130002598]]],[[[128.32567887168537,36.219954104750855],[128.32591986207717,36.21939072235051],[128.32321878144003,36.21957604168908],[128.32358323736975,36.22011247516381],[128.32369184940515,36.21989538329315],[128.32496553643807,36.21990565169208],[128.32549887078758,36.21969074589717],[128.32567887168537,36.219954104750855]]],[[[128.32569182688306,36.13166267290623],[128.32545476266034,36.131577166250516],[128.32559754792126,36.13193405841222],[128.32569182688306,36.13166267290623]]],[[[128.3087254389716,36.22933811315355],[128.30947800070248,36.23016844527978],[128.3108346852929,36.23074515787107],[128.31087417267997,36.23163190475377],[128.31016097863565,36.232145449044516],[128.3068473322896,36.23242881039241],[128.30667225835418,36.23264703662903],[128.30978506762418,36.2327095570927],[128.31031603267107,36.23529177280021],[128.31077120358742,36.235147384675976],[128.31048985197492,36.23482438635981],[128.31088859309463,36.234004102267804],[128.31091578579287,36.23444161312211],[128.31180115898255,36.23471190841359],[128.31246116131587,36.234387745665565],[128.31267328162198,36.23371419428294],[128.312794399729,36.234792500425954],[128.31328571611263,36.23467894547178],[128.31442455795997,36.23407211418482],[128.31454796260118,36.233506958533695],[128.31501653171344,36.233516849409405],[128.31546329228968,36.232784053788485],[128.31593996703094,36.2325975477019],[128.3195687170613,36.232780115318],[128.3199668843215,36.233062652054386],[128.32017165435585,36.23399041383392],[128.3214184521097,36.23365296015137],[128.3214553763189,36.23258304755233],[128.32250996876868,36.232474373035636],[128.32265424533077,36.23304426647144],[128.3229072649672,36.233149180285466],[128.3234492413049,36.23268371543775],[128.32454549141005,36.23234342591893],[128.3249286342224,36.23197873292465],[128.32506343661888,36.23114748884614],[128.3245527588595,36.23112672848121],[128.32466756372497,36.230700920817526],[128.32516081617425,36.23090746142115],[128.325457291139,36.23035085068449],[128.32545272896837,36.23008056350785],[128.32080908902006,36.23024594859306],[128.32071435552547,36.23067016942915],[128.31999952466055,36.230260957472666],[128.31240189273817,36.23029370691946],[128.31419833095123,36.23047431829773],[128.3151419508587,36.23107334554859],[128.31498886306443,36.23194861305656],[128.31363418046288,36.23225674353749],[128.31177562634645,36.23110770707919],[128.31164510509356,36.230226284948635],[128.30943033419118,36.22971633155369],[128.3087254389716,36.22933811315355]],[[128.32364711160994,36.23221098199148],[128.3228861543493,36.232147726849796],[128.32290642780282,36.23174518162723],[128.32317527446497,36.23147880927921],[128.32393506606607,36.23146539545139],[128.32422737290563,36.231981415127585],[128.32364711160994,36.23221098199148]],[[128.3197898444484,36.23107245974451],[128.32013009712404,36.231040542655826],[128.32032794428662,36.231433066934216],[128.31976234133163,36.23148892272132],[128.3197898444484,36.23107245974451]],[[128.31817602642846,36.23043363124696],[128.31872710327957,36.230783475394766],[128.3186456898626,36.231616174446245],[128.3182950184869,36.23187295804951],[128.3174869804162,36.23189688627108],[128.31713241112595,36.23126104672225],[128.3173832671217,36.23056631305552],[128.31817602642846,36.23043363124696]],[[128.31559722971662,36.23112321287997],[128.31626664634013,36.230949093749615],[128.31663195540227,36.231229986994975],[128.3166732440938,36.23172397807098],[128.3160227557471,36.23216216513995],[128.31569413522175,36.23206165190972],[128.31559722971662,36.23112321287997]]],[[[128.3209308975879,36.12127454352124],[128.320686693217,36.12067899317127],[128.32058877895602,36.12112622810828],[128.3209308975879,36.12127454352124]]],[[[128.32100809610927,36.12130801065664],[128.32231179115732,36.12187318908131],[128.32266707492323,36.12221961653923],[128.32310584683938,36.12219784245533],[128.32316154954634,36.12129757972126],[128.32281740876934,36.12112343611259],[128.3227681568168,36.120313770771176],[128.32189930355634,36.12072055372317],[128.3220464347359,36.12115066143521],[128.3224342231146,36.12123557734129],[128.32194189558174,36.1213426563399],[128.3218169876736,36.121172128559394],[128.32194466489184,36.12152437794373],[128.32100809610927,36.12130801065664]]],[[[128.31762025776632,36.211066208498636],[128.31693567848447,36.21245224740682],[128.3170130286275,36.212706737330564],[128.31793311468374,36.21314972681699],[128.31854407176854,36.21316858436866],[128.3186479597264,36.213497976312105],[128.31955433384667,36.214138401828585],[128.32045017831504,36.21403128632939],[128.32110943427548,36.21328241104861],[128.31907150686882,36.212231727383696],[128.31762025776632,36.211066208498636]]],[[[128.31926754457788,36.23416950278588],[128.31864725591288,36.234110053444425],[128.3184982426096,36.234432994167044],[128.3177710152445,36.23443256640609],[128.31748300048167,36.23469136654527],[128.31646980813423,36.234684845218474],[128.31649057192854,36.235000759675394],[128.31565743770088,36.23518850338237],[128.31585752576308,36.23546154168085],[128.31691671312691,36.235308208457376],[128.31721826516204,36.2355284676611],[128.31637566491762,36.236085411795415],[128.3149673536402,36.23606393941157],[128.31487061190487,36.236553216661946],[128.31756889531732,36.23703817855889],[128.31796864754853,36.23697274978817],[128.31804355983252,36.236548822472564],[128.31915077243593,36.235615491988085],[128.31925690736648,36.23580174021674],[128.31848535985944,36.23640217615859],[128.31830061850607,36.23689963214489],[128.3191803802828,36.23673076871878],[128.31932452544606,36.236067984457975],[128.31985029002993,36.2358255124982],[128.3208561149553,36.23576727899645],[128.32081773121377,36.23460248349984],[128.32010138391897,36.23462420219732],[128.31926754457788,36.23416950278588]]],[[[128.31437122533532,36.20846247511053],[128.3143231724245,36.20891356794183],[128.31459439485593,36.20937031446012],[128.3179079364961,36.210496173225096],[128.31733846276558,36.209691427435594],[128.3168894654244,36.2083927620395],[128.31624070591764,36.20828185196036],[128.3166776862241,36.20783302176565],[128.31568137469108,36.20771663083067],[128.31437122533532,36.20846247511053]]],[[[128.31377779426546,36.20567327201216],[128.31346289598756,36.20599434037342],[128.3133127012442,36.20698723236592],[128.31287629316842,36.207487642903736],[128.31127949218714,36.20744455048161],[128.31083631548043,36.20768040726755],[128.31343817656764,36.20784192901037],[128.31411123809156,36.2081949915151],[128.31526963213085,36.20747929749863],[128.31554720957607,36.20660608518103],[128.31505253456086,36.20592766638681],[128.31430150673165,36.206139929760226],[128.31377779426546,36.20567327201216]]],[[[128.30928538155104,36.20741477781103],[128.3100474086151,36.20787909876136],[128.31060252141071,36.20782796363972],[128.31059500921535,36.20737748061119],[128.30928538155104,36.20741477781103]]],[[[128.30659412519393,36.22839527703646],[128.30584292746045,36.22802173121519],[128.3050942763021,36.22808062050268],[128.30521008355976,36.22853955249679],[128.30659412519393,36.22839527703646]]],[[[128.3063573618417,36.2434124546152],[128.3064757226542,36.24194506407746],[128.30630161134638,36.2415831323037],[128.30592078228258,36.24163012200437],[128.30567123188473,36.24259813078132],[128.30591054378132,36.24257135915819],[128.30587151789854,36.24285687718292],[128.3063573618417,36.2434124546152]]],[[[128.30249578252236,36.23863353770832],[128.30122500387793,36.239142987643646],[128.30045451640584,36.23953199711116],[128.2996948537991,36.24042772931505],[128.30033667325839,36.24067529094246],[128.30039100231087,36.24093305074087],[128.30201401560484,36.24153789057311],[128.3019001633359,36.242027935116774],[128.3026927743601,36.242219581222116],[128.30259097876328,36.2429764231057],[128.30347615355052,36.24325691526406],[128.30415517474904,36.24300971794144],[128.30465523112215,36.2422225504744],[128.30528546953843,36.24197985734103],[128.30534189728124,36.241337983876605],[128.3061978182936,36.24107890331565],[128.30555798479085,36.23882543768878],[128.30572619684062,36.23787760334805],[128.30249578252236,36.23863353770832]]],[[[128.3034595114567,36.23394087128402],[128.30403406631746,36.233671250568136],[128.30505483177566,36.23279286501123],[128.30505192201895,36.23232186471734],[128.30427039480972,36.232046207307214],[128.30391880280695,36.23227635990031],[128.30371162543958,36.23205099312977],[128.30377861872864,36.23107227339788],[128.3034350423853,36.23036753505929],[128.30320905044775,36.23243973133786],[128.30144895581395,36.232259449140514],[128.30152670229808,36.232738316971925],[128.30100102691884,36.23279305727864],[128.30134598539362,36.2333410226912],[128.30146536317363,36.233134662446005],[128.30160289091734,36.23335667744862],[128.30225119991218,36.233197000568104],[128.30250293688223,36.233499136736874],[128.30309662778265,36.23358633896452],[128.3032364289795,36.23340841850092],[128.3034595114567,36.23394087128402]],[[128.3016756792574,36.23284171538321],[128.30212854509307,36.232980408576005],[128.3016526063539,36.23306019860504],[128.3016756792574,36.23284171538321]]],[[[128.30320387792278,36.22525247244052],[128.30319346762602,36.22578446362724],[128.303606009142,36.225897751256035],[128.30320387792278,36.22525247244052]]],[[[128.29280141620367,36.23769733925804],[128.29309405597456,36.238542919139874],[128.29368636638162,36.238125300466095],[128.29399056923216,36.239101789553956],[128.29571999171418,36.23912949721177],[128.29585664478714,36.238629817651024],[128.29653624016512,36.238552660500645],[128.29662770554094,36.23873853055505],[128.29624659362986,36.23901180346367],[128.2961981906278,36.23942260236732],[128.29701227733054,36.23963087072234],[128.29791371629858,36.239549176146916],[128.29817324036395,36.23924708024531],[128.29837738016218,36.23955690797307],[128.29882500108752,36.23918583858133],[128.30008714235123,36.239128910717795],[128.3013481737072,36.23875552919984],[128.30171019431475,36.23821555930796],[128.30265304672005,36.238055542767],[128.30250162558426,36.237757926364026],[128.3021160285195,36.237665969476915],[128.29965126412299,36.23780670179342],[128.29280141620367,36.23769733925804]],[[128.29738962335435,36.23874355447971],[128.29752103618614,36.23896219199731],[128.29701275430438,36.23903185362819],[128.29668700357723,36.2387717873102],[128.29738962335435,36.23874355447971]],[[128.29696829682013,36.23921591066255],[128.2969180905656,36.239391698179084],[128.29675304765192,36.23928097264652],[128.29696829682013,36.23921591066255]]],[[[128.29530489025137,36.21567541357834],[128.29546876873792,36.217005337103956],[128.29676483733482,36.21689855666664],[128.2959492716424,36.215011190682304],[128.29700788296364,36.21461255657267],[128.29590912137647,36.21477883614795],[128.29511523100777,36.214289005379435],[128.2956632631887,36.213994853593825],[128.29500009495533,36.212458435056746],[128.29415101435706,36.21265632821358],[128.29530489025137,36.21567541357834]]],[[[128.2906920992021,36.21572055675926],[128.29006236600674,36.216194441509934],[128.29357480814483,36.21559933655616],[128.29275109069056,36.21606739877632],[128.29070299580135,36.21648838262979],[128.29092940703114,36.21687524778822],[128.29072595722573,36.217262816014774],[128.29158275618812,36.217735491657415],[128.29299998296503,36.217317553968726],[128.29500484787604,36.21710912486866],[128.29450852964115,36.2143943661989],[128.29371606914992,36.21276605128732],[128.29290022928396,36.212977839328225],[128.2926518810434,36.21256572792235],[128.29191281363168,36.21276416582299],[128.29174750411613,36.21345336636546],[128.29131330162136,36.21319728618961],[128.29139618711406,36.21292628098151],[128.29072420710708,36.21312654313297],[128.29067460691812,36.214103833066005],[128.29027693716327,36.214169814322624],[128.2900618029142,36.214691124673465],[128.29066279401704,36.21527230305245],[128.2906920992021,36.21572055675926]],[[128.29278093928843,36.21613201450824],[128.29276331945783,36.21645477023918],[128.2925972864211,36.21639664508693],[128.29278093928843,36.21613201450824]],[[128.2921482485945,36.21492118852018],[128.29189341773818,36.21434509100259],[128.2920819722752,36.214202131643106],[128.29221905671628,36.214601666560874],[128.2927401751463,36.21472269248013],[128.29238732175887,36.215095305790264],[128.29245993581898,36.215579496901555],[128.2921167182822,36.2156577245063],[128.29196811504372,36.21560560383107],[128.29229039556617,36.21537447068042],[128.29201629948994,36.21515451778261],[128.2921482485945,36.21492118852018]],[[128.29168684578414,36.21403692820083],[128.29190705092785,36.2137083979374],[128.29204873747503,36.21411998020132],[128.29168684578414,36.21403692820083]],[[128.29078382896225,36.214478531371014],[128.29061527990132,36.214302428227285],[128.290804112458,36.214260980295656],[128.29078382896225,36.214478531371014]]],[[[128.28893858364756,36.200383645304115],[128.28848055848675,36.20200068998669],[128.28892553812844,36.20245096163989],[128.28918097278716,36.2024542126186],[128.28952662534817,36.20135041596902],[128.2893339577027,36.201102015287745],[128.28949171626425,36.20066056685257],[128.28893858364756,36.200383645304115]]],[[[128.28898732085273,36.20416825147612],[128.28930200781542,36.20339229809404],[128.28918550847683,36.20312981302541],[128.2881993251761,36.20332135724103],[128.288660563691,36.203863476698075],[128.288542477916,36.20422418965755],[128.28898732085273,36.20416825147612]]],[[[128.28894873914942,36.21639864109162],[128.2882804048991,36.216413798552175],[128.28803965684875,36.216690463346616],[128.28894873914942,36.21639864109162]]],[[[128.2886123722168,36.20035128958878],[128.2884541849124,36.200030564335314],[128.28696416039284,36.19954235139295],[128.28697151077694,36.19980939397128],[128.28659514814424,36.200016383265464],[128.28680069587807,36.20023323450206],[128.2862049364895,36.200578188767935],[128.28639277707234,36.199480937495785],[128.285398058947,36.19937151530684],[128.28540998529897,36.19900097945423],[128.28448226454609,36.19857174174445],[128.28434558866533,36.199072645537825],[128.28402494261903,36.19922342903692],[128.28416631014755,36.198874362390406],[128.2837301296436,36.198189330536685],[128.28227445015676,36.19792997753146],[128.28188608221592,36.19849840608031],[128.28175117353467,36.1978540294211],[128.27987923964133,36.19766505323633],[128.27966759101503,36.198599570052686],[128.2792320639093,36.19926040121836],[128.28007474303342,36.201142812585076],[128.28600727060356,36.202184333770475],[128.2865939711632,36.20352626144369],[128.28650249945335,36.204125121419025],[128.28603983198505,36.2042301102214],[128.28631720081833,36.2045414084796],[128.285832816108,36.20523074138082],[128.2861114862547,36.205275628094576],[128.28596086028887,36.20601074288557],[128.28615685612135,36.20638105423165],[128.28700338968676,36.20670907840365],[128.2872441269807,36.20671657449264],[128.28712381656385,36.20625298295478],[128.2874473753026,36.2050860534712],[128.28733249286472,36.20468005453433],[128.28707149217033,36.204730824827486],[128.28656523048295,36.20527150883233],[128.28664552121955,36.20406211643528],[128.28681886747736,36.20375960429202],[128.28780788363855,36.20383475862928],[128.2880389247835,36.202694387127494],[128.28767913924696,36.2024303780434],[128.28795815352484,36.2023628155894],[128.2886123722168,36.20035128958878]],[[128.28624264171683,36.200960933184675],[128.28635623599294,36.20124832033306],[128.28590280984284,36.202122353470095],[128.2856690291733,36.201984199163874],[128.28624264171683,36.200960933184675]],[[128.2843148531963,36.20035376567713],[128.28387673185387,36.20070610490718],[128.28415093141788,36.201210277215026],[128.28348991283158,36.201699588081034],[128.2833284582363,36.2015743452483],[128.28386876862223,36.200083908289734],[128.2843148531963,36.20035376567713]],[[128.28403023719045,36.19957367556446],[128.28390700656388,36.19937072217623],[128.28409580734711,36.19932928538196],[128.28403023719045,36.19957367556446]],[[128.28141016313927,36.20096979242848],[128.28126484952216,36.20080981505779],[128.28143234069822,36.20075874959857],[128.28141016313927,36.20096979242848]],[[128.2813786455941,36.201231164936615],[128.28110063169024,36.201227804693495],[128.28134465984547,36.2010709295496],[128.2813786455941,36.201231164936615]]],[[[128.28618634459696,36.20818300390422],[128.28711509504615,36.20718177121497],[128.28671832337497,36.20671766432208],[128.28618634459696,36.20818300390422]]],[[[128.28447345472824,36.20202863597858],[128.28417384854862,36.202131955697816],[128.2845072792684,36.202784625586695],[128.28424224739922,36.20303171788547],[128.28451513965211,36.20329566797672],[128.285401516563,36.2032501825573],[128.28564882710947,36.202574096717846],[128.28447345472824,36.20202863597858]]],[[[128.28243904650415,36.19757818594718],[128.28354418050293,36.19773864619522],[128.28338986067433,36.19694885051506],[128.2824178218439,36.19711451352255],[128.28243904650415,36.19757818594718]]],[[[128.27765460110024,36.22743369870846],[128.2782373686034,36.22722701623448],[128.27882380310436,36.227591410518386],[128.27980373629623,36.22770307204965],[128.28129845536148,36.227203029012365],[128.28214096908786,36.22720420264168],[128.2820379950783,36.22669271404249],[128.28280815482626,36.2268637899385],[128.28231873778304,36.22644188436782],[128.28012417794756,36.226424143097326],[128.27969412804148,36.22662535401009],[128.27792704302576,36.22649036098231],[128.27822808406313,36.22666181047751],[128.277532935624,36.227178905434016],[128.27765460110024,36.22743369870846]]],[[[128.2814807051024,36.19705559678262],[128.28151337652142,36.19743372104082],[128.28196315627508,36.19752363483662],[128.28201894959872,36.1973113415966],[128.2814807051024,36.19705559678262]]],[[[128.27759509385112,36.196900020191556],[128.27644341519647,36.19723461570718],[128.27686463007774,36.197981533508454],[128.2777034708468,36.197929200042125],[128.27817986791644,36.19726890627188],[128.27904364537596,36.1972261519667],[128.2789133411691,36.197042583740895],[128.27759509385112,36.196900020191556]]],[[[128.27786987407023,36.19851129697753],[128.27740944599697,36.198342867311254],[128.27723359276922,36.19853505323637],[128.27757834504024,36.1992023209821],[128.27807723290604,36.199460408544496],[128.27819538720306,36.20008997197636],[128.27862547997302,36.198796655892544],[128.2780898245253,36.19826715913173],[128.27786987407023,36.19851129697753]]],[[[128.27586695901388,36.19999082049944],[128.27600406639675,36.20029341980449],[128.27641818590072,36.20006908121993],[128.27677717553877,36.20029769448462],[128.27764945180905,36.2002791773124],[128.27719342305124,36.199515339689434],[128.27586695901388,36.19999082049944]]],[[[128.2752426534046,36.19913941342033],[128.27672835882296,36.19839357538276],[128.27620817237766,36.19750001285499],[128.2758149747352,36.197860178151195],[128.27416848806948,36.19820546328218],[128.27372809230334,36.19865111763487],[128.27436189104014,36.19931648874116],[128.2742181817551,36.199479920599494],[128.2746285227905,36.199537486796736],[128.27508045625396,36.200077222403415],[128.27569622893037,36.199877661987635],[128.2752426534046,36.19913941342033]]],[[[128.2686633227294,36.225604700055],[128.2691745625927,36.22623587109509],[128.2698959503447,36.22644679756485],[128.2709497029049,36.22621300761522],[128.27136670834352,36.22575664317431],[128.2725335978238,36.22605348861033],[128.27405742547248,36.22546812765588],[128.2740483888566,36.22518707880699],[128.27566845997356,36.22550361303791],[128.27352521115824,36.2247561583988],[128.27338799500345,36.22454713174168],[128.27359110406096,36.22431288321013],[128.27311753007533,36.22350264563826],[128.27258395877814,36.22326578777191],[128.27204860422114,36.22342811481622],[128.27289955672336,36.222785576430745],[128.27251803848043,36.22141855339008],[128.27055961404096,36.22240883689722],[128.27054094655384,36.22277474910117],[128.27028686369277,36.222568678845825],[128.27000822457666,36.22270114679732],[128.27029124694894,36.22319278573543],[128.26894270593272,36.22419261534684],[128.2691693681004,36.22434044452905],[128.268815808962,36.22464805905915],[128.26898233563176,36.22492456626742],[128.269522087182,36.22478739019162],[128.2686633227294,36.225604700055]]],[[[128.27192254894356,36.21121320135761],[128.27004869669415,36.21043063468392],[128.26919193850188,36.21038257781433],[128.26979221837524,36.21057345511239],[128.26987667364634,36.21130862988427],[128.2712177373367,36.21202151293355],[128.27159786617207,36.2119504375472],[128.27207003780234,36.212581473692055],[128.272498908674,36.21247100784547],[128.27242880244248,36.21281647868001],[128.26988911745795,36.21592889192274],[128.27068167774098,36.21593554743539],[128.2712736086055,36.21666322864747],[128.27240792994877,36.2172450065717],[128.2733594947805,36.21675880131776],[128.27388718567957,36.21619164764184],[128.27338031901533,36.2160394356193],[128.27256481829812,36.21630343159721],[128.27249141364464,36.21589096866359],[128.27191123480827,36.21594581012134],[128.27178126216356,36.21552286783587],[128.27116946103607,36.215549191904515],[128.27078410531755,36.215276245406045],[128.27125471682695,36.21448096550773],[128.27181389768063,36.21431141251016],[128.27200156251132,36.21465399231184],[128.27284270464668,36.21433300201918],[128.27307773380846,36.21456395113505],[128.27396472649914,36.21388414738644],[128.2728390763547,36.21311650996741],[128.27226576245894,36.21345885629998],[128.27273038759586,36.21279762206268],[128.2732534450242,36.213064510748666],[128.27373359426983,36.21268447842732],[128.2737086564758,36.212301743053864],[128.27415178032902,36.21153791283114],[128.27325234844145,36.21079969415806],[128.27412027180392,36.21018288769952],[128.27456023622543,36.20942567228038],[128.27390813679068,36.20945840381148],[128.27338775084772,36.20887225083848],[128.2730700668656,36.208966301408374],[128.27300161578074,36.208524115712024],[128.2724572803352,36.208283442233885],[128.2715701612069,36.20884570129582],[128.2714853027839,36.20963037473111],[128.27221628058717,36.21023696995268],[128.27127057816136,36.20971111251984],[128.27062224460403,36.20969718059884],[128.27062560874853,36.210132821826264],[128.27104723583864,36.21003848827276],[128.27192254894356,36.21121320135761]]],[[[128.273428021154,36.1997035475812],[128.27326819287853,36.19917463417348],[128.2718601288314,36.19957160468946],[128.27306432206032,36.19963355728191],[128.27315299722682,36.19980992204624],[128.27275753641226,36.20006283145097],[128.2730905992361,36.20014816870611],[128.27375662494404,36.1997759279545],[128.273428021154,36.1997035475812]]],[[[128.27316292753363,36.238668867164904],[128.2736575382353,36.23848621537346],[128.27350693576727,36.238059434987996],[128.27290798612313,36.23825579605998],[128.27316292753363,36.238668867164904]]],[[[128.26867035356022,36.23978835923327],[128.26885558669858,36.239994225894755],[128.26956106285562,36.23983772882954],[128.270335952049,36.23931922012751],[128.27216508053996,36.23918319583218],[128.27247634024954,36.239531284813964],[128.27305168069537,36.23926607754297],[128.27257582986036,36.238947945807176],[128.27244368094392,36.238627296272604],[128.27271234858392,36.23831177877505],[128.27235721091887,36.2379888590627],[128.2716645650447,36.23785804760198],[128.27204942257762,36.238042280302174],[128.27203077135795,36.238267275553156],[128.27157308626957,36.23850117008717],[128.27120594642034,36.23779271678599],[128.2698437346339,36.23815444357824],[128.27023876228398,36.238729932449694],[128.27065053425537,36.23882561358741],[128.26867035356022,36.23978835923327]]],[[[128.26973047771727,36.216562292786364],[128.2714945884186,36.21734192843855],[128.2722872280631,36.21816333380273],[128.27241485953903,36.21800651126941],[128.27227098251197,36.21731453354807],[128.27185546389788,36.21744035630456],[128.27153575286974,36.21709305570643],[128.2703161893115,36.21667859490518],[128.2698795462567,36.216077866213176],[128.26964324323532,36.216325284015944],[128.26973047771727,36.216562292786364]]],[[[128.2689565379938,36.218931896002275],[128.26927660829088,36.21874680097526],[128.26934953467048,36.21898122586069],[128.2697022539175,36.21896614620312],[128.26889691423392,36.2197542628959],[128.26864154121483,36.22065064466529],[128.2694532726743,36.220982785833364],[128.2699214094261,36.22077070153549],[128.26998606761683,36.22041158863631],[128.27019065695123,36.22049654808707],[128.26999389785848,36.22169691236339],[128.27016818365243,36.22194831395129],[128.27084936379347,36.22193479871678],[128.27099934295754,36.2216031530464],[128.27177123634175,36.22142497993175],[128.2722524208216,36.22081000006517],[128.27174980129897,36.22006612038766],[128.27200684980397,36.21877427338953],[128.27151566116945,36.21833606912477],[128.27104672362572,36.21828063601048],[128.27092625785912,36.21787034551519],[128.270509786404,36.21767721395676],[128.2689565379938,36.218931896002275]],[[128.2703819196834,36.21801870713073],[128.270659988733,36.218054476105905],[128.27066068419805,36.21835435519166],[128.2703819196834,36.21801870713073]]],[[[128.27156045416052,36.213391142193174],[128.2714731485765,36.213052807393886],[128.27089888460216,36.21295661951393],[128.27074026018303,36.21343019748609],[128.2708971894479,36.21385389039978],[128.27156045416052,36.213391142193174]]],[[[128.2698192467811,36.212481735012005],[128.26968065914542,36.21308742248499],[128.27011063745238,36.21281468526309],[128.2698192467811,36.212481735012005]]],[[[128.2688074250108,36.22244346431995],[128.26850588325001,36.22254905117005],[128.2689755695546,36.223074036674184],[128.26949514411749,36.22283199093213],[128.2697973697645,36.221689694980924],[128.26877168836896,36.22169438986288],[128.2688074250108,36.22244346431995]]],[[[128.2687619908362,36.20136521238717],[128.26878345898393,36.201551249592434],[128.2693005374329,36.20133445173421],[128.2687619908362,36.20136521238717]]],[[[128.26820588300288,36.23848680079772],[128.26848329719058,36.239123326990075],[128.26893010727287,36.23887831250539],[128.2685072531972,36.23842795246744],[128.26820588300288,36.23848680079772]]],[[[128.26661828813488,36.20232991708375],[128.26646776539113,36.20257460422963],[128.2670694450093,36.202910879521376],[128.26727638078427,36.202526156077624],[128.26661828813488,36.20232991708375]]],[[[128.26310488617145,36.2395439266766],[128.26329240146046,36.23911047929122],[128.2630460107687,36.23915128994091],[128.26156068940918,36.24030683697116],[128.26220438495088,36.240256429195554],[128.2630685731281,36.241249608397965],[128.2635648226067,36.241340138755355],[128.2646584364071,36.24054168551142],[128.26547598257181,36.23943356251806],[128.26568904889533,36.238737916000254],[128.26503315559373,36.238710669554614],[128.26480131497206,36.23916740646719],[128.26396343320752,36.23915634316113],[128.26310488617145,36.2395439266766]]],[[[128.26400931215184,36.20640092448074],[128.26311920601947,36.2063652664247],[128.26306796334995,36.20663614806637],[128.2644013155698,36.20657701031815],[128.2646185876384,36.20625931688697],[128.26400134288596,36.2059053839478],[128.26400931215184,36.20640092448074]]],[[[128.2639805298533,36.23903395021044],[128.26428901976507,36.23882961089935],[128.2638744698052,36.23886209600697],[128.2639805298533,36.23903395021044]]],[[[128.26264733247623,36.20598203872965],[128.26358475571033,36.206018652447725],[128.26193321305834,36.20563601802178],[128.26264733247623,36.20598203872965]]],[[[128.25858155297828,36.20865723067892],[128.25848678737987,36.20893562330874],[128.25733410173316,36.209911875766544],[128.25645147997986,36.209433006576845],[128.25587010285528,36.21013162376859],[128.2566090028729,36.210453671542545],[128.25659505982358,36.21069610638407],[128.257314825828,36.21010640898678],[128.25793610612007,36.21027095392968],[128.25793552710462,36.20991392720312],[128.25855436534468,36.21012928249564],[128.258643505467,36.209919688712795],[128.25830677151424,36.2094968675869],[128.25872307634668,36.209387872723475],[128.25879655967933,36.20889390711903],[128.2590756737211,36.208952182100774],[128.26011951695364,36.20974505148726],[128.25951676888255,36.209445838532304],[128.25816482784822,36.210931685203256],[128.258398271581,36.2112693019284],[128.25985443213554,36.21160247549691],[128.25949722438244,36.21081115045447],[128.26005968927316,36.21099382839916],[128.2602694120491,36.21076492469352],[128.25993298544142,36.21039305258661],[128.260374443638,36.21032145368823],[128.2608036861343,36.20991010776867],[128.26078497007995,36.20971968833351],[128.26025236937082,36.20949478954286],[128.2605622215727,36.20938339127847],[128.2601987510292,36.20871774963621],[128.25969614868478,36.20903802994005],[128.26028745324354,36.20842296946445],[128.259985767132,36.20791875461283],[128.26055392463962,36.20801174808358],[128.26021292448976,36.20626708615308],[128.2597510773128,36.20597887725307],[128.2600756630904,36.2056627868785],[128.26000876809425,36.20517417781407],[128.2591400626446,36.20479356732412],[128.25856320086177,36.20494210624264],[128.25859061705418,36.20524801149693],[128.25794968913306,36.205944234544255],[128.25706291662422,36.205777911730166],[128.2570223199477,36.20660478051871],[128.25653748598168,36.206698389215774],[128.25677881982674,36.20737686983195],[128.25858155297828,36.20865723067892]],[[128.2597520635052,36.206207074845274],[128.2595373833491,36.206546465941905],[128.2596639513589,36.20712994699714],[128.2591021991908,36.2073520764884],[128.25848378192808,36.208010107125055],[128.25780741971678,36.20795314830562],[128.2597520635052,36.206207074845274]]],[[[128.2607628103993,36.20949423302175],[128.2606841018135,36.208693442204826],[128.26125673978646,36.20809706934398],[128.26057039510727,36.20847507563262],[128.2607628103993,36.20949423302175]]],[[[128.26125673978646,36.20809706934398],[128.2617541354406,36.207911598584246],[128.26298357255004,36.206640127875225],[128.26281474227727,36.206558969092384],[128.26139340795638,36.20762911885103],[128.26125673978646,36.20809706934398]]],[[[128.26208478084223,36.20606371811016],[128.26091319421025,36.20565876249968],[128.26108313811946,36.20631449832382],[128.26208478084223,36.20606371811016]]],[[[128.2610947270199,36.206533517176815],[128.26130486989697,36.207470572677316],[128.26180043180779,36.206917643245184],[128.2610947270199,36.206533517176815]]],[[[128.25936314385797,36.24033792447177],[128.2576100428156,36.24142019532099],[128.25835316953385,36.24244241656927],[128.25932359947356,36.24212612669539],[128.25860850035144,36.24260994586254],[128.25922469726063,36.24323123189055],[128.25957185441254,36.24281713959555],[128.25992233324942,36.241517484173706],[128.2595563811671,36.24112253073245],[128.25975583936315,36.240978421972315],[128.25936314385797,36.24033792447177]]],[[[128.25591184024367,36.20414322706582],[128.25555888422733,36.20434542693141],[128.25583254053282,36.20471178534067],[128.25576920744246,36.20533623955821],[128.25652369718532,36.20495624031374],[128.25652032828023,36.204609936365316],[128.25601518978237,36.20442245274154],[128.25591184024367,36.20414322706582]]],[[[128.25600142523382,36.211586459594976],[128.2550213694374,36.2110462639572],[128.25422188756747,36.21161747534159],[128.25440149038423,36.212083543607065],[128.25504850320675,36.21210799157659],[128.25600142523382,36.211586459594976]]],[[[128.25457337525495,36.20547095949773],[128.25496148556206,36.20588392890479],[128.2558850468064,36.20594578196255],[128.2554079650398,36.20511946937227],[128.25471644206033,36.205125912777056],[128.25457337525495,36.20547095949773]]],[[[128.25355115641324,36.20940766072622],[128.2550788220406,36.21043612839002],[128.25558743773752,36.21003487845337],[128.25510547633073,36.209119400492334],[128.25572764721346,36.20837110452179],[128.25495027696854,36.20796837469162],[128.25355115641324,36.20940766072622]]],[[[128.2542994335652,36.205940743531926],[128.25360836133277,36.20604032820137],[128.25345103647894,36.20628900758505],[128.2540274451316,36.20713387420548],[128.25479614320355,36.20755586381217],[128.25487504031494,36.20729212175606],[128.2556503458807,36.20698102141031],[128.2542994335652,36.205940743531926]]],[[[128.2554116807327,36.24018469009671],[128.25511324137335,36.240207288951396],[128.25547039346208,36.2403810694301],[128.2554116807327,36.24018469009671]]],[[[128.25487729975785,36.20386247922534],[128.2537192976361,36.204165537116715],[128.2538839099542,36.20460925076047],[128.25345041645272,36.20473558538656],[128.2542390793087,36.205138604579176],[128.2553798758435,36.204096683421504],[128.25487729975785,36.20386247922534]]],[[[128.2487631907076,36.23990439293505],[128.24849450193142,36.24163004480793],[128.24762166495387,36.24163208759013],[128.24963098788658,36.24196533710311],[128.25125900478213,36.24262994835506],[128.2515623627191,36.24208884245654],[128.25165442976007,36.24264928498326],[128.25295379015677,36.24300396892975],[128.25335586777982,36.24277280122576],[128.25352865969526,36.24225814849152],[128.25397901269827,36.24211491432128],[128.25396099583043,36.24189424549456],[128.25494526707902,36.2416847023487],[128.25506620816225,36.24113459110042],[128.255359570108,36.240924426386826],[128.25482551449446,36.24050290416056],[128.25384970586822,36.24064548384159],[128.2537894204701,36.240981117831815],[128.25345435004385,36.241130551455825],[128.25183124958951,36.24101572973492],[128.25162872886202,36.240134218540156],[128.2487631907076,36.23990439293505]]],[[[128.25046585588584,36.209396715191254],[128.25107378010532,36.20989969324699],[128.2504876945146,36.20969495609103],[128.24973151239388,36.20988085209418],[128.24960026350942,36.21012428073081],[128.24998259698674,36.210781895647436],[128.24980808696924,36.21118721780235],[128.25067925650777,36.21183348867188],[128.25168319337135,36.210802083045344],[128.25159557486808,36.21046862742485],[128.2520699359295,36.21049452684298],[128.25190864846795,36.21080731838004],[128.25213963866082,36.2112020160795],[128.25177745139933,36.211874437951536],[128.2512103512335,36.211750616269214],[128.25095121551445,36.211945711943486],[128.25152007879962,36.212337358361346],[128.2531369832964,36.21225726639669],[128.25466298986177,36.21084284829161],[128.25308826806824,36.209753461141155],[128.25281084020384,36.20985778723919],[128.2529080445794,36.20959969949189],[128.25136785458898,36.20856134497724],[128.25046585588584,36.209396715191254]],[[128.25214947912477,36.21033291301153],[128.25230635151,36.21002551972523],[128.25266864182294,36.20994449629288],[128.25214947912477,36.21033291301153]]],[[[128.25327724297094,36.20621844404513],[128.2537361927125,36.20561039473183],[128.25268897984157,36.20524276872533],[128.25278708077545,36.2056197633729],[128.252222190987,36.20556881318181],[128.25327724297094,36.20621844404513]]],[[[128.2531987499683,36.20823144242888],[128.25280668336907,36.2081407779296],[128.25273371775805,36.20847764778481],[128.25224043023513,36.20814176758856],[128.25189058824114,36.20818481133871],[128.253275123936,36.20919425856895],[128.25362174641148,36.20873389299918],[128.2531987499683,36.20823144242888]]],[[[128.2521997284138,36.207031180057875],[128.2523110481804,36.206823311438086],[128.25189371442994,36.206138704795464],[128.2514367092495,36.205902270299774],[128.2517463992751,36.20638817119503],[128.25089928426672,36.20615737816897],[128.25052880003545,36.20636424863434],[128.25087513234715,36.20674655621739],[128.2521997284138,36.207031180057875]]],[[[128.2491721015521,36.24304185633822],[128.24899386122627,36.24268777862293],[128.24681028346137,36.242650748475526],[128.2466772393886,36.24288142738237],[128.24731446019862,36.24446958666344],[128.24669891216595,36.24387913884511],[128.24659968322226,36.244232950951286],[128.2468929348011,36.24466371295635],[128.2445111486682,36.24536896405816],[128.24450427474474,36.246105340776865],[128.24509062460123,36.247088601519046],[128.2453085139138,36.24803398331414],[128.24602534547716,36.247783772091104],[128.24623879776038,36.24739883586781],[128.2452264912015,36.24703607225664],[128.2455275695794,36.2466398502526],[128.24736716105414,36.246290169767825],[128.24762650569355,36.245311278742],[128.24807311396668,36.24584817194084],[128.24830273831896,36.24548194767143],[128.24906952224765,36.24536992697648],[128.2499453027728,36.24470733366094],[128.2500952206405,36.243935766285304],[128.2512674400855,36.243705071726296],[128.24989614916575,36.24310188877589],[128.2491721015521,36.24304185633822]]],[[[128.24925800956478,36.20874108899732],[128.24859220111455,36.20886234131265],[128.24987843650666,36.20945197683861],[128.25001497819855,36.209241939195216],[128.24925800956478,36.20874108899732]]],[[[128.24905509613302,36.2461745224048],[128.24858872654247,36.24619266877447],[128.24864532526107,36.246837159355685],[128.24905509613302,36.2461745224048]]],[[[128.24745349981924,36.241233032092445],[128.2478935998028,36.241437276484234],[128.24805539789693,36.241344267715576],[128.24745349981924,36.241233032092445]]],[[[128.24754984837932,36.24668507788933],[128.24755707528877,36.24641543886093],[128.24720209897265,36.24660423856968],[128.24720590337276,36.24684370260402],[128.24754984837932,36.24668507788933]]],[[[128.2465678167194,36.247210118472005],[128.2469538988608,36.246962407471784],[128.24663873070733,36.24695645785084],[128.2465678167194,36.247210118472005]]],[[[128.2456985658626,36.24335010679407],[128.2454875853971,36.24337336592273],[128.2456030681137,36.24434234685133],[128.24593391976111,36.2448099463735],[128.2463312300975,36.24466134588818],[128.2456985658626,36.24335010679407]]],[[[128.24443619700872,36.24007826330385],[128.24429422238754,36.24059529819721],[128.24368963876512,36.24105215199292],[128.24276668550135,36.24100155131889],[128.2425859692982,36.241604301477786],[128.2408120896263,36.241983168203085],[128.23974797802882,36.243086444215486],[128.24000997396112,36.24325198270508],[128.24127052136677,36.24283448838407],[128.2420391184362,36.24219571722812],[128.24330963536244,36.24164183866916],[128.24580930278438,36.24143560494852],[128.24492672277185,36.24008515972023],[128.24443619700872,36.24007826330385]]],[[[128.2453020838445,36.242806833993505],[128.24551162854195,36.24312161401822],[128.24579790542663,36.242568304038386],[128.24496665000007,36.242448776836554],[128.24334519166024,36.24280827659509],[128.24369821765995,36.24367536299125],[128.24386764098318,36.24357707921709],[128.24381383678536,36.24291833673134],[128.2453020838445,36.242806833993505]]],[[[128.24562802794875,36.203608335431824],[128.24281876011491,36.201738088754375],[128.2445278518004,36.20307449776403],[128.24510848846683,36.20383902666446],[128.24562802794875,36.203608335431824]]],[[[128.24451229878926,36.202136008541004],[128.24472983867054,36.202505867567226],[128.24558762788166,36.20291164084918],[128.24511745488897,36.20226969209751],[128.24451229878926,36.202136008541004]]],[[[128.2442928762708,36.24512764525296],[128.24490248171935,36.24499992611744],[128.2447574854147,36.24453207401153],[128.24440263083244,36.243925127322555],[128.24384545713534,36.24396481761722],[128.2442928762708,36.24512764525296]]],[[[128.24341878665314,36.246614142893065],[128.2430847599829,36.24650733146482],[128.24336235058203,36.24724552204512],[128.24369593213478,36.247142342873836],[128.24341878665314,36.246614142893065]]],[[[128.2406272183464,36.19985591660708],[128.2412420139834,36.20027463788681],[128.24156862882938,36.20022061484575],[128.2406272183464,36.19985591660708]]],[[[128.24133062891198,36.2016237934345],[128.24110783481916,36.201236941960126],[128.24054409771975,36.201139926532875],[128.24133062891198,36.2016237934345]]],[[[128.240067897938,36.19990996424805],[128.24048031927552,36.200699494499744],[128.24106548491022,36.200831017039235],[128.24118473996015,36.200661663762325],[128.240067897938,36.19990996424805]]],[[[128.24094307497148,36.203171666306716],[128.24056725007128,36.20317966577654],[128.24072191302662,36.20349667345873],[128.24094307497148,36.203171666306716]]],[[[128.23990568173198,36.20535287560138],[128.240106859479,36.20479885356609],[128.23748677121898,36.20391483044939],[128.2371470673659,36.20398683295987],[128.23693089201515,36.204465800731526],[128.23990568173198,36.20535287560138]]],[[[128.23794474787994,36.24356575100274],[128.23688173485684,36.24456799411382],[128.23782073267074,36.24467711684633],[128.23684881055706,36.24461339121664],[128.23657641864318,36.24497666072876],[128.23601885708933,36.24489231011474],[128.23509042938989,36.24598325999342],[128.23235031264167,36.24676100798356],[128.23280317908942,36.24710186197379],[128.23269596656144,36.24778321342002],[128.23378399709634,36.24779900877117],[128.23405387016675,36.24803389858522],[128.235112617299,36.24794131992406],[128.23562787108418,36.247506411180254],[128.23656317251434,36.24742144969217],[128.23818283531008,36.24455453315498],[128.23936361116782,36.243728042867254],[128.23892459255208,36.24314661543934],[128.23794474787994,36.24356575100274]]],[[[128.23697410904128,36.20210457330892],[128.23686163228905,36.202854837542354],[128.23717853886077,36.20292162259592],[128.23748524148328,36.202183327390074],[128.2373429811688,36.201843697347364],[128.23697410904128,36.20210457330892]]],[[[128.2359459533332,36.20244829233994],[128.2363158156395,36.202269133791596],[128.23628476483827,36.20171946309993],[128.2359459533332,36.20244829233994]]]]}}],"summary":[{"id":"history","name":"구미시 실제 침수흔적","riskLevel":"실제 침수이력","note":"2012·2018년 공식 등록 24건","color":"#dc2626","datasetType":"history","defaultEnabled":true,"featureCount":24,"availableYears":[2012,2018],"disasterNames":["16호태풍산바","2018년 국지성 집중호우"]},{"id":"river","name":"50년 빈도 지방하천 하천범람구역","riskLevel":"50년 빈도 예상","note":"지방하천 하천범람 시뮬레이션 · 선택 레이어","color":"#2563eb","datasetType":"scenario","defaultEnabled":false},{"id":"urban","name":"50년 빈도 도시침수구역","riskLevel":"50년 빈도 예상","note":"도시침수 시뮬레이션 · 선택 레이어","color":"#d97706","datasetType":"scenario","defaultEnabled":false}],"dataNotice":"행정안전부 침수흔적도 API의 구미시 실제 이력을 기본으로 사용합니다. 사용자가 선택하면 50년 빈도 하천범람·도시침수 예상지도도 함께 표시하고 우회 판정에 반영합니다.","generatedAt":"2026-09-30T04:15:58.679598+00:00"}